Hours_Studied,Attendance,Parental_Involvement,Access_to_Resources,Extracurricular_Activities,Sleep_Hours,Previous_Scores,Motivation_Level,Internet_Access,Tutoring_Sessions,Family_Income,Teacher_Quality,School_Type,Peer_Influence,Physical_Activity,Learning_Disabilities,Parental_Education_Level,Distance_from_Home,Gender,Exam_Score
22,79,Medium,Low,No,6,59,Low,Yes,1,Medium,Low,Private,Negative,3,No,High School,Moderate,Female,45
14,87,Medium,Medium,No,9,90,Medium,Yes,0,High,Medium,Private,Positive,4,No,College,Moderate,Female,61
25,73,Medium,High,Yes,6,83,Medium,No,4,Low,Medium,Private,Neutral,5,No,College,Near,Female,71
26,60,High,Low,Yes,7,74,Medium,Yes,2,High,High,Public,Neutral,2,No,High School,Near,Female,60
8,68,Medium,Medium,Yes,6,84,Medium,Yes,1,Low,Medium,Private,Negative,3,No,College,Near,Male,39
12,79,High,Medium,No,7,75,Medium,Yes,0,High,Medium,Private,Neutral,2,No,High School,Near,Male,48
21,81,Low,Medium,No,6,72,High,Yes,1,Medium,Medium,Private,Positive,3,No,Postgraduate,Near,Male,64
18,99,High,Low,Yes,6,64,Medium,No,2,Low,Low,Public,Negative,5,No,High School,Moderate,Male,56
20,86,Low,High,No,6,67,Medium,Yes,1,Medium,Low,Public,Neutral,3,No,High School,Far,Male,55
15,81,Medium,Medium,Yes,8,66,Low,Yes,2,Medium,Medium,Public,Positive,2,No,College,Moderate,Female,49
25,80,Low,Medium,Yes,7,72,Medium,Yes,0,Medium,High,Private,Neutral,4,No,College,Near,Female,65
25,92,High,High,No,8,47,Low,Yes,0,Low,Low,Public,Neutral,3,No,College,Near,Male,57
20,74,High,High,Yes,6,85,Low,Yes,0,Low,Medium,Public,Negative,3,No,High School,Near,Female,57
27,78,Medium,Medium,Yes,7,97,Medium,Yes,1,Low,Medium,Public,Negative,4,No,High School,Near,Male,76
23,68,Medium,High,Yes,8,66,Medium,Yes,0,Medium,Medium,Private,Neutral,1,No,High School,Moderate,Male,50
15,96,Medium,Low,Yes,8,87,Low,Yes,2,Low,Medium,Public,Neutral,1,No,Postgraduate,Near,Female,63
22,84,Low,High,No,5,70,High,Yes,4,Medium,High,Public,Negative,2,No,College,Near,Male,67
14,72,High,Medium,Yes,7,64,Medium,Yes,0,Medium,Medium,Public,Neutral,3,No,Postgraduate,Moderate,Male,45
25,79,Low,High,Yes,6,67,High,Yes,3,Low,Medium,Public,Neutral,4,No,College,Moderate,Male,67
20,86,High,Medium,Yes,8,73,High,No,1,Medium,Low,Public,Negative,2,No,College,Near,Female,61
19,77,High,Low,No,10,63,Medium,Yes,3,Medium,Medium,Public,Negative,2,No,High School,Near,Female,50
16,74,Low,Medium,Yes,4,80,Medium,Yes,1,Medium,Medium,Public,Positive,3,No,High School,Near,Female,51
27,73,Medium,High,Yes,6,65,High,Yes,1,Medium,High,Public,Positive,2,Yes,College,Far,Male,59
19,84,High,Medium,No,7,58,Medium,Yes,0,Medium,Medium,Private,Positive,2,No,College,Near,Male,55
17,76,High,High,No,7,72,Medium,Yes,6,Low,Medium,Public,Negative,3,No,,Far,Male,60
18,75,Medium,Low,No,8,63,Medium,Yes,0,Medium,Low,Public,Neutral,4,No,Postgraduate,Near,Female,47
23,65,Low,Low,Yes,7,68,Medium,No,0,Low,High,Public,Negative,4,No,High School,Near,Female,44
22,81,Low,Medium,No,6,71,High,Yes,2,Medium,Medium,Public,Neutral,3,No,High School,Near,Female,63
22,78,High,Medium,Yes,6,55,Low,Yes,2,Medium,Medium,Public,Positive,3,No,High School,Moderate,Male,54
23,76,Medium,Medium,No,5,91,Low,Yes,2,Medium,Medium,Public,Neutral,3,Yes,High School,Near,Male,61
33,82,Medium,High,No,6,83,Medium,Yes,0,Medium,Low,Public,Neutral,3,No,College,Moderate,Male,80
18,88,Medium,Medium,No,6,64,High,Yes,2,Low,Medium,Private,Neutral,5,No,High School,Moderate,Female,59
17,88,Medium,Medium,No,8,72,High,No,0,Medium,Low,Public,Neutral,6,No,High School,Near,Female,54
15,86,Low,Medium,No,7,80,Medium,Yes,2,Medium,High,Public,Positive,5,Yes,High School,Near,Male,55
24,77,Medium,High,No,6,75,Medium,Yes,3,Low,High,Public,Neutral,4,No,College,Near,Male,70
27,74,High,Medium,Yes,6,96,Medium,Yes,2,Low,High,Public,Neutral,2,No,High School,Near,Male,79
19,69,Medium,High,Yes,6,69,Low,Yes,2,High,Low,Public,Positive,3,No,College,Near,Female,53
15,73,Low,Medium,Yes,6,87,Low,Yes,0,High,Medium,Public,Neutral,3,No,High School,Near,Female,49
15,80,High,Medium,No,6,55,High,No,1,Low,Medium,Public,Neutral,3,No,Postgraduate,Far,Female,43
24,71,Medium,Low,Yes,8,57,High,Yes,1,Low,Medium,Public,Neutral,5,No,College,Far,Female,52
24,81,Medium,Medium,No,9,94,Low,Yes,3,High,Medium,Public,Positive,5,No,High School,Near,Male,79
23,69,High,High,Yes,5,66,Medium,Yes,1,Medium,Medium,Public,Neutral,4,No,College,Near,Female,57
16,62,Medium,High,Yes,9,57,High,Yes,0,Low,Low,Public,Positive,6,No,High School,Near,Female,38
21,89,High,Low,Yes,8,71,Medium,Yes,4,Medium,Low,Private,Positive,4,No,College,Moderate,Male,69
21,75,High,High,Yes,7,88,Medium,Yes,1,Low,Medium,Public,Neutral,5,No,High School,Far,Male,67
21,71,Medium,Low,No,9,62,Low,Yes,3,Medium,High,Public,Positive,4,Yes,College,Near,Female,43
25,68,Medium,Medium,No,7,71,Medium,Yes,2,Low,Low,Public,Negative,3,No,College,Far,Male,55
21,85,Medium,Medium,Yes,8,48,Medium,Yes,1,Low,Medium,Public,Neutral,5,No,High School,Near,Male,50
24,95,Medium,Medium,No,7,66,Medium,Yes,4,Low,Medium,Private,Neutral,2,No,College,Near,Male,72
20,76,Medium,Medium,No,7,85,Medium,Yes,0,High,High,Public,Positive,1,No,High School,Near,Male,62
22,78,Medium,Medium,No,8,62,Medium,Yes,0,Low,Medium,Public,Negative,2,No,High School,Moderate,Female,49
24,92,High,Medium,Yes,7,55,Medium,Yes,2,Medium,Medium,Private,Neutral,2,No,High School,Moderate,Female,63
11,60,Medium,Medium,Yes,8,62,Medium,Yes,1,Low,Medium,Public,Positive,4,No,College,Near,Male,33
18,100,High,Medium,No,6,64,Low,Yes,2,Low,Low,Public,Positive,5,No,College,Moderate,Male,65
17,100,Medium,Medium,No,6,82,Medium,Yes,2,Low,Medium,Public,Positive,2,No,College,Moderate,Male,72
16,60,Medium,Medium,Yes,6,77,Medium,Yes,0,Low,,Private,Neutral,2,No,High School,Far,Female,41
18,79,Low,Low,No,6,79,Low,Yes,3,Medium,Medium,Private,Neutral,2,Yes,College,Near,Female,48
29,72,Medium,Medium,No,8,72,High,Yes,1,Medium,Medium,Public,Neutral,3,No,High School,Moderate,Female,66
15,77,Medium,Medium,Yes,6,64,Medium,No,4,Low,Medium,Public,Neutral,3,No,,Moderate,Female,48
26,75,Low,Low,Yes,8,62,Medium,Yes,1,High,Medium,Public,Neutral,3,No,College,Moderate,Male,56
10,89,High,Low,No,7,78,High,Yes,3,Medium,Medium,Public,Neutral,2,No,Postgraduate,Far,Male,57
18,79,Medium,High,Yes,6,93,Low,No,2,High,High,Public,Neutral,2,No,College,Near,Male,65
21,70,Medium,High,Yes,9,60,Low,Yes,1,Medium,Medium,Public,Negative,2,Yes,High School,Near,Female,38
24,78,High,Medium,Yes,8,59,Low,Yes,2,Low,Medium,Private,Negative,3,No,Postgraduate,Near,Female,56
24,86,Medium,High,No,7,57,High,Yes,3,Low,Low,Public,Neutral,2,No,College,Moderate,Male,64
25,67,Medium,High,No,7,83,Medium,Yes,2,Low,Medium,Private,Neutral,2,No,High School,Moderate,Male,65
18,62,Medium,Medium,Yes,7,71,Medium,Yes,1,Medium,Medium,Public,Positive,4,No,High School,Far,Male,45
17,100,Low,Low,No,5,79,Low,Yes,1,Medium,Medium,Public,Positive,5,No,Postgraduate,Moderate,Female,64
25,73,Medium,Medium,No,6,65,Low,Yes,0,Low,High,Public,Positive,3,No,High School,Moderate,Female,53
19,78,Low,High,No,8,80,Medium,Yes,1,High,Medium,Private,Neutral,2,Yes,High School,Near,Male,53
12,76,Low,Medium,No,5,68,Medium,Yes,3,High,Medium,Public,Neutral,4,No,High School,Moderate,Male,43
13,86,Medium,Low,Yes,6,52,Medium,Yes,1,Low,Medium,Private,Positive,2,Yes,College,Near,Male,33
14,100,Low,High,No,6,84,Medium,Yes,3,Low,High,Public,Neutral,5,No,College,Near,Female,71
23,86,High,High,Yes,10,72,High,No,0,High,Medium,Public,Positive,4,No,High School,Moderate,Male,66
21,63,Medium,Medium,No,8,68,High,Yes,3,High,Medium,Private,Negative,2,Yes,College,Moderate,Female,46
24,65,Medium,High,Yes,9,76,Medium,Yes,1,Medium,Low,Public,Negative,3,No,High School,Moderate,Male,54
17,76,High,Medium,Yes,6,53,Medium,Yes,1,High,Low,Private,Positive,1,No,High School,Far,Female,43
21,77,Medium,High,No,8,78,High,Yes,0,High,Low,Public,Positive,3,No,College,Near,Female,65
24,61,Medium,High,Yes,5,64,Medium,No,0,High,Medium,Public,Positive,3,No,Postgraduate,Near,Female,52
18,89,Medium,Low,Yes,7,70,Low,Yes,2,Medium,Low,Public,Negative,6,No,Postgraduate,Moderate,Male,56
23,68,High,High,No,8,87,Medium,Yes,3,Medium,Medium,Public,Negative,3,No,High School,Moderate,Male,69
16,96,Low,Medium,Yes,5,80,Low,No,1,Medium,Medium,Public,Positive,3,No,Postgraduate,Moderate,Female,59
18,100,Low,High,Yes,8,70,Low,Yes,3,Medium,Low,Public,Positive,0,No,College,Far,Male,62
18,77,High,High,Yes,8,71,High,Yes,1,Low,Medium,Private,Neutral,4,Yes,College,Far,Female,52
13,85,Low,High,No,6,40,High,Yes,0,Medium,High,Public,Positive,4,No,College,Near,Male,41
23,66,Medium,High,No,6,61,Medium,No,1,Medium,High,Public,Neutral,4,Yes,College,Near,Male,45
17,87,Medium,High,No,6,74,High,Yes,0,Medium,Medium,Public,Neutral,3,No,Postgraduate,Near,Male,64
20,75,Medium,Low,No,7,62,High,Yes,2,High,Medium,Public,Positive,2,No,High School,Moderate,Female,54
23,68,High,Medium,No,7,55,Medium,No,0,High,High,Private,Positive,4,No,Postgraduate,Near,Female,53
23,77,High,Low,Yes,8,78,High,Yes,3,Low,Low,Private,Neutral,3,Yes,College,Near,Female,59
24,75,Low,High,No,6,89,High,Yes,2,Medium,High,Public,Negative,3,No,High School,Moderate,Male,71
19,76,Medium,Medium,No,9,63,Low,Yes,1,Medium,High,Public,Neutral,3,No,College,Far,Female,48
17,90,Medium,Medium,No,9,83,High,Yes,1,Low,Medium,Public,Positive,0,No,Postgraduate,Near,Female,65
20,71,Medium,Low,Yes,7,81,High,Yes,1,Medium,Medium,Private,Negative,2,No,Postgraduate,Near,Female,58
10,99,High,Medium,Yes,7,59,Low,Yes,1,Medium,Medium,Public,Positive,3,No,High School,Moderate,Female,49
11,65,Medium,Medium,Yes,6,63,Medium,Yes,0,High,Low,Public,Positive,4,No,Postgraduate,Far,Male,34
12,98,Low,High,Yes,7,95,Low,Yes,1,Medium,High,Public,Neutral,3,Yes,Postgraduate,Near,Female,62
14,69,High,High,No,8,57,Medium,Yes,0,High,Medium,Public,Neutral,4,No,College,Moderate,Female,41
22,80,High,Medium,No,7,64,Medium,Yes,4,Low,Medium,Public,Neutral,1,No,High School,Near,Male,62
15,75,Low,High,Yes,6,98,Low,Yes,3,Medium,High,Public,Positive,2,No,Postgraduate,Moderate,Male,66
18,76,High,Low,No,7,65,Medium,Yes,0,Medium,Low,Public,Neutral,6,No,High School,Moderate,Male,47
28,89,Low,Low,No,7,90,Medium,Yes,2,Medium,Medium,Public,Positive,4,No,High School,Near,Male,82
18,96,Low,Medium,Yes,6,59,Low,Yes,3,Low,Medium,Public,Negative,5,No,High School,Near,Female,55
24,93,Medium,Medium,No,7,74,Medium,Yes,0,Low,Medium,Public,Positive,3,No,High School,,Male,70
14,76,High,Low,No,6,86,High,Yes,4,Low,Low,Public,Positive,4,No,,Near,Male,63
19,82,Low,Low,Yes,6,66,Low,Yes,1,High,Medium,Public,Positive,4,No,High School,Near,Female,51
14,71,Low,Medium,No,7,73,Medium,Yes,2,High,Low,Private,Positive,6,No,High School,Near,Female,48
18,69,Medium,Low,No,6,82,Low,Yes,0,Low,Medium,Private,Neutral,4,No,High School,Near,Male,48
25,67,Medium,Medium,No,6,60,Low,Yes,5,Medium,High,Public,Neutral,2,No,College,Near,Male,58
10,75,Low,Medium,No,8,100,Medium,Yes,0,Medium,Low,Public,Neutral,2,No,High School,Moderate,Male,48
23,83,Low,High,Yes,6,85,Medium,No,0,Low,High,Public,Positive,3,No,College,Moderate,Male,67
21,60,High,Medium,Yes,10,67,Medium,Yes,1,Medium,Medium,Public,Neutral,0,No,High School,Near,Female,45
16,79,Medium,Low,Yes,8,69,Low,Yes,1,High,High,Public,Positive,3,No,High School,Moderate,Male,49
11,97,High,Low,Yes,6,97,High,Yes,3,Low,High,Public,Positive,4,Yes,High School,Far,Male,66
20,92,Low,Low,Yes,9,67,Low,Yes,1,Low,Medium,Public,Negative,5,No,High School,Near,Female,53
17,74,Medium,High,Yes,6,66,High,Yes,1,High,Medium,Public,Positive,1,No,College,Moderate,Female,55
21,65,High,Medium,Yes,10,87,Medium,Yes,3,Medium,Low,Public,Negative,2,No,High School,Near,Male,58
20,85,Medium,Low,Yes,7,54,Low,Yes,0,Low,Medium,Private,Positive,3,Yes,Postgraduate,Far,Female,42
30,60,Low,High,Yes,8,71,Low,Yes,2,Low,Medium,Public,Neutral,3,No,High School,Near,Male,59
19,92,Medium,High,Yes,7,73,Medium,Yes,2,Medium,,Public,Neutral,3,No,Postgraduate,Far,Male,70
14,78,Medium,Low,Yes,7,63,High,No,3,Medium,Medium,Public,Neutral,4,No,High School,Near,Male,47
21,100,Low,Low,Yes,7,52,Medium,Yes,2,Low,Medium,Public,Positive,3,No,High School,Near,Male,60
21,61,High,High,No,6,73,Medium,Yes,2,Medium,Medium,Public,Positive,5,No,College,Far,Male,57
28,90,Medium,Medium,Yes,7,81,High,Yes,1,Low,High,Public,Neutral,4,No,College,Moderate,Male,80
25,79,Medium,High,Yes,8,63,Low,Yes,1,Medium,Medium,Public,Neutral,2,No,College,Moderate,Male,58
22,76,Low,Low,Yes,5,57,Medium,Yes,2,Low,Low,Private,Positive,3,No,High School,Moderate,Female,45
29,65,Medium,High,Yes,9,88,Low,Yes,2,High,,Public,Negative,4,No,High School,Moderate,Female,71
13,87,Medium,Low,Yes,8,79,High,Yes,2,Low,Medium,Public,Positive,5,No,College,Moderate,Female,59
16,87,High,Medium,Yes,6,67,High,Yes,1,Low,Medium,Public,Positive,3,No,High School,Moderate,Male,59
14,100,Medium,High,No,6,84,Low,Yes,1,Medium,Low,Public,Neutral,4,No,High School,Near,Male,65
18,91,High,Medium,No,10,75,Low,Yes,2,Low,Low,Private,Positive,2,Yes,High School,Near,Female,54
12,73,Medium,Low,No,8,95,Medium,Yes,1,Medium,Low,Public,Positive,4,No,College,Near,Female,54
24,69,Medium,Low,No,9,81,Medium,Yes,1,Low,Medium,Private,Negative,2,No,High School,Far,Male,53
19,65,High,High,No,7,54,Medium,Yes,1,Low,Medium,Public,Positive,2,No,High School,Moderate,Male,44
11,96,Medium,Low,Yes,8,63,Medium,Yes,2,Medium,High,Private,Neutral,5,No,High School,Moderate,Male,51
14,71,Medium,Medium,Yes,7,64,Low,No,1,High,Low,Private,Positive,4,No,College,Moderate,Male,38
22,96,High,Low,No,7,76,Medium,Yes,2,Low,Medium,Private,Positive,5,Yes,,Moderate,Female,67
25,86,High,Low,Yes,7,68,Low,Yes,1,Low,,Public,Negative,6,No,High School,Near,Female,62
32,84,Low,High,No,9,57,Medium,No,3,Medium,Medium,Private,Negative,4,No,Postgraduate,Near,Male,70
37,77,Low,Low,Yes,9,80,Medium,Yes,1,High,Medium,Public,Positive,3,No,High School,Near,Female,80
22,87,Medium,Medium,Yes,7,85,Medium,Yes,2,Medium,Low,Private,Neutral,2,No,Postgraduate,Moderate,Male,71
14,80,High,Medium,Yes,5,71,High,No,2,Medium,Low,Public,Positive,2,No,Postgraduate,Moderate,Female,54
7,76,Medium,Low,No,9,75,Medium,Yes,0,Low,Medium,Public,Negative,3,No,College,Moderate,Female,33
22,88,Medium,Medium,No,9,59,Medium,Yes,2,Low,Medium,Private,Positive,3,Yes,College,Near,Female,54
15,78,Medium,Medium,No,8,65,High,Yes,2,Low,Low,Private,Positive,4,No,College,Moderate,Female,50
18,71,Low,High,Yes,10,66,Medium,Yes,2,Low,High,Private,Neutral,2,No,High School,Moderate,Female,46
16,87,Low,High,Yes,7,79,High,Yes,1,Medium,High,Public,Neutral,2,No,High School,Moderate,Male,63
19,79,Low,High,Yes,6,75,High,Yes,3,Medium,Medium,Public,Negative,3,No,High School,Far,Male,59
26,85,Low,Medium,Yes,5,68,Medium,Yes,0,Medium,Medium,Public,Neutral,1,No,High School,Far,Male,60
21,75,Medium,High,No,5,67,Low,Yes,0,Medium,Medium,Public,Neutral,5,No,High School,Moderate,Female,52
19,67,Medium,Medium,Yes,7,46,Low,Yes,2,Low,High,Public,Neutral,4,No,College,Moderate,Male,38
14,99,Low,Medium,Yes,6,93,Medium,Yes,0,Medium,Low,Public,Negative,3,No,High School,Far,Male,60
10,97,Medium,Low,No,6,45,Low,Yes,0,Medium,High,Public,Negative,2,No,High School,Near,Female,34
17,90,Medium,Low,Yes,7,77,Medium,Yes,1,Low,Medium,Public,Positive,3,No,College,Near,Female,61
20,76,Medium,Low,No,8,72,Low,Yes,1,High,Low,Public,Neutral,4,No,College,Near,Male,52
31,77,Medium,Low,No,6,69,Low,Yes,2,Medium,High,Public,Positive,2,No,High School,Moderate,Male,67
21,95,Low,High,No,6,72,Medium,Yes,2,High,High,Public,Negative,1,No,College,Near,Male,69
26,76,Medium,High,Yes,6,63,Low,Yes,0,Medium,Medium,Public,Negative,4,No,High School,Near,Male,56
17,73,Low,Low,Yes,8,80,Low,Yes,3,High,Medium,Public,Neutral,3,No,College,Near,Male,53
13,100,Low,High,No,7,55,Medium,Yes,3,Low,Medium,Public,Positive,2,Yes,High School,Near,Female,49
14,79,Low,Medium,Yes,7,76,High,Yes,1,High,Medium,Private,Positive,6,No,College,Moderate,Female,56
16,99,Medium,Medium,Yes,9,63,Medium,Yes,1,High,Low,Public,Positive,2,No,College,Moderate,Male,57
33,65,Low,High,Yes,10,66,High,Yes,1,Low,Medium,Public,Positive,5,No,High School,Far,Male,67
15,86,Medium,Medium,Yes,8,67,Low,Yes,2,Medium,High,Private,Neutral,4,No,College,Near,Male,54
25,100,Low,Medium,Yes,8,70,High,Yes,1,Low,High,Private,Positive,3,No,High School,Near,Male,76
15,80,Low,Low,No,5,79,Medium,No,2,Medium,Low,Private,Neutral,6,Yes,High School,Moderate,Male,41
26,77,High,Low,Yes,8,72,Medium,Yes,2,High,High,Private,Negative,4,No,High School,Near,Male,66
22,67,Medium,High,Yes,7,84,Medium,Yes,0,Low,Low,Private,Neutral,2,No,High School,Moderate,Male,57
19,92,Low,Low,No,8,86,High,Yes,1,Medium,,Public,Positive,2,No,College,Moderate,Male,69
20,72,Medium,Low,No,6,76,Low,Yes,2,Low,Medium,Private,Positive,2,No,College,Near,Male,53
16,79,Low,Low,Yes,7,81,Medium,Yes,2,Medium,Medium,Private,Neutral,3,No,High School,Moderate,Male,52
23,66,High,Medium,Yes,8,98,High,Yes,3,Low,Medium,Public,Neutral,2,No,College,Far,Female,72
17,97,Low,Medium,Yes,10,54,Medium,Yes,4,High,Low,Public,Positive,0,No,College,Near,Male,57
13,93,Medium,High,Yes,9,86,Medium,Yes,3,Low,High,Public,Positive,2,No,High School,Moderate,Male,67
12,80,High,Medium,No,9,92,Low,Yes,1,Low,High,Private,Neutral,4,No,College,Moderate,Male,56
21,67,Low,High,Yes,8,78,Low,Yes,2,High,Low,Public,Negative,5,No,College,Near,Male,55
29,97,Low,Medium,No,6,97,Medium,Yes,2,Medium,High,Public,Neutral,4,No,College,Near,Female,93
21,76,Medium,Medium,Yes,8,95,Medium,Yes,1,Medium,High,Public,Neutral,3,No,College,Near,Female,70
19,68,High,Low,Yes,6,68,Low,Yes,0,Medium,Low,Private,Neutral,4,Yes,High School,Near,Female,36
22,61,Medium,Low,No,7,69,High,Yes,1,High,Low,Public,Negative,5,No,High School,Near,Male,48
28,73,Medium,High,Yes,9,79,Medium,No,0,High,Medium,Public,Positive,4,No,High School,Near,Female,67
21,64,Low,High,Yes,8,64,Low,Yes,1,Low,Medium,Private,Positive,3,No,College,Near,Male,47
18,73,Medium,Medium,Yes,7,100,Low,Yes,3,Low,Medium,Public,Positive,5,No,Postgraduate,Far,Female,69
27,88,Medium,High,Yes,7,82,High,Yes,3,Medium,Medium,Public,Neutral,2,No,College,Near,Female,83
23,76,Medium,High,Yes,7,73,High,Yes,0,Medium,High,Private,Neutral,4,No,High School,Moderate,Male,64
29,84,Low,Low,No,4,54,High,Yes,2,Low,Medium,Public,Positive,0,No,High School,Far,Male,59
21,72,Medium,Medium,No,5,75,Medium,No,2,Low,Medium,Public,Positive,3,Yes,Postgraduate,Moderate,Male,49
13,81,Low,High,Yes,8,57,High,Yes,3,Medium,Medium,Private,Positive,0,No,College,Near,Male,49
12,100,Medium,High,Yes,6,82,Low,Yes,1,High,High,Public,Neutral,4,No,College,Near,Male,65
30,76,Medium,Low,Yes,7,40,Low,No,0,Low,Medium,Private,Positive,2,No,High School,Near,Female,45
30,84,High,Low,Yes,5,90,Low,Yes,2,Low,Low,Public,Positive,4,No,High School,Moderate,Male,79
19,63,High,Medium,Yes,6,66,Medium,Yes,1,Low,Medium,Public,Positive,2,No,College,Near,Male,47
18,97,Medium,Low,No,7,50,Low,Yes,2,Medium,High,Public,Positive,2,Yes,High School,Near,Male,47
29,75,Medium,Low,No,8,72,Medium,No,3,High,Medium,Public,Neutral,2,No,High School,Near,Female,65
13,92,Low,Medium,No,9,72,Low,Yes,0,Low,Medium,Public,Negative,4,No,Postgraduate,Moderate,Male,48
15,79,High,Medium,No,6,71,Medium,Yes,4,Medium,Medium,Private,Neutral,3,No,High School,Moderate,Female,55
24,87,Medium,Low,Yes,7,90,High,Yes,1,Medium,Medium,Public,Neutral,2,No,Postgraduate,Near,Female,77
18,87,Medium,Medium,Yes,5,77,Medium,Yes,3,High,Medium,Public,Negative,3,No,College,Moderate,Male,63
20,75,Medium,Low,No,7,82,Medium,Yes,3,Low,Low,Public,Neutral,2,Yes,College,Near,Female,53
19,92,High,Medium,Yes,8,69,Low,Yes,3,High,Medium,Public,Neutral,2,No,Postgraduate,Near,Female,66
22,72,High,High,No,7,78,Low,Yes,1,High,Medium,Public,Positive,2,No,High School,Moderate,Female,62
28,89,High,High,Yes,9,55,Medium,Yes,2,High,High,Private,Neutral,2,No,High School,Near,Male,71
21,76,Medium,Low,Yes,8,75,Low,Yes,0,Medium,High,Public,Negative,4,No,High School,Moderate,Male,51
24,84,Medium,High,No,7,62,High,Yes,1,Low,Low,Public,Positive,4,No,College,Moderate,Female,66
8,75,High,High,Yes,7,89,High,Yes,6,Medium,Medium,Public,Neutral,1,No,High School,,Male,59
20,81,Medium,Medium,No,6,73,Low,Yes,4,Low,Low,Public,Neutral,3,No,High School,Far,Male,56
15,68,Medium,High,No,5,81,Low,Yes,2,Low,High,Public,Positive,6,No,Postgraduate,Far,Female,55
13,83,Medium,Low,Yes,5,75,Low,Yes,3,High,Medium,Public,Positive,5,No,College,Far,Male,52
15,80,Medium,Low,Yes,8,95,High,Yes,1,High,High,Private,Neutral,6,No,High School,Near,Female,66
18,74,Medium,High,Yes,9,52,Low,Yes,3,Low,High,Private,Neutral,2,Yes,College,Far,Male,37
25,79,Medium,Medium,Yes,5,71,Medium,No,1,Medium,High,Public,Neutral,3,No,College,Far,Male,60
12,81,High,Medium,Yes,7,60,Medium,Yes,3,Low,,Public,Negative,2,No,College,Moderate,Male,45
20,73,High,Low,Yes,5,45,Medium,Yes,2,Low,Medium,Public,Negative,3,No,High School,Moderate,Male,38
17,79,Medium,Low,No,6,59,Medium,Yes,2,High,Medium,Private,Neutral,3,No,College,Moderate,Male,48
18,69,Low,Low,No,7,87,Medium,Yes,0,High,Medium,Public,Positive,4,No,High School,Moderate,Female,53
26,100,Medium,Low,Yes,6,72,High,Yes,3,Medium,Medium,Public,Neutral,3,No,College,Moderate,Female,78
23,92,Medium,High,Yes,4,69,Low,Yes,2,High,High,Public,Neutral,2,No,High School,Moderate,Female,66
28,83,Medium,Low,No,9,82,Medium,No,2,Low,Medium,Public,Negative,2,No,High School,Moderate,Male,65
19,93,High,High,No,7,74,High,Yes,1,Medium,Medium,Public,Neutral,3,Yes,High School,Moderate,Male,64
16,60,Low,Low,No,5,80,Low,Yes,2,Low,Medium,Public,Neutral,4,No,College,Moderate,Female,39
19,60,Medium,Medium,No,7,76,Medium,Yes,2,Low,Medium,Public,Neutral,4,No,College,Near,Male,51
21,76,High,High,Yes,7,79,Medium,Yes,0,Medium,Medium,Public,Positive,5,No,College,Near,Male,68
21,65,High,Low,Yes,8,66,Low,No,0,Low,High,Public,Neutral,3,Yes,High School,Far,Male,34
13,77,Medium,Low,Yes,7,86,Medium,Yes,1,Low,Medium,Private,Positive,4,No,College,Near,Male,54
21,82,Low,High,Yes,7,56,Low,Yes,4,Low,Medium,Public,Positive,1,Yes,High School,Near,Male,49
21,90,Medium,Low,Yes,8,71,Medium,Yes,0,Medium,Low,Private,Negative,4,No,College,Near,Male,57
35,67,Medium,Low,No,5,86,Medium,Yes,1,Low,Medium,Public,Positive,4,Yes,Postgraduate,Near,Female,70
31,84,Medium,High,Yes,6,70,Medium,Yes,3,Low,Medium,Public,Neutral,5,No,High School,Near,Male,79
15,80,Medium,Medium,Yes,8,66,Medium,No,1,Low,High,Public,Neutral,6,No,College,Far,Male,47
18,84,Medium,Medium,Yes,6,100,Medium,No,0,Low,Medium,Private,Neutral,2,No,High School,Moderate,Male,64
11,74,Medium,Low,Yes,7,90,Low,No,3,Medium,Medium,Private,Neutral,4,No,College,Near,Female,50
16,95,Medium,Low,Yes,6,74,Low,Yes,1,Low,Low,Private,Neutral,3,No,High School,Near,Female,53
22,79,Medium,Medium,No,6,59,Low,Yes,0,Medium,Medium,Private,Positive,2,No,Postgraduate,Near,Male,52
27,100,Medium,Medium,No,6,46,High,Yes,0,Low,High,Public,Positive,3,Yes,High School,Near,Female,61
16,71,Medium,Low,No,5,81,Medium,Yes,3,Low,Medium,Private,Neutral,2,No,High School,Near,Female,51
16,88,Medium,High,No,8,88,Low,Yes,2,Low,Low,Private,Neutral,3,No,College,Near,Female,65
7,79,High,High,Yes,8,77,Medium,Yes,2,Low,Medium,Private,Positive,3,No,High School,Moderate,Male,47
19,76,Medium,Medium,No,7,50,Medium,Yes,3,Low,Medium,Public,Positive,4,No,Postgraduate,Near,Male,51
14,87,Medium,Medium,No,8,74,Medium,Yes,1,Medium,Medium,Public,Positive,4,No,College,Near,Male,58
17,77,Medium,Medium,Yes,6,66,Medium,Yes,2,Low,High,Public,Neutral,4,No,High School,Moderate,Male,52
15,60,High,Medium,Yes,6,74,Medium,Yes,6,Medium,High,Public,Positive,4,No,College,Near,Female,57
19,60,Medium,Low,Yes,8,97,Medium,Yes,0,Low,Medium,Public,Neutral,3,No,Postgraduate,Moderate,Male,53
9,94,Medium,High,No,8,82,High,Yes,3,Low,Low,Public,Neutral,4,No,High School,Moderate,Male,60
11,94,High,Medium,Yes,7,79,Medium,Yes,1,Low,Medium,Private,Negative,4,No,High School,Far,Male,56
33,100,Low,High,Yes,8,71,Medium,Yes,2,Low,Medium,Private,Neutral,4,No,High School,Near,Female,86
12,80,Medium,High,Yes,5,77,Low,Yes,3,Medium,Medium,Private,Positive,4,No,Postgraduate,Near,Male,55
13,66,Medium,Low,No,7,63,High,Yes,1,Medium,High,Public,Positive,6,No,Postgraduate,Moderate,Female,45
31,75,High,Medium,Yes,8,79,Low,Yes,1,Low,Medium,Public,Neutral,2,No,High School,Moderate,Female,69
37,80,Medium,Medium,Yes,8,69,Medium,Yes,0,Low,High,Private,Positive,4,No,College,Near,Male,81
13,69,Low,Medium,Yes,8,61,Medium,Yes,0,Low,Medium,Public,Positive,3,No,College,Near,Male,36
18,98,High,High,No,8,83,Low,Yes,1,Low,Low,Public,Neutral,1,No,High School,Moderate,Male,67
22,100,Medium,Low,Yes,6,43,Low,Yes,3,Medium,High,Public,Positive,1,No,Postgraduate,Near,Female,60
30,85,Medium,Medium,Yes,5,65,Medium,Yes,1,High,Medium,Public,Neutral,1,No,College,Moderate,Male,69
14,80,Low,High,No,7,80,Medium,Yes,2,Medium,Low,Public,Negative,3,No,Postgraduate,Moderate,Male,54
19,66,Low,High,No,8,88,High,Yes,0,Low,Medium,Public,Negative,1,No,College,Far,Male,53
25,97,Medium,Low,No,8,78,Medium,Yes,0,Low,Medium,Public,Negative,3,No,College,Near,Male,71
23,81,Medium,High,No,6,63,High,Yes,3,Medium,Medium,Private,Positive,3,No,High School,Moderate,Female,66
18,77,High,Low,No,6,71,Medium,Yes,3,High,High,Public,Positive,2,No,College,Near,Female,60
19,85,Medium,Medium,No,6,76,Medium,Yes,1,Low,Low,Public,Positive,3,No,Postgraduate,Far,Female,60
12,74,Medium,Low,Yes,6,92,High,Yes,0,Low,High,Public,Neutral,4,No,College,Near,Male,54
19,82,Low,Medium,Yes,4,84,High,Yes,5,Medium,Medium,Public,Neutral,2,No,High School,Near,Male,68
18,64,Medium,Low,Yes,6,84,Low,Yes,3,Medium,Low,Public,Negative,3,No,College,Far,Male,48
21,92,Low,Low,Yes,7,73,Medium,Yes,2,High,High,Public,Neutral,0,No,College,Near,Female,66
17,79,Medium,Medium,No,7,58,Low,Yes,1,Medium,High,Private,Positive,3,No,Postgraduate,Moderate,Male,48
23,93,Low,High,Yes,7,54,High,Yes,0,Low,Medium,Public,Neutral,5,Yes,College,Near,Male,56
26,78,Medium,Medium,Yes,6,68,Medium,Yes,1,Medium,Medium,Private,Neutral,4,No,High School,Near,Male,62
21,79,Medium,Medium,Yes,6,81,Medium,No,3,Low,Medium,Public,Positive,3,Yes,College,Moderate,Male,57
22,67,High,Medium,No,6,65,High,Yes,2,High,Medium,Public,Positive,3,No,High School,Far,Female,57
20,88,Low,Medium,Yes,8,79,Medium,No,0,Medium,Medium,Public,Neutral,5,Yes,College,Far,Male,53
20,70,Medium,Low,Yes,7,62,Medium,No,0,High,Medium,Public,Positive,4,No,High School,Moderate,Male,45
16,75,Medium,Low,Yes,10,64,Medium,No,1,Low,Medium,Public,Neutral,3,No,High School,Near,Male,38
22,80,Low,Medium,Yes,7,90,Low,Yes,0,Medium,Medium,Public,Positive,4,No,College,Near,Male,67
19,81,Low,High,No,8,82,Low,Yes,4,Medium,Low,Private,Positive,2,No,College,Near,Male,66
33,61,Medium,Low,Yes,7,68,Medium,Yes,1,Low,Medium,Public,Neutral,3,No,College,Far,Male,59
29,77,Medium,Medium,Yes,7,61,Low,Yes,3,Medium,Medium,Private,Neutral,2,No,College,Moderate,Male,62
22,89,High,High,Yes,9,84,High,Yes,0,Medium,Low,Public,Negative,4,No,High School,Near,Male,72
15,76,Low,High,Yes,8,83,Medium,No,1,Medium,Medium,Public,Neutral,2,No,High School,Far,Male,48
13,78,Medium,Low,Yes,5,80,Medium,Yes,2,Low,Medium,Public,Neutral,2,No,High School,Near,Female,48
27,82,Medium,High,Yes,6,70,Low,Yes,2,Low,Medium,Public,Neutral,4,No,High School,Near,Male,66
22,79,Medium,Medium,No,7,58,Medium,Yes,1,Low,High,Public,Neutral,0,No,High School,Moderate,Male,50
23,69,Medium,Medium,Yes,6,72,Medium,Yes,0,Low,High,Public,Positive,2,Yes,High School,Near,Male,49
10,80,High,High,Yes,5,90,High,Yes,1,Medium,High,Public,Neutral,2,No,College,,Female,61
26,91,Medium,Low,Yes,7,60,Low,Yes,0,Low,Medium,Public,Neutral,3,No,High School,Near,Male,58
23,68,High,High,Yes,4,73,Low,Yes,3,Low,High,Public,Neutral,3,No,Postgraduate,Near,Male,62
13,76,Medium,Medium,Yes,7,93,Low,Yes,1,Low,High,Public,Negative,5,Yes,High School,Moderate,Male,47
17,65,High,High,Yes,8,68,Medium,Yes,2,High,Low,Public,Negative,2,No,College,Near,Male,47
22,90,High,High,Yes,8,70,Low,Yes,1,Low,High,Public,Neutral,1,Yes,High School,Moderate,Female,58
20,79,High,Medium,No,7,54,Low,Yes,0,Medium,High,Public,Positive,4,No,College,Moderate,Male,52
18,71,Medium,Low,Yes,9,80,Medium,Yes,3,High,Medium,Private,Positive,2,No,High School,Near,Female,57
19,81,High,Low,No,7,62,High,No,1,Medium,Medium,Public,Positive,3,No,High School,Near,Female,55
18,67,Low,High,No,8,52,Medium,Yes,1,Low,High,Public,Negative,2,No,High School,Near,Male,37
21,69,Medium,Medium,Yes,6,60,Medium,Yes,2,Medium,Low,Public,Positive,4,No,College,Near,Female,52
29,64,Medium,High,Yes,9,75,Medium,No,0,High,High,Public,Positive,3,No,Postgraduate,Near,Male,66
5,68,Medium,Medium,No,7,51,Low,Yes,1,Low,High,Public,Positive,3,No,College,Near,Male,22
19,95,Medium,Medium,No,9,54,Medium,Yes,2,High,Medium,Public,Positive,3,No,College,Near,Male,59
21,72,Low,High,Yes,9,79,Medium,Yes,1,Medium,Medium,Public,Positive,2,No,College,Near,Female,61
22,85,Low,High,Yes,7,71,Medium,Yes,1,Medium,Medium,Private,Negative,3,No,,Near,Male,61
18,71,Low,Medium,No,8,60,Medium,Yes,3,Medium,High,Private,Neutral,2,No,Postgraduate,Moderate,Female,48
9,88,Medium,Low,Yes,7,68,Medium,Yes,1,Low,Medium,Public,Neutral,5,Yes,High School,Near,Female,37
22,69,High,High,Yes,6,95,Medium,Yes,1,Low,Medium,Private,Neutral,3,No,High School,Near,Female,68
30,80,Medium,High,Yes,8,89,High,Yes,2,Medium,Low,Public,Positive,2,No,Postgraduate,Moderate,Male,85
11,81,High,Medium,No,8,71,Medium,No,0,High,Medium,Private,Positive,1,No,Postgraduate,Moderate,Male,47
25,100,High,Medium,Yes,5,83,Medium,Yes,3,Low,Medium,Private,Neutral,2,No,High School,Near,Female,82
18,87,Medium,Low,Yes,7,74,High,No,3,Medium,High,Private,Positive,4,No,College,Moderate,Female,65
20,73,Medium,Medium,No,8,49,Medium,No,0,Medium,Medium,Public,Neutral,3,No,High School,Moderate,Female,37
14,88,Medium,Low,Yes,9,47,Medium,Yes,1,Low,Medium,Private,Positive,3,No,High School,Near,Female,39
18,100,Low,Low,No,8,60,Medium,Yes,0,Medium,High,Public,Positive,4,No,College,Moderate,Male,59
28,62,Medium,High,No,5,52,High,Yes,1,Low,High,Public,Negative,5,No,College,Moderate,Male,54
23,71,Medium,Medium,No,6,76,Medium,No,2,Low,Medium,Private,Neutral,2,No,High School,Near,Female,56
30,77,Medium,High,No,7,65,Medium,Yes,3,Low,Medium,Public,Negative,3,Yes,College,Near,Female,63
27,75,Medium,Medium,Yes,9,78,High,No,3,Low,High,Public,Negative,0,No,High School,Near,Female,67
23,76,Low,Low,Yes,6,78,High,Yes,1,Medium,High,Private,Positive,4,No,Postgraduate,Near,Male,68
30,66,High,Medium,Yes,8,81,High,Yes,2,Low,Medium,Public,Positive,6,No,College,Far,Male,74
23,95,Low,Low,Yes,6,60,Low,Yes,1,Medium,Medium,Public,Positive,3,No,College,Far,Female,59
25,64,High,Medium,No,8,79,Medium,No,0,High,High,Public,Neutral,3,No,College,Moderate,Male,60
18,78,Low,High,Yes,6,60,Medium,Yes,1,Medium,Low,Public,Negative,3,No,Postgraduate,Moderate,Female,46
20,92,Medium,High,Yes,7,81,Medium,Yes,1,Medium,Medium,Private,Neutral,3,No,High School,Near,Male,71
16,80,Medium,High,No,5,88,Medium,Yes,3,Medium,Low,Public,Negative,3,No,College,Near,Female,61
26,69,Medium,High,Yes,9,81,Low,Yes,3,High,High,Public,Positive,3,No,High School,Near,Female,70
13,65,Medium,High,Yes,6,70,Medium,Yes,3,Medium,Low,Public,Neutral,1,No,Postgraduate,Near,Male,44
25,77,Low,Medium,Yes,5,79,Medium,Yes,2,Low,Medium,Public,Positive,3,No,College,Moderate,Male,65
19,72,Medium,Medium,No,5,52,High,No,3,Low,High,Public,Negative,4,No,College,Near,Female,45
27,82,High,Medium,No,7,49,Medium,No,1,Low,Medium,Private,Negative,2,No,College,Moderate,Female,53
25,65,Medium,Low,Yes,6,78,Low,Yes,3,High,High,Public,Negative,1,No,High School,Moderate,Female,56
31,89,Medium,Medium,Yes,8,89,Medium,No,0,Medium,Low,Public,Positive,2,No,Postgraduate,Near,Male,83
24,81,High,Medium,Yes,7,56,Medium,No,2,Medium,Low,Public,Neutral,3,No,College,Far,Female,56
11,82,Medium,Low,Yes,9,72,Medium,No,0,Low,Medium,Public,Positive,4,No,College,Near,Female,42
20,96,High,High,No,6,78,High,Yes,0,High,High,Public,Negative,4,No,Postgraduate,,Male,77
13,75,Medium,Low,Yes,8,64,High,Yes,2,Medium,Medium,Public,Negative,2,No,High School,Near,Male,42
17,72,Medium,Medium,Yes,6,68,Low,Yes,1,Low,High,Public,Neutral,1,No,High School,Near,Female,43
29,74,Low,High,Yes,5,80,Low,Yes,1,Medium,Medium,Public,Negative,5,No,High School,,Female,66
24,78,Low,Medium,No,6,73,Low,Yes,1,Low,Low,Public,Negative,4,No,Postgraduate,Near,Male,56
16,79,Medium,High,No,5,73,Low,Yes,1,High,Medium,Public,Negative,2,No,High School,Near,Female,49
14,71,High,High,No,5,59,Medium,Yes,3,Medium,Low,Public,Neutral,4,No,College,Far,Female,43
20,60,Low,Medium,No,8,72,Low,Yes,2,Low,Medium,Private,Neutral,3,No,High School,Moderate,Male,44
13,74,High,High,No,7,67,Medium,No,2,Low,High,Public,Neutral,3,Yes,Postgraduate,Near,Male,41
16,84,Medium,Medium,No,7,68,Medium,Yes,0,Medium,Medium,Public,Positive,5,No,College,Near,Male,56
22,81,Medium,Medium,Yes,8,65,Medium,Yes,1,Medium,Medium,Public,Neutral,2,Yes,High School,Near,Female,51
27,93,High,Medium,Yes,5,72,High,Yes,2,Low,Low,Public,Neutral,1,No,College,Moderate,Male,75
24,100,High,Medium,No,8,61,Medium,Yes,1,Medium,Medium,Public,Positive,3,No,High School,Far,Female,68
6,88,Medium,Medium,No,5,72,Low,Yes,1,Low,Medium,Public,Positive,2,No,High School,Near,Male,42
22,95,Medium,Low,Yes,6,67,Medium,Yes,3,High,Medium,Public,Positive,3,No,High School,Near,Male,71
20,88,Low,Medium,Yes,4,60,Low,Yes,2,High,Medium,Public,Positive,3,No,Postgraduate,Near,Male,56
22,99,Medium,High,Yes,8,47,Medium,Yes,0,Medium,High,Public,Neutral,2,No,Postgraduate,Moderate,Male,62
30,100,High,High,Yes,5,84,Medium,Yes,1,Low,Low,Public,Negative,3,No,High School,Near,Male,86
8,90,Medium,High,No,5,82,High,Yes,5,Low,Medium,Public,Negative,1,No,College,Near,Female,58
16,88,Medium,Low,Yes,5,62,Low,No,0,Low,Low,Private,Neutral,1,No,High School,Moderate,Female,38
24,78,Low,Medium,Yes,7,81,Low,Yes,3,Medium,Medium,Public,Positive,3,No,College,Moderate,Female,67
11,80,Medium,Medium,Yes,7,59,Low,Yes,0,High,Low,Public,Positive,3,No,High School,Near,Male,38
29,76,Medium,Low,Yes,8,68,Medium,Yes,1,Medium,Medium,Private,Neutral,1,No,College,Moderate,Male,63
22,87,Medium,Medium,Yes,7,65,High,Yes,3,High,Medium,Private,Neutral,4,No,Postgraduate,Near,Male,71
25,72,Medium,Medium,No,8,68,Medium,Yes,3,High,Medium,Private,Positive,2,No,High School,Moderate,Male,63
17,78,High,High,No,8,80,Medium,Yes,0,Medium,High,Public,Neutral,3,No,High School,Near,Male,59
25,60,High,Low,No,6,67,Low,No,1,Low,Medium,Private,Neutral,3,No,College,Near,Male,44
26,99,Medium,High,Yes,6,68,Medium,Yes,0,High,High,Private,Negative,4,Yes,College,Far,Male,67
21,78,Low,High,Yes,9,82,Low,Yes,1,Low,Medium,Public,Neutral,3,No,High School,Near,Female,59
21,85,High,Medium,No,9,73,Low,Yes,1,High,Medium,Public,Negative,1,No,High School,Far,Female,56
22,96,High,Low,Yes,8,64,Medium,No,3,Low,Low,Public,Negative,5,No,College,Moderate,Female,62
15,83,High,Low,Yes,8,75,Low,Yes,0,Low,Medium,Public,Negative,3,No,High School,Near,Female,47
19,96,Medium,High,No,8,85,Low,Yes,2,Low,High,Public,Neutral,3,No,College,Moderate,Female,72
19,66,Low,Low,Yes,7,86,Low,Yes,2,Low,Medium,Public,Neutral,3,No,High School,Moderate,Female,50
22,100,High,Low,No,7,55,Low,Yes,0,Medium,Medium,Public,Positive,5,No,High School,Near,Female,61
26,92,Medium,High,Yes,9,55,Medium,Yes,2,Low,Medium,Public,Positive,2,No,High School,Near,Male,67
14,82,Medium,High,Yes,6,85,Low,No,1,Medium,Low,Public,Negative,1,No,Postgraduate,Near,Female,52
19,96,Medium,Medium,No,7,68,Medium,Yes,1,Low,Low,Public,Neutral,2,Yes,College,Near,Female,55
29,67,Medium,Low,Yes,5,43,Medium,Yes,4,Medium,Low,Public,Neutral,3,Yes,High School,Moderate,Female,41
16,77,Medium,Medium,Yes,5,63,Medium,Yes,2,Medium,Medium,Private,Positive,2,No,High School,Near,Female,49
15,96,Medium,High,No,10,66,Low,Yes,0,High,Medium,Private,Positive,2,No,High School,Far,Male,54
21,60,Medium,Medium,No,8,68,Medium,Yes,2,High,High,Private,Neutral,2,No,College,Near,Female,51
25,86,Medium,Low,Yes,7,82,Medium,Yes,0,Low,Low,Public,Neutral,4,No,College,Near,Female,68
20,86,Low,Low,Yes,7,60,Medium,Yes,2,Medium,High,Public,Neutral,3,No,College,Moderate,Male,55
28,100,High,Medium,Yes,5,84,Medium,Yes,5,Low,Low,Public,Negative,4,No,College,Moderate,Female,89
25,63,Medium,Low,No,6,76,High,Yes,1,Low,High,Private,Neutral,2,No,College,Moderate,Male,58
25,98,Medium,High,Yes,5,55,Medium,Yes,3,Low,Low,Private,Negative,3,No,High School,Near,Female,64
23,74,Medium,Low,Yes,7,68,High,Yes,0,High,Low,Public,Positive,4,Yes,Postgraduate,Moderate,Female,54
34,75,Medium,Low,No,8,78,Medium,Yes,1,Medium,Medium,Public,Positive,2,No,College,Moderate,Male,76
19,67,Medium,High,No,8,73,High,Yes,1,High,Medium,Public,Neutral,4,No,High School,Near,Female,55
8,68,Low,High,Yes,9,77,High,Yes,3,Low,Medium,Public,Negative,4,No,Postgraduate,Moderate,Male,40
30,84,High,Medium,Yes,7,64,Low,No,3,High,High,Public,Positive,5,No,College,Near,Male,76
17,68,Low,High,No,4,79,Medium,Yes,3,Medium,Medium,Public,Neutral,4,No,High School,Moderate,Male,53
21,88,High,Low,Yes,10,67,Low,Yes,3,Low,Medium,Public,Negative,1,No,College,Near,Female,56
28,73,Medium,Medium,No,6,100,High,No,1,Low,Medium,Public,Neutral,2,No,College,Near,Male,76
10,67,Low,Low,Yes,7,55,Medium,No,1,Medium,High,Public,Neutral,0,No,Postgraduate,Near,Female,26
12,74,Medium,Medium,No,7,100,Medium,Yes,1,Low,Low,Public,Neutral,1,No,High School,Near,Male,54
10,84,Medium,High,Yes,7,60,Low,Yes,1,Low,Medium,Public,Positive,2,No,High School,Moderate,Female,40
15,77,High,High,Yes,7,89,High,Yes,1,High,Medium,Public,Positive,5,Yes,High School,Near,Male,62
23,80,High,Low,Yes,7,83,High,Yes,4,Medium,Medium,Public,Positive,3,Yes,High School,Far,Male,67
23,88,Medium,Medium,Yes,5,60,Medium,Yes,1,Low,Medium,Public,Neutral,4,No,College,Near,Male,61
22,92,Medium,High,No,10,80,Low,No,2,Low,High,Private,Negative,2,No,High School,Near,Female,67
12,77,High,Medium,No,8,66,Medium,Yes,1,Medium,Medium,Public,Neutral,3,Yes,Postgraduate,Near,Male,40
6,69,Medium,Low,No,7,76,Medium,Yes,1,Medium,High,Private,Neutral,4,No,Postgraduate,Far,Male,36
20,81,Medium,Medium,Yes,10,74,High,No,2,High,Medium,Public,Neutral,3,Yes,College,Moderate,Female,53
17,85,Medium,Medium,Yes,5,67,Medium,Yes,3,Medium,Medium,Public,Negative,3,No,College,Moderate,Female,54
23,64,Medium,Medium,No,8,66,Medium,Yes,3,High,Low,Public,Neutral,4,No,High School,Near,Male,54
24,70,Medium,Medium,Yes,6,76,Low,No,1,Medium,Low,Private,Positive,2,No,High School,Far,Male,52
21,72,Medium,Medium,Yes,8,60,High,Yes,0,Medium,Medium,Public,Positive,3,Yes,College,Near,Female,46
25,78,High,Medium,Yes,8,61,Medium,Yes,1,Medium,High,Public,Neutral,3,No,High School,Far,Female,59
21,72,Medium,Medium,No,4,84,High,No,0,Low,Medium,Private,Positive,1,No,Postgraduate,Near,Female,58
23,88,Medium,Low,Yes,5,78,Medium,No,3,Medium,Medium,Public,Neutral,2,No,College,Far,Female,64
16,62,Medium,Low,Yes,9,55,Medium,Yes,0,Medium,High,Private,Negative,2,No,College,Near,Male,30
19,63,High,Medium,Yes,7,59,Low,Yes,1,Low,Medium,Public,Negative,2,No,Postgraduate,Near,Female,41
21,76,Medium,High,Yes,10,44,High,Yes,1,Low,Low,Public,Positive,4,No,Postgraduate,Near,Female,49
25,78,High,High,No,9,84,Low,Yes,1,Medium,Low,Public,Neutral,2,No,College,Moderate,Female,68
18,64,Medium,Low,Yes,7,81,Medium,Yes,1,High,High,Public,Positive,2,No,High School,Near,Female,53
23,73,Medium,Medium,Yes,7,58,Medium,Yes,2,Medium,Medium,Private,Positive,4,No,College,Near,Male,57
18,76,High,Medium,No,9,80,Low,No,2,Medium,High,Public,Neutral,4,No,College,Near,Female,57
19,76,High,Medium,Yes,10,98,High,Yes,2,High,Medium,Public,Negative,4,No,High School,Far,Male,69
25,82,Medium,Medium,Yes,7,52,High,Yes,1,Low,Medium,Public,Positive,2,Yes,College,Moderate,Male,52
8,73,Medium,High,Yes,9,64,Medium,Yes,2,Low,Medium,Private,Negative,2,Yes,High School,Moderate,Male,26
12,96,Low,Low,No,8,52,Medium,Yes,0,Low,Low,Public,Neutral,1,No,High School,Moderate,Male,36
11,85,Low,Medium,Yes,9,84,Low,Yes,0,Low,Low,Private,Positive,0,No,College,Near,Male,47
6,71,High,Medium,Yes,7,71,Medium,Yes,2,Medium,Medium,Private,Positive,1,No,High School,Moderate,Male,39
16,81,High,Medium,No,6,67,High,Yes,4,Low,High,Public,Neutral,2,No,High School,Near,Female,60
24,81,Low,Low,No,6,75,Low,Yes,3,Low,Medium,Public,Neutral,3,No,High School,Near,Female,61
18,93,High,Medium,No,5,65,High,Yes,0,Low,High,Public,Positive,4,No,High School,Near,Female,63
21,73,Medium,Low,Yes,10,67,Medium,Yes,3,Low,High,Public,Neutral,3,Yes,High School,Near,Male,46
27,88,High,Medium,No,7,76,Low,No,2,Medium,High,Private,Neutral,5,No,College,Near,Male,76
28,80,High,Medium,No,5,64,Medium,Yes,1,Low,High,Public,Neutral,2,No,College,Moderate,Female,66
20,96,High,Medium,No,8,66,Medium,Yes,5,Medium,Medium,Private,Negative,5,Yes,High School,Near,Female,64
28,94,High,High,Yes,6,70,High,Yes,2,Medium,Medium,Private,Neutral,2,Yes,College,Near,Female,76
21,82,High,High,Yes,6,73,Medium,Yes,2,Medium,Low,Public,Neutral,4,No,High School,Moderate,Male,65
15,77,Medium,Medium,Yes,10,80,Medium,No,0,Medium,High,Public,Negative,3,No,College,Near,Male,48
16,86,Low,High,Yes,5,80,High,Yes,0,Medium,Medium,Private,Positive,4,No,College,Near,Female,62
11,78,Medium,High,No,7,53,Medium,Yes,5,Medium,Low,Private,Neutral,5,No,College,Far,Male,44
15,98,High,Low,Yes,6,90,Medium,Yes,0,Low,Low,Public,Positive,2,Yes,High School,Moderate,Male,57
18,81,Low,Medium,No,6,73,High,Yes,3,Low,Medium,Public,Negative,0,No,High School,Far,Female,54
25,76,High,Medium,No,5,68,Medium,No,1,Medium,High,Public,Positive,3,No,High School,Far,Female,61
30,75,Low,Medium,No,7,60,Low,Yes,1,High,High,Public,Positive,3,No,College,Near,Male,64
12,67,High,High,No,6,98,Medium,Yes,1,Medium,Medium,Public,Positive,3,No,High School,Far,Female,55
22,86,Medium,Medium,No,8,100,Low,Yes,4,Low,High,Public,Positive,6,No,College,Moderate,Male,82
14,71,High,Low,Yes,7,96,Medium,Yes,1,Low,Medium,Private,Neutral,4,No,Postgraduate,Near,Male,58
23,92,High,Medium,No,7,74,High,No,0,Low,Medium,Private,Neutral,4,No,Postgraduate,Far,Female,69
19,66,Medium,High,No,6,76,Low,Yes,2,High,Medium,Public,Positive,1,No,High School,Far,Male,52
9,81,Medium,Medium,Yes,9,91,High,Yes,2,Low,Medium,Public,Negative,2,No,High School,Near,Female,52
26,93,Low,Low,Yes,8,69,High,No,2,High,Low,Public,Positive,4,No,Postgraduate,Near,Male,73
16,60,High,Medium,Yes,6,79,Medium,No,0,High,Medium,Private,Positive,3,No,College,Near,Female,47
17,100,High,Medium,No,5,75,Low,Yes,1,Medium,Low,Public,Neutral,3,No,College,Near,Female,62
14,75,Medium,Low,Yes,4,97,High,Yes,2,Medium,High,Public,Neutral,5,No,High School,Moderate,Male,60
16,82,Low,Medium,Yes,9,91,Medium,Yes,2,Low,High,Public,Positive,2,No,High School,Near,Female,62
23,86,Medium,Low,Yes,8,70,Medium,Yes,1,Medium,Medium,Private,Negative,4,No,High School,Near,Male,59
19,88,Low,Medium,No,8,92,Low,Yes,2,Low,Medium,Public,Positive,2,No,College,Near,Female,68
22,83,High,Low,Yes,7,72,Low,Yes,1,Low,Medium,Public,Neutral,6,No,High School,Moderate,Male,60
22,91,Medium,Low,No,8,65,Medium,Yes,0,Low,High,Public,Positive,2,No,College,Moderate,Male,61
28,86,High,Medium,Yes,8,68,High,Yes,2,Low,Medium,Public,Positive,6,No,Postgraduate,Near,Male,80
18,99,High,Low,Yes,7,74,Medium,Yes,1,Low,High,Public,Positive,3,No,Postgraduate,Moderate,Female,69
11,86,High,Low,No,6,62,Low,No,2,Medium,High,Public,Positive,2,Yes,High School,Moderate,Male,35
26,100,Medium,Medium,No,6,65,High,Yes,0,Low,High,Public,Positive,3,No,Postgraduate,Moderate,Female,76
18,90,Medium,Low,Yes,8,53,Medium,No,1,Medium,Medium,Public,Positive,2,No,High School,Near,Male,46
27,60,High,Low,Yes,8,61,Low,Yes,0,Medium,Medium,Private,Neutral,2,No,College,Near,Female,47
22,100,Medium,Medium,Yes,6,75,High,Yes,0,Medium,Medium,Public,Neutral,5,No,High School,Near,Female,73
19,74,High,Medium,Yes,7,86,Medium,No,2,Low,Low,Private,Neutral,4,No,High School,Near,Male,59
22,96,Medium,Medium,No,7,84,Medium,Yes,0,Medium,Medium,Public,Negative,4,No,High School,Near,Male,73
32,80,Low,High,Yes,8,78,High,Yes,2,Low,High,Public,Positive,2,No,High School,Near,Male,82
32,92,High,Medium,Yes,5,52,Medium,Yes,1,Medium,Low,Public,Negative,4,No,,,Male,70
20,72,High,Medium,No,5,61,Medium,Yes,4,Medium,Medium,Public,Negative,3,Yes,High School,Near,Female,46
21,87,Low,High,No,5,69,High,No,1,Medium,Medium,Private,Neutral,2,No,Postgraduate,Far,Female,59
26,77,Medium,Medium,Yes,7,85,Low,Yes,2,Low,Medium,Public,Neutral,6,No,College,Moderate,Female,71
15,97,Low,High,No,7,65,High,Yes,3,High,Medium,Public,Positive,1,No,College,Moderate,Male,64
22,85,Medium,Medium,No,6,56,Low,Yes,2,Medium,Medium,Public,Positive,3,No,High School,Near,Female,56
20,90,Medium,Medium,No,8,91,High,Yes,2,Medium,Medium,Private,Neutral,4,No,College,Far,Female,75
22,60,Medium,High,Yes,9,62,Medium,Yes,2,Low,Medium,Public,Positive,3,No,College,Far,Female,48
15,79,Low,Low,Yes,8,57,Medium,No,1,Medium,Medium,Public,Neutral,2,No,High School,Near,Female,35
10,85,Medium,High,No,9,75,Medium,Yes,2,High,Medium,Public,Neutral,2,Yes,High School,Near,Male,46
8,82,Medium,Medium,Yes,6,71,Low,No,0,High,Low,Public,Positive,3,No,Postgraduate,Near,Male,40
13,91,Low,Medium,Yes,6,65,Low,No,1,Medium,High,Public,Positive,2,No,College,Near,Male,46
17,76,Medium,Medium,Yes,8,72,Medium,Yes,0,Medium,Medium,Public,Positive,4,No,College,Near,Male,53
18,81,Medium,Low,Yes,7,60,High,Yes,2,Low,Medium,Public,Positive,3,No,High School,Near,Female,52
32,93,Medium,Low,No,6,65,Low,Yes,2,Low,Medium,Public,Positive,3,Yes,High School,Near,Male,67
27,60,Medium,High,Yes,9,72,Medium,Yes,2,Medium,Medium,Public,Neutral,3,No,High School,Near,Male,59
14,86,Low,Medium,Yes,7,46,Medium,Yes,4,Low,High,Private,Positive,4,No,High School,Near,Male,47
22,76,Low,High,Yes,8,84,Medium,Yes,2,Low,Medium,Public,Neutral,5,Yes,College,Moderate,Female,61
18,70,High,Low,Yes,6,54,Medium,No,4,Low,Medium,Private,Positive,3,No,College,Moderate,Female,44
18,84,High,Low,No,9,60,Medium,Yes,1,Low,High,Public,Positive,3,No,College,Near,Male,54
21,94,High,Medium,Yes,7,85,Medium,Yes,3,Medium,Low,Private,Negative,4,No,Postgraduate,Near,Female,78
24,91,High,Low,Yes,8,79,Low,Yes,2,Medium,Medium,Private,Neutral,1,No,College,Near,Male,70
18,79,Medium,Medium,Yes,6,73,Low,Yes,2,Low,Low,Private,Positive,2,No,High School,Moderate,Male,52
26,90,High,High,No,7,50,Medium,Yes,3,Low,Low,Private,Negative,3,Yes,High School,Far,Female,55
13,90,Medium,High,No,8,64,Medium,Yes,1,High,Low,Private,Neutral,2,No,College,Far,Female,51
20,79,High,Medium,No,10,69,Low,Yes,2,Low,Medium,Public,Neutral,4,No,College,Near,Female,57
36,72,High,Medium,No,6,70,Medium,Yes,4,Medium,Medium,Private,Positive,3,No,Postgraduate,Near,Male,83
21,73,High,Medium,No,7,87,Low,Yes,0,Medium,High,Public,Negative,2,No,High School,Near,Male,61
29,89,Medium,Medium,No,8,98,Medium,No,2,Medium,High,Public,Positive,2,No,College,Far,Female,87
21,80,Medium,Medium,No,5,80,Medium,No,4,High,High,Public,Neutral,3,No,High School,Near,Male,67
23,68,Medium,Medium,No,4,65,High,Yes,2,Low,High,Private,Negative,4,No,High School,Moderate,Female,53
20,61,Medium,Low,Yes,6,88,Low,Yes,2,High,Medium,Public,Positive,3,No,College,Near,Male,57
19,89,High,Low,Yes,8,64,Low,No,2,Medium,Medium,Private,Positive,6,No,High School,Near,Female,56
15,74,Medium,High,No,9,40,Medium,Yes,3,High,Medium,Public,Negative,3,No,College,Near,Female,38
23,84,Low,Medium,Yes,6,56,Medium,Yes,1,Medium,High,Private,Positive,2,Yes,College,Moderate,Female,49
15,94,Medium,High,Yes,5,41,Medium,No,0,Low,Medium,Public,Positive,5,No,High School,Moderate,Female,40
24,66,Medium,Medium,No,9,67,Medium,No,0,Medium,Medium,Private,Positive,3,No,High School,Near,Male,51
27,80,Medium,Medium,Yes,6,70,Low,Yes,2,High,Low,Private,Neutral,5,No,High School,Moderate,Male,64
22,78,Medium,Medium,No,6,51,High,Yes,2,Low,High,Private,Neutral,5,No,High School,Moderate,Male,55
18,84,Medium,High,Yes,9,61,Medium,Yes,3,High,Medium,Private,Positive,3,No,College,Moderate,Male,60
23,94,Medium,Low,No,9,53,High,Yes,1,Medium,Medium,Private,Positive,2,No,College,Near,Male,61
18,65,Medium,Medium,Yes,8,70,Medium,Yes,1,High,High,Public,Negative,4,No,High School,Near,Female,47
26,86,High,Low,No,5,61,High,Yes,0,High,Low,Public,Positive,2,No,High School,Moderate,Female,63
9,91,Medium,Low,No,5,85,High,Yes,0,Low,Low,Public,Positive,2,No,High School,Far,Male,50
18,78,Medium,Low,Yes,9,74,Low,Yes,2,Low,High,Public,Neutral,1,No,College,Moderate,Male,51
8,78,Low,Medium,No,7,93,Low,Yes,2,Medium,Medium,Public,Negative,3,No,Postgraduate,Moderate,Male,49
11,85,Medium,High,No,6,66,Low,Yes,1,High,Low,Public,Positive,5,Yes,High School,Near,Male,41
28,84,Medium,High,No,7,100,High,No,3,Low,High,Public,Neutral,3,No,Postgraduate,Moderate,Male,90
25,86,Medium,Medium,Yes,9,72,Low,Yes,1,High,Medium,Private,Neutral,1,No,High School,Near,Male,64
16,86,High,Medium,Yes,9,65,Medium,Yes,2,Low,High,Public,Positive,5,Yes,High School,Near,Female,53
11,69,Medium,High,Yes,7,100,Medium,Yes,2,Medium,High,Private,Positive,2,No,College,Near,Female,61
2,91,High,Low,Yes,6,48,Medium,No,1,Medium,Low,Public,Neutral,3,No,High School,Moderate,Male,24
17,93,Medium,High,Yes,7,65,Medium,Yes,2,Medium,Low,Public,Neutral,3,No,High School,Moderate,Male,59
35,82,Medium,High,No,9,50,Medium,Yes,0,Low,Low,Private,Positive,4,No,College,Near,Male,69
23,64,High,Medium,Yes,9,48,Medium,Yes,0,Medium,Medium,Private,Neutral,4,No,Postgraduate,Near,Male,44
17,79,Medium,Low,Yes,7,45,Low,Yes,3,Low,Low,Public,Neutral,3,No,College,Moderate,Male,37
23,82,High,Low,No,6,80,Low,Yes,3,Medium,High,Private,Neutral,3,No,College,Moderate,Male,69
11,67,High,Medium,Yes,9,55,High,Yes,2,Low,High,Private,Positive,2,No,College,Moderate,Male,37
18,76,Medium,High,Yes,9,69,High,Yes,1,High,Medium,Public,Positive,2,No,High School,Near,Male,57
21,64,High,Medium,Yes,5,84,High,Yes,0,Low,Medium,Private,Positive,3,No,High School,Far,Male,57
19,87,High,Medium,No,7,78,Medium,Yes,1,Medium,Medium,Public,Neutral,5,Yes,College,Far,Male,59
25,82,Medium,Medium,Yes,9,77,Low,Yes,1,High,High,Public,Neutral,2,No,College,Near,Female,68
22,62,Low,High,No,7,88,Medium,Yes,2,Medium,Low,Public,Negative,1,No,College,Moderate,Male,57
24,84,Medium,Medium,Yes,6,93,Low,Yes,1,Low,Low,Public,Positive,3,No,High School,Far,Male,70
16,79,High,Low,No,7,56,High,Yes,5,High,Medium,Public,Positive,4,No,College,Moderate,Female,58
25,86,High,Medium,No,8,78,High,Yes,0,Low,Medium,Private,Positive,2,No,College,Near,Male,75
30,76,High,Medium,No,5,68,High,Yes,0,Medium,Medium,Public,Neutral,2,No,College,Near,Male,68
14,71,Medium,Medium,Yes,7,70,High,No,0,Medium,High,Private,Neutral,3,No,Postgraduate,Near,Female,47
15,72,Low,Medium,No,8,52,Medium,Yes,1,Low,Low,Public,Positive,3,No,College,Near,Male,35
28,74,Medium,Low,No,6,65,Medium,Yes,1,Medium,Medium,Public,Positive,5,No,High School,Near,Female,63
19,80,Medium,High,No,6,67,High,No,1,Medium,Medium,Private,Neutral,4,No,High School,Moderate,Male,57
28,82,Low,High,Yes,6,91,Medium,Yes,1,Medium,Low,Private,Positive,1,No,Postgraduate,Near,Male,80
17,78,Low,High,No,6,57,High,Yes,1,Medium,High,Public,Positive,2,No,High School,Near,Male,50
29,75,Low,High,Yes,8,41,Medium,No,1,Low,Medium,Public,Positive,0,Yes,High School,Near,Male,42
21,76,Low,Medium,No,6,72,Medium,No,2,Low,Medium,Public,Neutral,3,No,High School,Near,Female,52
22,100,High,Medium,No,7,56,Medium,Yes,0,Low,Medium,Private,Neutral,2,Yes,College,Moderate,Male,55
29,72,Medium,Medium,No,6,70,Low,Yes,0,Low,Medium,Private,Positive,5,No,College,Moderate,Female,61
18,74,Medium,Low,No,6,81,Medium,Yes,3,Low,Low,Private,Negative,2,No,High School,Moderate,Female,51
14,100,Medium,High,Yes,9,71,Low,Yes,2,Low,High,Public,Positive,3,No,College,Near,Male,63
17,85,High,Low,No,7,66,Medium,Yes,2,High,Low,Public,Negative,2,No,College,Near,Female,53
23,65,High,Medium,Yes,6,70,Medium,Yes,0,Low,Medium,Private,Positive,3,No,College,Far,Female,53
11,89,Medium,Medium,Yes,6,83,Low,Yes,0,High,High,Public,Positive,5,No,High School,Moderate,Female,56
24,70,Medium,High,No,7,57,Medium,Yes,2,Low,Medium,Public,Negative,0,No,High School,Near,Male,50
17,90,Medium,Medium,No,8,81,Low,Yes,1,Medium,Medium,Private,Positive,4,No,High School,Moderate,Male,62
27,78,Medium,Medium,Yes,9,59,Medium,Yes,6,Low,Medium,Public,Neutral,1,No,High School,Near,Male,65
6,75,Medium,Medium,No,7,80,Low,Yes,2,High,Medium,Public,Neutral,3,Yes,High School,Moderate,Female,33
15,98,Medium,Medium,Yes,7,52,Medium,Yes,1,Low,Medium,Public,Negative,2,No,College,Far,Male,48
10,86,Medium,Medium,Yes,7,79,Medium,Yes,2,Low,Low,Public,Neutral,2,No,High School,Near,Female,52
15,91,Medium,Medium,No,7,71,High,Yes,1,High,Low,Public,Neutral,1,Yes,College,Near,Male,53
21,85,Medium,High,No,6,73,Medium,No,1,Low,Medium,Private,Negative,3,No,High School,Near,Male,58
19,75,Medium,Low,No,9,84,Medium,Yes,3,Low,Medium,Public,Positive,2,No,High School,Near,Male,59
18,87,Medium,Medium,No,7,61,Medium,No,0,Low,Low,Public,Positive,4,No,High School,Near,Male,51
19,93,Medium,High,Yes,8,72,Medium,Yes,2,Low,High,Private,Neutral,4,No,High School,Far,Female,66
21,81,Medium,Medium,Yes,8,76,Medium,Yes,1,Low,Medium,Private,Positive,3,No,High School,Near,Female,62
14,100,Low,Medium,Yes,8,68,Medium,Yes,1,Low,Medium,Private,Negative,4,No,High School,Near,Female,54
24,89,Medium,Medium,Yes,6,81,Medium,Yes,3,Low,Medium,Private,Positive,3,No,High School,Moderate,Female,75
24,82,Medium,High,No,7,76,Medium,Yes,1,Low,Medium,Public,Positive,2,Yes,Postgraduate,Moderate,Male,64
22,83,Medium,Low,Yes,10,64,High,Yes,3,Medium,High,Public,Positive,4,No,College,Moderate,Male,64
23,82,Medium,Low,Yes,9,88,Low,Yes,1,Medium,Low,Public,Neutral,5,No,Postgraduate,Far,Male,64
22,66,Low,High,Yes,7,79,Low,No,1,Medium,High,Public,Neutral,5,Yes,College,Far,Male,47
32,79,Low,Medium,Yes,6,61,Medium,Yes,3,Low,Medium,Public,Neutral,1,No,College,Near,Male,67
19,82,Medium,Medium,Yes,4,61,Medium,Yes,4,Medium,Medium,Public,Positive,3,No,High School,Near,Female,57
18,75,Low,Medium,Yes,6,69,Low,Yes,0,High,Medium,Public,Positive,5,No,High School,Near,Female,49
15,84,Medium,Medium,No,7,78,Medium,Yes,3,High,Low,Private,Neutral,2,No,College,Moderate,Female,59
14,80,Medium,High,Yes,7,43,High,Yes,1,High,Medium,Public,Negative,3,No,College,Near,Female,42
13,89,High,Medium,Yes,7,62,Medium,Yes,3,Low,Low,Public,Positive,2,No,College,Moderate,Male,51
15,87,Medium,High,No,8,64,Medium,No,2,High,Medium,Private,Negative,3,No,High School,Moderate,Female,50
20,82,Low,High,No,6,53,Low,Yes,5,Low,High,Public,Neutral,6,No,Postgraduate,Near,Male,58
22,65,Medium,Medium,No,7,59,Low,Yes,2,Low,Medium,Public,Positive,3,No,High School,Moderate,Female,46
20,100,High,Medium,Yes,7,74,Medium,Yes,2,Low,Medium,Public,Positive,3,No,,Near,Male,76
15,78,Medium,Medium,No,6,66,Low,Yes,1,Low,Medium,Public,Negative,6,No,High School,Near,Female,43
25,79,High,High,Yes,9,67,Medium,Yes,1,Medium,Medium,Private,Positive,3,No,High School,Near,Male,67
24,76,Medium,Medium,Yes,8,54,Low,No,2,High,High,Public,Neutral,2,No,College,Moderate,Male,50
19,75,Low,Low,Yes,6,69,Medium,Yes,0,Medium,Medium,Public,Neutral,1,No,College,Near,Male,45
16,97,Low,High,No,8,52,Low,Yes,0,Medium,High,Public,Neutral,4,No,High School,,Male,48
23,95,High,Medium,Yes,5,91,High,Yes,3,Low,Medium,Private,Neutral,2,No,High School,Near,Female,83
21,85,High,High,Yes,6,95,Medium,Yes,0,Medium,Medium,Private,Positive,3,No,College,Near,Male,77
11,79,High,Medium,Yes,9,66,Low,Yes,1,Low,Medium,Private,Neutral,4,No,College,Near,Female,43
20,87,Medium,Medium,No,7,57,High,Yes,1,Low,,Public,Positive,4,No,High School,Far,Male,54
22,81,High,Medium,Yes,7,83,High,Yes,1,Medium,High,Public,Neutral,1,No,High School,Moderate,Female,70
15,78,Low,High,Yes,8,80,Medium,Yes,2,High,High,Public,Positive,2,No,High School,Moderate,Male,58
21,84,Medium,Low,Yes,8,96,Medium,Yes,2,Low,Medium,Private,Positive,3,No,College,Moderate,Female,73
11,75,Medium,Medium,Yes,7,100,High,Yes,1,High,Medium,Private,Negative,1,No,Postgraduate,Moderate,Male,58
28,83,High,High,Yes,8,46,Medium,Yes,1,Medium,Low,Public,Positive,4,No,High School,Near,Female,62
27,82,Medium,High,Yes,5,87,Medium,Yes,0,Low,Medium,Public,Positive,1,No,College,Moderate,Male,73
18,87,Medium,Low,No,6,69,Medium,No,3,Medium,Medium,Private,Negative,3,No,Postgraduate,Moderate,Female,57
22,73,Low,Low,Yes,7,79,Low,Yes,2,Medium,Medium,Private,Negative,2,No,College,Far,Male,53
6,88,Medium,Medium,Yes,8,82,Low,Yes,0,High,High,Private,Positive,4,No,College,Near,Female,50
13,70,Low,Low,Yes,7,82,Low,Yes,2,Low,High,Public,Neutral,2,No,High School,Near,Male,43
18,74,High,Low,Yes,5,85,Low,No,1,Low,Low,Private,Positive,4,No,College,Moderate,Female,52
14,74,Low,Medium,Yes,4,65,High,Yes,2,Medium,Medium,Private,Neutral,4,No,Postgraduate,Near,Female,47
24,68,Medium,Medium,Yes,7,60,High,No,3,Low,Low,Private,Positive,3,No,High School,Near,Female,54
32,91,Medium,Medium,Yes,6,87,Low,Yes,0,Medium,Medium,Private,Negative,3,Yes,High School,Moderate,Female,73
13,69,Medium,Medium,Yes,6,61,Low,Yes,1,Medium,Medium,Public,Negative,2,No,High School,Near,Male,34
15,72,Medium,High,No,5,96,Medium,Yes,1,Low,Medium,Public,Neutral,2,No,College,Far,Female,56
21,94,Medium,Medium,Yes,7,62,Medium,No,0,High,Medium,Private,Neutral,1,No,College,Near,Male,59
30,74,Medium,High,Yes,9,67,High,Yes,1,Low,High,Private,Positive,3,No,Postgraduate,Near,Female,73
13,78,Medium,Low,Yes,7,70,High,No,1,Low,Low,Public,Neutral,2,No,College,Near,Female,42
21,69,High,High,No,9,52,Medium,Yes,1,Low,Medium,Public,Positive,4,No,College,Moderate,Male,49
31,89,Medium,High,Yes,6,52,Low,Yes,2,Medium,Low,Public,Positive,3,No,College,Far,Female,69
10,89,Medium,Low,Yes,8,84,High,Yes,0,Medium,Medium,Private,Neutral,2,No,College,Moderate,Male,51
12,88,High,Medium,Yes,9,50,Medium,Yes,0,Medium,High,Public,Neutral,3,No,Postgraduate,Near,Female,45
17,86,Medium,Medium,Yes,7,100,Medium,No,1,Low,Low,Private,Positive,0,No,High School,Near,Female,64
17,81,High,Medium,Yes,7,71,Medium,Yes,1,High,Low,Public,Positive,4,No,High School,Near,Female,56
25,74,High,High,Yes,6,59,Medium,No,2,Low,Medium,Private,Neutral,3,No,College,Moderate,Male,57
21,71,High,Medium,Yes,8,77,Low,Yes,3,Medium,Medium,Public,Neutral,3,No,College,Moderate,Male,59
9,94,Medium,Medium,Yes,8,40,Medium,Yes,1,Medium,Medium,Public,Neutral,5,No,High School,Moderate,Male,35
23,88,Medium,High,Yes,7,68,Low,Yes,3,Low,Medium,Public,Neutral,3,No,High School,Far,Male,65
17,72,Medium,Low,Yes,7,69,Low,Yes,1,Low,Medium,Public,Negative,4,No,High School,Near,Male,41
28,80,Medium,Low,Yes,5,56,Medium,No,2,Medium,Medium,Public,Positive,1,Yes,Postgraduate,Moderate,Male,52
16,77,High,Low,No,7,64,Low,Yes,1,Low,Medium,Private,Neutral,2,No,College,Moderate,Male,44
16,68,Medium,High,No,7,92,High,Yes,1,Low,Medium,Private,Neutral,4,Yes,College,Near,Male,56
23,82,High,Low,Yes,7,74,High,Yes,1,Medium,Medium,Public,Negative,4,Yes,High School,Near,Female,58
25,75,Medium,Low,Yes,7,77,High,Yes,2,Medium,Low,Private,Positive,4,No,College,Near,Female,68
23,70,Low,Medium,Yes,9,62,Low,Yes,0,Medium,High,Private,Neutral,2,No,High School,Near,Female,45
10,64,Medium,High,Yes,6,55,High,Yes,2,High,Medium,Public,Negative,3,No,College,Moderate,Female,34
23,63,High,Medium,Yes,5,69,Low,No,0,High,Medium,Public,Neutral,3,No,High School,Moderate,Female,47
14,76,Medium,High,No,5,40,Medium,Yes,2,Medium,Medium,Private,Positive,3,No,Postgraduate,Near,Male,39
21,79,High,Low,No,6,58,Low,Yes,3,High,Medium,Public,Positive,4,No,High School,Moderate,Male,54
11,70,Medium,Medium,Yes,9,56,High,No,1,Low,Medium,Private,Negative,3,No,College,Near,Male,30
23,87,High,Medium,No,5,45,Low,Yes,1,Low,Medium,Public,Negative,4,No,High School,Near,Female,48
15,79,Medium,Medium,Yes,5,80,Medium,Yes,0,Medium,Medium,Public,Positive,4,No,Postgraduate,Near,Male,56
12,86,High,High,Yes,8,70,High,Yes,0,Medium,High,Public,Positive,2,No,Postgraduate,Near,Male,59
24,78,Medium,Medium,Yes,8,64,Medium,No,2,Medium,Medium,Public,Positive,1,Yes,College,Far,Female,50
21,71,Medium,Low,Yes,5,81,High,Yes,0,Medium,Medium,Private,Negative,4,No,College,Far,Female,52
16,81,High,Low,Yes,5,51,Medium,No,0,Low,Low,Public,Positive,3,No,High School,Near,Female,36
29,66,Low,Low,Yes,6,55,Low,Yes,5,Low,High,Public,Neutral,5,No,Postgraduate,Near,Male,58
17,86,Medium,High,Yes,8,87,Medium,Yes,1,Low,Medium,Public,Neutral,3,No,High School,Near,Male,65
20,70,High,Low,Yes,7,100,Medium,Yes,3,Medium,Low,Private,Neutral,5,No,High School,Moderate,Male,68
22,90,Medium,High,Yes,6,81,Low,Yes,2,Low,Medium,Public,Neutral,4,No,College,Near,Male,71
16,76,High,Low,No,8,78,High,Yes,1,Medium,Medium,Private,Neutral,3,No,College,Far,Male,54
23,92,Medium,High,Yes,7,64,Low,No,1,Medium,Medium,Private,Neutral,3,No,High School,Moderate,Female,61
17,68,High,High,Yes,7,65,Medium,Yes,3,Low,Medium,Private,Positive,2,No,High School,Near,Male,53
18,73,Medium,Low,Yes,5,75,Low,Yes,1,Medium,High,Private,Neutral,1,No,College,Moderate,Male,47
28,84,Medium,Low,No,6,90,Medium,Yes,0,Low,Medium,Public,Negative,4,Yes,High School,Far,Male,64
14,93,High,High,Yes,10,78,Medium,Yes,5,Low,Medium,Public,Positive,2,No,High School,Moderate,Male,69
6,98,Medium,Low,Yes,7,84,Medium,Yes,1,Medium,Low,Public,Positive,3,No,High School,Near,Female,53
30,80,Low,Low,Yes,6,60,Low,Yes,0,Medium,High,Public,Positive,3,No,High School,Near,Male,61
35,100,Medium,High,Yes,6,80,Medium,Yes,0,Medium,Medium,Public,Neutral,2,No,College,Near,Female,92
18,77,Medium,High,No,7,63,Low,No,0,Low,Low,Private,Neutral,3,No,College,Near,Male,44
8,92,High,High,Yes,8,74,Low,Yes,2,Medium,Medium,Private,Neutral,0,No,Postgraduate,Near,Male,53
18,70,Medium,High,Yes,8,80,Low,No,0,Medium,Low,Public,Neutral,3,No,High School,Near,Male,47
18,85,High,Medium,Yes,6,65,High,Yes,3,Low,Medium,Private,Negative,4,No,High School,Far,Female,57
19,60,High,High,Yes,9,59,Low,Yes,1,High,High,Public,Positive,1,No,College,Near,Male,44
13,68,Medium,Medium,No,8,77,Medium,Yes,3,Low,Medium,Public,Positive,2,No,High School,Near,Male,48
23,85,Medium,High,Yes,6,70,Low,Yes,0,Low,Medium,Private,Positive,5,Yes,High School,Near,Female,56
23,66,Medium,Medium,Yes,7,74,Medium,No,0,Medium,High,Public,Positive,3,No,High School,Moderate,Male,54
11,85,Low,Medium,Yes,8,81,Medium,Yes,1,Medium,Medium,Private,Negative,2,No,High School,Near,Female,48
24,90,Medium,High,No,9,89,Medium,Yes,0,Medium,Medium,Private,Positive,4,No,College,Near,Female,79
32,74,Medium,Medium,Yes,5,81,High,Yes,2,Medium,Medium,Public,Neutral,2,No,College,Far,Female,77
21,69,High,Medium,No,7,79,High,Yes,0,High,Medium,Private,Positive,2,No,College,Far,Female,60
18,75,Medium,Medium,No,7,65,Low,No,0,High,Medium,Public,Negative,2,No,High School,Near,Male,42
19,69,Low,Low,Yes,6,67,Medium,No,0,Medium,High,Public,Neutral,5,No,High School,Near,Female,43
24,79,Medium,Medium,No,6,78,High,No,0,Medium,Low,Public,Positive,2,No,Postgraduate,Near,Male,65
10,81,High,High,No,8,67,High,Yes,2,Low,High,Private,Positive,3,No,High School,Near,Male,53
21,77,Medium,Medium,Yes,8,78,Medium,Yes,0,Medium,Medium,Public,Neutral,4,No,College,Near,Male,61
18,98,Medium,Medium,Yes,10,61,High,Yes,0,Medium,High,Private,Neutral,2,No,High School,Moderate,Male,57
31,72,High,Medium,Yes,6,97,Medium,Yes,0,Medium,Medium,Private,Negative,1,No,College,Near,Female,78
19,95,Low,High,Yes,7,75,Medium,Yes,2,Low,Medium,Private,Neutral,6,No,High School,Moderate,Female,67
30,69,Medium,High,Yes,7,74,Medium,Yes,0,Medium,Low,Public,Positive,3,No,High School,Near,Male,68
13,81,Medium,Low,No,8,66,Medium,Yes,0,Low,Low,Private,Neutral,2,No,High School,Near,Female,40
24,93,Medium,Medium,Yes,9,97,High,Yes,0,Medium,Medium,Public,Neutral,3,No,High School,Near,Female,81
22,92,High,Medium,Yes,7,56,Low,Yes,2,Medium,Low,Public,Neutral,4,No,Postgraduate,Near,Male,61
15,75,Low,Low,No,5,63,Low,No,0,High,Medium,Private,Negative,1,No,High School,Near,Male,33
21,86,High,Medium,Yes,6,83,Medium,Yes,2,Low,Medium,Public,Neutral,2,No,High School,Moderate,Male,69
27,85,Medium,Medium,No,7,75,Medium,Yes,2,Low,High,Private,Positive,4,No,High School,Near,Female,75
18,74,High,Low,No,9,65,Medium,No,2,Low,High,Private,Positive,5,No,High School,Moderate,Male,49
10,87,High,High,No,5,65,High,Yes,2,Medium,Medium,Public,Negative,5,No,College,Far,Male,50
20,100,High,High,Yes,5,68,Medium,No,1,Low,High,Public,Positive,3,No,High School,Near,Female,69
15,85,Low,Medium,No,8,73,High,Yes,0,Low,Low,Public,Neutral,5,Yes,Postgraduate,Near,Male,48
18,86,Medium,Low,No,5,92,Low,No,2,Low,Medium,Public,Positive,1,No,High School,Moderate,Male,59
20,87,High,High,Yes,5,80,Low,Yes,1,Medium,Medium,Private,Neutral,3,No,High School,Near,Male,65
10,64,Medium,Medium,No,9,85,High,Yes,0,Low,Medium,Public,Negative,0,No,College,Near,Male,38
10,85,Medium,High,Yes,7,66,Medium,Yes,2,Medium,High,Public,Negative,5,No,College,Near,Female,50
23,69,High,Low,Yes,7,79,Medium,Yes,2,Low,Medium,Public,Positive,4,Yes,College,Moderate,Male,57
17,74,High,Low,Yes,9,52,Low,Yes,4,Medium,Medium,Public,Positive,5,No,High School,Near,Male,44
5,100,Medium,Medium,No,6,74,Medium,Yes,3,Low,Medium,Private,Positive,2,No,College,Near,Male,53
25,77,High,High,No,5,74,Low,No,4,Low,,Public,Negative,1,No,College,Moderate,Male,63
22,72,Low,Low,No,9,96,High,Yes,3,High,Low,Public,Positive,4,No,Postgraduate,Near,Female,72
16,93,High,Medium,No,7,92,Low,No,1,Low,Medium,Public,Negative,3,No,Postgraduate,Moderate,Male,63
12,70,High,Medium,Yes,8,69,Low,Yes,2,Low,Low,Public,Neutral,4,Yes,College,Near,Male,34
25,75,Low,High,No,7,61,Medium,Yes,1,Medium,Medium,Public,Neutral,4,No,High School,Near,Female,58
22,94,Low,High,Yes,7,62,Low,No,0,Low,Low,Private,Negative,3,No,Postgraduate,Far,Male,53
34,80,High,High,No,6,68,High,No,1,Low,Medium,Private,Positive,3,No,High School,Moderate,Female,77
23,63,Medium,Medium,Yes,7,89,Medium,Yes,4,Low,Medium,Public,Neutral,3,Yes,College,Moderate,Male,59
22,86,Low,High,No,8,77,Medium,Yes,1,Medium,Medium,Public,Positive,3,Yes,High School,Near,Male,61
19,76,Medium,Medium,No,7,79,Low,Yes,1,Low,Medium,Public,Neutral,2,No,College,Near,Female,57
25,97,Medium,Low,Yes,8,83,Medium,Yes,1,High,Medium,Public,Negative,4,No,High School,Moderate,Male,75
24,73,Medium,Medium,Yes,8,59,Low,No,3,Low,High,Private,Neutral,1,No,Postgraduate,Moderate,Female,52
28,92,High,Medium,No,6,63,Medium,Yes,1,High,Medium,Public,Positive,1,No,High School,Near,Male,73
17,100,Medium,Medium,Yes,7,79,High,Yes,1,Low,Medium,Public,Positive,2,No,College,Near,Female,71
17,71,Medium,Low,Yes,6,62,Medium,Yes,1,Low,High,Public,Positive,2,No,High School,Moderate,Male,43
17,78,Low,High,Yes,8,52,High,Yes,1,Low,Medium,Public,Positive,2,No,Postgraduate,Near,Male,48
25,84,Medium,High,No,8,58,High,Yes,1,Medium,Medium,Public,Positive,4,No,Postgraduate,Moderate,Female,67
29,71,Medium,Medium,Yes,7,86,High,No,2,Low,Medium,Public,Negative,3,No,Postgraduate,Near,Female,72
17,83,High,High,No,8,67,Medium,No,2,Low,Medium,Public,Neutral,4,No,College,Far,Male,54
17,78,High,Medium,Yes,4,75,High,Yes,3,Medium,Medium,Public,Negative,4,Yes,High School,Moderate,Male,53
22,77,Medium,Low,Yes,6,59,Medium,Yes,0,Low,Medium,Public,Neutral,5,No,College,Moderate,Male,50
19,81,High,Low,No,6,77,Medium,Yes,1,Medium,Medium,Public,Neutral,2,No,High School,Near,Male,59
26,81,Low,Medium,Yes,7,68,Medium,Yes,1,Medium,Medium,Public,Positive,4,No,High School,Far,Male,64
6,82,Medium,Low,Yes,8,78,Low,Yes,0,Low,Low,Private,Negative,3,No,College,Moderate,Female,33
15,73,High,Medium,No,7,66,Medium,Yes,3,High,Medium,Public,Negative,2,No,High School,Near,Male,48
15,74,Medium,High,Yes,5,79,Medium,Yes,0,Low,Low,Public,Positive,2,No,Postgraduate,Moderate,Female,52
6,79,High,Medium,No,8,65,Low,Yes,1,Low,High,Public,Positive,3,No,College,Moderate,Male,36
14,80,Low,High,Yes,7,71,Medium,No,2,Medium,Medium,Public,Neutral,4,No,Postgraduate,Far,Female,51
15,75,High,High,Yes,5,68,High,Yes,0,High,Medium,Public,Negative,2,No,High School,Near,Male,49
19,84,Low,Medium,No,7,72,Medium,Yes,1,Medium,Low,Public,Neutral,2,No,College,Near,Female,55
27,60,Low,Low,No,8,76,Medium,Yes,0,High,Medium,Public,Neutral,2,No,College,Moderate,Female,54
19,72,Medium,Low,Yes,9,66,Medium,No,2,Low,Medium,Private,Positive,2,No,High School,Far,Male,43
14,77,High,Medium,Yes,5,70,Low,No,2,Low,High,Public,Neutral,2,No,High School,Far,Male,43
20,71,Medium,Medium,Yes,8,74,Low,No,0,Medium,Medium,Private,Neutral,4,No,Postgraduate,Near,Male,50
26,98,Medium,Medium,No,5,79,Low,No,2,Medium,High,Public,Positive,3,No,High School,Near,Female,77
14,80,Low,Medium,No,5,71,High,Yes,1,Low,Low,Public,Neutral,2,No,High School,Near,Male,47
15,82,Low,Medium,Yes,5,60,High,No,2,Medium,Medium,Public,Negative,3,No,College,Near,Female,45
23,75,Low,Low,Yes,8,73,Medium,Yes,0,Medium,High,Public,Positive,3,No,High School,,Male,55
19,80,High,Low,No,7,81,Medium,Yes,1,Low,Medium,Private,Neutral,2,No,College,Far,Female,58
24,67,Low,Medium,Yes,7,55,High,Yes,2,Low,High,Public,Negative,4,No,High School,Moderate,Male,49
20,78,Medium,High,Yes,8,55,Low,No,3,Medium,Low,Public,Positive,4,No,College,Moderate,Female,51
24,70,Medium,Medium,Yes,7,63,Low,Yes,0,Medium,Medium,Private,Negative,2,No,College,Moderate,Male,48
14,77,Medium,Medium,Yes,7,69,Medium,No,1,Medium,Medium,Public,Positive,3,Yes,College,Far,Female,39
20,60,Medium,Medium,No,7,43,Medium,Yes,2,High,High,Public,Neutral,3,No,College,Near,Female,40
19,68,Low,Medium,No,6,79,High,Yes,0,Low,,Private,Positive,5,No,College,Near,Male,54
13,96,Medium,Low,Yes,9,70,High,Yes,2,Medium,Low,Public,Neutral,0,No,Postgraduate,Near,Female,55
11,89,Medium,Low,Yes,9,41,High,Yes,3,High,Medium,Public,Neutral,2,No,College,Moderate,Female,39
24,95,Low,Low,Yes,9,58,Medium,Yes,0,Low,Medium,Public,Neutral,0,No,High School,Far,Male,52
18,95,Medium,Low,No,6,68,High,Yes,0,Medium,Low,Private,Neutral,4,No,College,Near,Female,60
14,87,Low,Medium,No,6,49,Medium,No,1,Medium,High,Private,Positive,3,No,High School,Near,Male,40
19,75,High,High,Yes,6,85,Medium,Yes,2,Low,High,Private,Neutral,4,No,High School,Moderate,Female,65
27,69,High,Low,Yes,9,74,Medium,Yes,3,Medium,Low,Public,Neutral,3,No,High School,Near,Male,61
6,93,Low,Low,No,7,81,High,Yes,0,Low,High,Public,Negative,3,No,College,Near,Female,48
11,81,Medium,Low,No,6,59,Low,Yes,2,High,High,Public,Negative,3,No,High School,Near,Female,39
14,100,Medium,Low,Yes,8,77,Medium,Yes,3,Low,Medium,Private,Negative,3,No,High School,Near,Female,61
29,76,High,Low,No,6,63,Medium,Yes,0,Low,High,Private,Negative,2,No,College,Far,Female,59
22,100,Medium,Low,Yes,5,69,Medium,Yes,1,Medium,Medium,Private,Neutral,4,No,Postgraduate,Near,Male,69
25,78,Medium,Low,Yes,7,77,Medium,Yes,1,Medium,High,Public,Neutral,4,No,High School,Near,Female,67
13,95,Low,High,No,6,71,Medium,Yes,2,Medium,Medium,Public,Positive,3,No,Postgraduate,Far,Male,59
13,99,Low,Medium,Yes,7,83,Medium,Yes,2,Medium,Medium,Public,Positive,5,No,College,Moderate,Male,68
23,69,Medium,Low,No,4,74,Medium,Yes,1,High,Medium,Private,Neutral,5,Yes,High School,Near,Male,48
20,75,Medium,Medium,No,6,66,Low,Yes,3,Medium,Medium,Public,Neutral,2,No,College,Far,Male,53
23,69,High,Low,Yes,7,83,Medium,Yes,3,Medium,Medium,Public,Neutral,3,No,Postgraduate,Moderate,Male,66
19,66,High,Medium,Yes,5,86,Low,Yes,0,Low,High,Public,Neutral,3,No,College,Moderate,Female,53
22,87,Medium,Medium,No,5,73,High,No,0,High,Medium,Public,Neutral,1,Yes,High School,Moderate,Male,52
21,78,Medium,High,No,7,89,High,Yes,0,Low,Medium,Public,Positive,3,No,High School,Near,Male,70
25,81,High,High,No,8,69,Low,Yes,2,Medium,Medium,Public,Neutral,3,No,Postgraduate,Far,Male,68
25,86,High,Medium,Yes,6,70,Low,Yes,0,High,High,Public,Neutral,2,No,Postgraduate,Moderate,Female,67
10,60,High,Low,Yes,7,72,Low,Yes,1,Medium,High,Private,Neutral,3,No,College,Near,Male,34
7,94,High,Medium,Yes,7,70,High,Yes,3,Medium,High,Private,Positive,2,No,Postgraduate,Near,Female,59
26,76,Medium,Medium,No,5,68,Low,Yes,3,Medium,Low,Public,Neutral,1,No,Postgraduate,Near,Male,62
27,86,Medium,High,Yes,9,63,Medium,Yes,2,Low,Medium,Public,Negative,0,No,College,Near,Female,66
14,87,Medium,Low,Yes,7,59,Medium,Yes,2,Medium,Medium,Public,Neutral,1,No,High School,Moderate,Male,43
9,95,Low,Medium,No,7,73,Medium,Yes,0,Medium,High,Public,Positive,2,No,High School,Near,Male,51
21,79,Medium,Medium,No,8,88,Medium,Yes,1,Medium,Medium,Private,Neutral,3,Yes,High School,Near,Male,59
26,60,Medium,Medium,Yes,5,83,Medium,Yes,1,Low,High,Private,Negative,3,No,College,,Male,57
31,81,Medium,Medium,Yes,8,77,Medium,No,1,Medium,High,Public,Positive,2,No,College,Near,Female,76
23,82,Low,Medium,No,8,88,High,Yes,0,Low,High,Private,Neutral,4,No,Postgraduate,Moderate,Female,72
18,69,Medium,Medium,No,7,72,Medium,Yes,1,Medium,Low,Public,Neutral,3,No,Postgraduate,Moderate,Male,50
15,82,Medium,Medium,Yes,8,59,Medium,Yes,2,Low,High,Public,Positive,2,No,High School,Moderate,Female,49
20,76,Medium,Low,Yes,7,67,Low,Yes,3,Medium,Medium,Public,Negative,2,No,College,Near,Male,50
18,65,Low,Low,Yes,8,71,Low,Yes,1,Low,Low,Public,Neutral,4,Yes,College,Near,Female,33
14,87,Medium,High,Yes,6,65,Medium,No,2,Medium,Medium,Public,Positive,2,No,Postgraduate,Near,Female,54
32,74,Low,Medium,No,7,80,Medium,Yes,3,High,High,Public,Positive,5,No,High School,Near,Male,81
31,76,Medium,Medium,Yes,7,84,Medium,Yes,0,Medium,Medium,Public,Negative,1,No,College,Near,Male,72
27,75,Medium,Medium,Yes,7,49,High,Yes,1,Medium,Medium,Public,Positive,3,No,High School,Near,Female,58
14,94,High,Medium,Yes,8,70,Low,No,2,High,High,Public,Negative,1,No,College,Near,Male,55
25,80,Medium,Medium,Yes,10,40,Medium,No,1,High,High,Public,Neutral,1,No,College,Near,Male,47
24,81,Medium,Low,Yes,7,71,Medium,Yes,3,Low,High,Public,Positive,2,No,College,Near,Female,68
23,75,High,Medium,Yes,8,71,Medium,No,2,Medium,High,Private,Neutral,4,No,High School,Moderate,Male,59
27,85,Medium,Medium,Yes,6,95,Medium,Yes,1,Low,Medium,Public,Positive,2,No,High School,Near,Male,81
24,95,High,Low,No,8,91,Medium,Yes,1,Low,Medium,Public,Neutral,4,No,College,Near,Female,78
24,87,Low,Medium,Yes,6,84,Medium,Yes,3,Low,Medium,Public,Negative,2,No,College,Far,Male,68
24,88,Medium,Low,Yes,10,60,Low,Yes,0,Medium,Medium,Public,Negative,5,No,Postgraduate,Near,Male,56
22,87,Low,Low,Yes,5,59,Low,Yes,0,High,High,Private,Positive,2,No,High School,Near,Male,53
9,65,Medium,High,Yes,10,58,Medium,Yes,0,High,High,Public,Neutral,5,No,High School,Moderate,Male,31
21,70,High,High,Yes,8,92,High,Yes,1,Low,Medium,Private,Positive,3,No,College,Moderate,Male,71
17,78,Medium,Low,No,5,60,Low,No,3,Low,High,Public,Positive,2,No,College,Near,Male,45
12,72,Medium,Medium,No,10,67,Low,Yes,2,High,Medium,Public,Neutral,2,No,High School,Near,Male,39
30,68,Medium,Low,Yes,6,60,Medium,No,2,Medium,Medium,Public,Neutral,3,No,High School,Near,Male,55
30,60,High,Medium,Yes,7,56,High,Yes,3,High,Medium,Public,Neutral,2,No,High School,Moderate,Male,60
28,65,Medium,Medium,Yes,5,76,Low,Yes,3,Low,Medium,Public,Neutral,3,No,Postgraduate,Far,Male,62
22,77,Medium,High,Yes,7,74,Medium,Yes,2,Low,Medium,Public,Negative,2,No,College,Near,Male,61
28,79,High,Medium,Yes,7,43,Low,Yes,4,Medium,Medium,Public,Negative,2,No,High School,Far,Male,54
20,71,Medium,Medium,No,8,55,Low,Yes,1,High,High,Public,Positive,2,No,College,Moderate,Male,45
21,81,Medium,High,No,10,75,High,Yes,3,Low,Low,Public,Positive,1,No,High School,Far,Male,62
13,75,Low,Low,Yes,6,71,Medium,No,0,Medium,Medium,Private,Positive,3,No,High School,Moderate,Female,38
22,92,Low,Low,Yes,4,67,Medium,No,2,Medium,Medium,Private,Neutral,3,No,High School,Moderate,Female,56
20,78,High,Medium,Yes,8,80,Low,Yes,2,Low,Medium,Public,Neutral,2,No,College,Moderate,Female,60
12,88,Medium,Medium,Yes,6,53,Medium,Yes,1,Medium,Medium,Private,Negative,2,No,College,Near,Male,42
20,82,High,Low,No,10,64,Low,Yes,2,High,Medium,Public,Positive,1,No,,Moderate,Male,54
20,65,Low,Medium,Yes,7,79,Medium,Yes,2,Low,High,Public,Neutral,2,No,Postgraduate,Moderate,Male,55
31,79,Medium,Medium,Yes,6,64,Medium,Yes,4,Medium,Low,Private,Positive,3,No,College,Moderate,Female,73
25,66,Medium,Medium,No,6,76,Medium,Yes,1,Low,Medium,Public,Neutral,2,No,College,Moderate,Male,57
20,79,Medium,High,Yes,8,57,Medium,No,1,High,Medium,Public,Negative,3,No,College,Near,Female,49
21,72,Medium,Medium,No,7,61,Low,Yes,2,Medium,Medium,Private,Positive,4,No,High School,Far,Female,50
20,84,Medium,Medium,Yes,9,49,Medium,Yes,4,High,Low,Private,Neutral,1,No,Postgraduate,,Female,51
19,65,Medium,Medium,No,7,45,High,Yes,3,High,High,Public,Positive,6,No,,Near,Male,50
14,80,High,Low,No,9,66,High,No,0,Medium,Medium,Public,Positive,4,No,High School,Near,Male,46
19,86,Medium,High,Yes,5,78,Low,Yes,0,Low,High,Private,Neutral,2,No,Postgraduate,Near,Male,62
16,90,Medium,High,Yes,5,71,Low,Yes,0,Medium,High,Public,Positive,1,No,High School,Near,Male,56
12,72,Medium,High,No,8,87,Medium,Yes,2,Low,Low,Public,Neutral,2,Yes,High School,Near,Female,44
23,80,Medium,High,Yes,6,67,Medium,Yes,4,Medium,Medium,Public,Neutral,5,No,College,Near,Male,68
22,82,Low,Medium,No,7,44,High,Yes,3,High,Medium,Public,Positive,3,Yes,High School,Moderate,Female,48
9,97,High,Medium,Yes,6,76,Medium,Yes,3,Low,Medium,Public,Positive,2,No,High School,Near,Male,58
19,64,Low,Low,Yes,5,58,Medium,Yes,3,Low,Medium,Public,Neutral,2,No,High School,Moderate,Female,38
26,70,Low,High,No,8,74,Low,Yes,1,Low,Medium,Public,Negative,5,No,High School,,Male,58
26,100,Medium,Medium,Yes,7,42,High,Yes,4,Medium,High,Private,Negative,3,No,College,Moderate,Female,69
26,77,Low,Low,Yes,6,68,Low,No,2,High,Medium,Private,Positive,2,No,Postgraduate,Near,Male,59
20,60,Low,High,No,8,81,High,Yes,1,Medium,Medium,Public,Neutral,1,No,College,Near,Male,54
15,74,Low,Medium,Yes,9,80,High,Yes,3,Medium,High,Private,Negative,3,No,Postgraduate,Moderate,Male,54
13,60,Low,High,Yes,7,69,Low,Yes,3,Low,Low,Public,Negative,4,Yes,College,Near,Male,30
22,83,Medium,High,No,8,71,High,Yes,1,Low,Medium,Public,Negative,4,No,Postgraduate,Moderate,Male,65
22,89,High,High,No,6,66,Medium,Yes,1,Low,Medium,Private,Neutral,2,No,College,Near,Male,64
28,70,Medium,Medium,Yes,8,68,Low,Yes,3,Low,High,Public,Positive,3,No,High School,Near,Female,63
27,75,Medium,Medium,Yes,7,80,Medium,Yes,2,High,High,Public,Positive,4,No,Postgraduate,Near,Female,78
19,90,Medium,High,No,6,62,High,Yes,1,Medium,High,Public,Neutral,5,No,College,Near,Male,65
13,61,Medium,Low,No,10,64,Medium,Yes,0,Low,Medium,Private,Positive,3,No,Postgraduate,Near,Male,33
18,65,Medium,Low,No,7,51,Low,Yes,1,Medium,Low,Private,Positive,5,No,College,Moderate,Female,35
21,77,Medium,High,No,6,80,Medium,Yes,4,Medium,Medium,Private,Positive,4,No,High School,Far,Male,67
19,72,Medium,High,Yes,7,68,Medium,Yes,0,High,Medium,Public,Neutral,2,No,College,Near,Male,54
17,77,Medium,High,No,6,56,Low,Yes,0,Low,Medium,Public,Positive,2,No,Postgraduate,Near,Male,46
22,66,Low,Low,No,5,83,Low,Yes,1,Low,Low,Public,Negative,0,No,College,Near,Female,46
17,82,High,Low,No,6,71,Low,Yes,1,Low,Medium,Public,Positive,2,No,College,Moderate,Male,51
16,78,High,High,Yes,6,62,Medium,Yes,0,Low,High,Private,Negative,5,No,High School,Near,Male,49
22,86,High,Low,Yes,6,83,Medium,Yes,0,Low,Low,Private,Neutral,2,No,Postgraduate,Moderate,Male,64
18,82,Low,Medium,No,9,67,Medium,No,0,High,Medium,Public,Neutral,1,Yes,High School,Moderate,Male,39
21,82,High,Medium,Yes,6,51,Low,Yes,0,High,Medium,Private,Neutral,2,No,College,Far,Male,49
22,64,Medium,High,Yes,6,84,High,Yes,0,Medium,High,Public,Neutral,3,No,High School,Near,Male,63
13,85,Low,Medium,No,5,60,Medium,Yes,2,Medium,Low,Public,Positive,3,Yes,High School,Near,Male,38
17,76,High,Low,No,5,100,Low,Yes,1,Medium,High,Public,Neutral,3,No,College,Near,Male,64
29,78,High,Medium,No,8,65,High,Yes,2,Medium,Medium,Private,Positive,3,No,High School,Near,Female,72
13,92,Low,Low,Yes,7,45,Medium,No,1,High,Medium,Public,Negative,2,No,High School,Moderate,Female,34
7,72,High,Medium,No,8,94,Medium,Yes,2,High,Medium,Public,Negative,3,Yes,High School,Near,Female,42
9,95,Low,Medium,No,8,71,Low,Yes,0,Low,High,Public,Positive,2,No,College,Far,Male,45
20,96,Medium,Medium,Yes,7,75,Low,Yes,1,Medium,Low,Private,Positive,3,No,Postgraduate,Near,Female,68
20,88,Low,Medium,Yes,9,76,Medium,Yes,4,Low,Low,Public,Negative,2,No,College,Far,Male,62
19,69,Low,Low,Yes,6,54,High,Yes,1,Low,High,Public,Neutral,3,No,College,Near,Female,42
27,60,High,Low,No,5,43,Medium,Yes,1,Low,High,Public,Negative,3,No,College,Near,Male,42
4,92,Medium,High,No,8,97,Low,Yes,2,Medium,Medium,Public,Neutral,3,No,High School,Moderate,Female,54
22,81,Medium,Medium,Yes,7,51,Medium,Yes,0,Low,High,Public,Positive,3,No,Postgraduate,Far,Female,53
29,72,High,Medium,Yes,7,93,Medium,No,0,High,High,Public,Positive,4,No,High School,Moderate,Male,78
13,93,High,Medium,Yes,8,78,Low,No,2,Medium,Low,Public,Positive,2,No,High School,,Male,56
18,71,High,High,Yes,7,74,High,Yes,1,Medium,Low,Private,Positive,5,No,Postgraduate,Near,Female,62
15,75,High,High,Yes,7,65,Medium,Yes,1,Medium,Medium,Public,Neutral,1,No,High School,Near,Male,48
15,86,High,Low,No,9,100,Medium,Yes,2,Medium,Medium,Public,Positive,4,No,High School,Far,Male,67
18,68,Medium,Medium,Yes,7,62,Low,Yes,1,Medium,Low,Public,Neutral,3,No,Postgraduate,Near,Male,43
29,79,Medium,Medium,Yes,8,63,Low,Yes,2,Low,Medium,Public,Neutral,4,No,High School,Far,Female,63
31,92,High,High,No,5,80,Medium,Yes,1,Low,High,Public,Positive,4,Yes,College,Near,Male,82
18,82,Low,High,Yes,10,63,Medium,Yes,0,Low,Medium,Public,Neutral,3,No,High School,Near,Female,50
31,94,Low,Medium,Yes,5,58,Medium,Yes,1,Medium,Low,Public,Neutral,3,No,College,Moderate,Male,69
20,92,Medium,High,No,6,71,Medium,Yes,0,Low,Low,Public,Negative,3,No,High School,Near,Male,60
31,80,Medium,Medium,Yes,6,80,Medium,No,1,Low,Medium,Private,Neutral,4,No,High School,Near,Male,74
19,60,Medium,Medium,Yes,10,96,Medium,Yes,5,Medium,Medium,Public,Positive,4,No,High School,Moderate,Male,64
21,68,High,Medium,No,6,98,Low,Yes,3,Low,Low,Public,Negative,3,No,High School,Near,Male,65
22,88,Medium,Medium,Yes,8,48,Medium,Yes,1,Medium,Medium,Public,Positive,3,No,College,Near,Male,56
39,63,Medium,Low,Yes,6,85,Medium,Yes,1,Medium,Medium,Private,Positive,2,No,High School,Near,Male,79
25,76,Medium,Medium,No,6,59,Medium,Yes,2,Low,Low,Public,Negative,3,Yes,High School,,Female,47
16,84,Medium,Low,Yes,8,59,Medium,Yes,5,High,Medium,Private,Negative,2,No,College,Moderate,Female,50
26,96,Low,Low,Yes,6,64,High,Yes,2,Medium,Medium,Public,Negative,1,No,High School,Moderate,Male,65
18,74,Low,High,No,7,63,Low,Yes,2,Medium,Medium,Public,Neutral,3,No,College,Near,Female,48
17,73,Medium,Low,Yes,8,57,High,Yes,1,Medium,High,Public,Negative,3,No,High School,Near,Male,43
25,79,Medium,High,No,10,41,High,Yes,2,Medium,Low,Private,Neutral,4,No,High School,Near,Male,53
20,84,Medium,Medium,Yes,5,90,Medium,Yes,2,Low,Medium,Public,Neutral,3,No,College,Near,Male,68
22,78,Medium,Medium,Yes,7,83,Low,Yes,1,Medium,Medium,Public,Negative,2,No,High School,Near,Male,62
20,92,Low,High,No,7,71,Medium,Yes,2,High,Medium,Public,Negative,4,No,College,Near,Male,65
22,71,Medium,High,Yes,7,59,Low,Yes,3,High,Medium,Public,Negative,0,No,High School,Moderate,Female,49
23,81,Medium,High,No,10,87,High,Yes,0,Low,Medium,Public,Positive,1,No,College,Near,Female,72
8,85,Medium,Low,No,7,71,Medium,Yes,3,Low,Low,Public,Positive,3,No,High School,Near,Female,44
24,76,High,Medium,No,4,64,Medium,Yes,0,Low,High,Public,Neutral,3,No,Postgraduate,Near,Female,57
14,89,Medium,Medium,No,7,50,Medium,Yes,2,High,Low,Public,Negative,3,Yes,High School,Near,Female,38
11,82,Low,High,No,7,78,Low,Yes,2,High,Low,Public,Neutral,2,No,College,Far,Female,48
20,89,Medium,High,No,7,67,Medium,Yes,1,Medium,Medium,Public,Positive,4,No,Postgraduate,Near,Female,67
21,82,Low,Medium,No,6,75,Medium,Yes,2,Medium,Low,Public,Positive,3,Yes,High School,Near,Female,54
16,84,Low,Low,No,5,74,Low,Yes,1,Low,Medium,Public,Neutral,1,No,High School,Far,Female,44
25,73,Medium,Low,No,10,80,Low,No,0,Medium,Medium,Public,Negative,3,No,College,Near,Male,54
12,73,Low,High,Yes,7,74,Medium,Yes,1,Low,Medium,Public,Neutral,2,No,High School,Near,Female,44
18,93,Medium,Medium,No,7,67,Medium,Yes,2,Low,Medium,Public,Positive,2,No,High School,Moderate,Female,61
16,87,High,High,Yes,10,79,Medium,No,0,Low,Medium,Private,Positive,3,No,Postgraduate,Near,Male,61
20,69,Medium,Medium,No,6,84,Medium,Yes,1,High,Medium,Private,Positive,5,Yes,High School,Near,Female,55
22,82,High,High,No,8,91,Medium,Yes,4,Low,Medium,Private,Neutral,0,No,Postgraduate,Moderate,Male,78
14,60,High,High,Yes,5,57,Medium,Yes,1,Low,Low,Public,Negative,1,Yes,High School,Far,Male,20
24,74,Medium,Low,No,8,86,Low,Yes,1,Medium,Low,Private,Neutral,2,No,Postgraduate,Near,Male,64
20,91,Medium,High,Yes,5,51,Medium,No,3,Low,Medium,Private,Neutral,5,Yes,High School,Moderate,Female,48
9,79,Medium,Medium,Yes,8,85,Medium,No,2,Low,Medium,Private,Neutral,2,No,College,Far,Male,46
8,81,Medium,Medium,No,10,64,Medium,Yes,2,Medium,Medium,Public,Positive,4,No,College,Near,Female,43
20,60,Medium,High,No,7,82,Low,No,3,Low,Low,Public,Negative,4,No,College,Far,Male,49
19,76,Low,Medium,Yes,4,91,Medium,Yes,0,Low,High,Private,Neutral,4,No,College,Near,Male,60
19,84,Low,Low,No,7,74,Low,No,0,High,Medium,Private,Neutral,2,No,Postgraduate,Near,Male,53
20,85,High,Medium,Yes,8,71,Low,No,1,Medium,Medium,Public,Positive,3,No,High School,Moderate,Male,58
21,91,Low,High,Yes,8,71,High,Yes,0,Medium,Medium,Private,Negative,4,No,College,Near,Male,64
26,78,Medium,Low,No,9,66,High,Yes,3,Low,High,Public,Neutral,3,No,College,Near,Male,66
13,78,High,Medium,No,9,87,High,Yes,1,Medium,Low,Public,Positive,6,No,Postgraduate,Near,Male,62
13,65,Medium,Medium,No,7,71,Medium,Yes,0,Low,Low,Private,Positive,5,No,High School,Far,Male,37
13,78,Medium,Medium,Yes,6,44,Low,Yes,6,High,High,Public,Positive,4,No,High School,Near,Male,44
22,66,Low,Medium,Yes,5,83,High,No,0,Medium,High,Public,Positive,4,No,Postgraduate,Far,Female,57
27,60,High,Medium,No,6,83,Medium,Yes,2,Medium,Medium,Private,Positive,4,No,High School,Near,Female,68
17,68,Medium,High,Yes,8,73,High,Yes,3,Low,Low,Private,Negative,4,Yes,High School,Near,Male,45
5,97,Medium,Medium,No,5,62,Medium,Yes,1,Medium,Medium,Public,Negative,5,No,High School,Near,Female,41
10,77,High,High,No,6,57,Medium,Yes,2,Low,Medium,Private,Negative,2,No,High School,Near,Male,38
15,82,Low,High,Yes,8,62,Low,Yes,1,Low,High,Public,Neutral,4,No,College,Moderate,Male,46
17,74,Medium,Low,Yes,6,75,Low,Yes,2,Low,High,Public,Positive,3,No,Postgraduate,Moderate,Male,52
18,60,Low,High,Yes,8,48,Medium,No,1,Low,High,Public,Neutral,4,No,College,Moderate,Male,32
20,90,Low,Medium,Yes,6,78,High,Yes,1,Low,Low,Public,Negative,3,No,College,Far,Male,61
18,60,Medium,Low,Yes,7,73,Medium,Yes,4,Medium,High,Public,Positive,2,No,High School,Moderate,Male,49
26,74,Medium,Medium,Yes,6,89,Low,No,3,Low,Medium,Private,Neutral,2,No,College,Far,Male,66
16,79,Medium,High,Yes,4,81,Medium,Yes,2,High,Low,Public,Positive,3,No,High School,Near,Female,59
15,83,Medium,Low,Yes,8,63,Low,Yes,0,Medium,Medium,Private,Positive,4,No,College,Near,Female,44
23,72,High,Medium,Yes,6,50,High,Yes,2,Medium,High,Private,Neutral,2,No,Postgraduate,Moderate,Male,55
11,60,High,Medium,Yes,7,61,Low,Yes,0,Medium,Medium,Private,Neutral,1,No,College,Near,Male,27
22,71,Low,Medium,Yes,6,90,Low,Yes,2,Medium,Medium,Private,Neutral,4,No,High School,Moderate,Female,61
21,72,High,High,Yes,8,76,Medium,No,5,Low,Medium,Public,Neutral,3,No,College,Near,Male,65
19,71,Low,Low,No,7,80,Medium,Yes,0,Medium,Medium,Private,Positive,0,Yes,High School,Far,Female,43
30,91,Medium,High,Yes,8,64,Medium,Yes,0,Low,Medium,Public,Positive,1,No,College,Moderate,Male,75
16,67,Medium,High,Yes,6,78,Medium,No,1,Medium,Low,Private,Neutral,3,No,High School,Moderate,Male,46
32,83,Medium,Medium,Yes,7,52,High,Yes,0,Low,Low,Private,Neutral,4,No,College,Near,Male,66
19,82,Low,Medium,Yes,8,84,Medium,Yes,1,Low,High,Public,Negative,4,Yes,High School,Near,Male,52
12,91,Medium,Low,No,9,57,Low,Yes,0,Medium,Medium,Private,Positive,2,No,High School,Near,Female,40
20,79,Low,Low,Yes,7,46,Low,Yes,2,Medium,Medium,Public,Neutral,2,Yes,High School,Near,Female,33
14,89,Low,Medium,No,6,100,Medium,Yes,2,Low,High,Public,Positive,4,No,Postgraduate,Far,Female,69
15,78,Medium,Low,Yes,7,74,Medium,No,1,Medium,High,Public,Neutral,2,No,College,Near,Female,50
22,85,Medium,High,Yes,7,73,Medium,Yes,1,High,Medium,Public,Positive,2,No,College,Moderate,Male,69
23,63,Medium,Medium,Yes,4,48,Low,Yes,1,High,Medium,Public,Neutral,3,No,High School,Near,Female,39
16,60,Medium,Low,No,4,80,Low,Yes,2,Low,Low,Private,Positive,3,No,College,Near,Female,43
26,84,Medium,Medium,Yes,7,84,Low,Yes,4,Low,Low,Public,Neutral,4,No,College,Near,Male,74
27,85,Medium,High,No,7,69,Medium,Yes,1,Low,High,Public,Positive,3,No,College,Far,Female,71
29,85,High,Low,No,7,84,Medium,Yes,3,Medium,Medium,Public,Neutral,2,No,High School,Near,Female,81
23,74,High,Medium,Yes,8,87,Low,Yes,2,High,Medium,Public,Positive,3,No,High School,Near,Female,68
28,96,Low,Low,Yes,6,79,Medium,Yes,0,Low,High,Public,Positive,3,No,College,Far,Male,76
9,75,Medium,High,Yes,5,44,High,Yes,0,Medium,Medium,Private,Neutral,4,No,College,Near,Male,31
18,85,Medium,Medium,Yes,6,57,Low,Yes,0,Medium,Medium,Public,Negative,4,No,High School,Near,Male,47
15,87,Low,Medium,No,6,94,Low,No,1,Low,Low,Private,Neutral,3,No,High School,Near,Male,56
21,99,Medium,Medium,No,7,73,Medium,Yes,2,Low,Low,Public,Positive,4,No,High School,Moderate,Female,71
17,77,Medium,Medium,Yes,6,73,Low,Yes,1,Low,Medium,Public,Positive,5,No,College,Moderate,Male,51
19,73,Medium,Medium,Yes,4,61,Low,Yes,0,Medium,Low,Public,Neutral,1,No,High School,Near,Male,40
31,64,Medium,Low,Yes,4,64,High,Yes,1,Low,Low,Public,Neutral,3,No,High School,,Male,55
19,97,Medium,Low,No,7,88,High,Yes,2,Low,High,Private,Negative,1,No,Postgraduate,Far,Male,73
22,85,Medium,Low,No,5,91,Medium,Yes,2,High,Medium,Public,Neutral,3,No,Postgraduate,Near,Male,73
19,85,Medium,Medium,Yes,4,82,High,No,0,Low,High,Public,Positive,2,No,High School,Moderate,Female,61
20,100,Medium,High,Yes,8,79,Low,Yes,4,Low,Low,Private,Positive,5,No,College,Moderate,Male,77
20,84,High,Low,No,9,80,High,Yes,1,Medium,High,Public,Positive,4,No,College,Near,Female,68
23,66,Medium,High,No,7,71,High,No,0,High,Medium,Private,Negative,5,No,College,Near,Male,58
27,78,Low,High,No,7,56,Medium,Yes,0,Medium,Medium,Private,Neutral,3,No,College,Near,Male,57
30,69,Low,Low,No,7,54,High,Yes,2,Medium,High,Public,Positive,3,No,Postgraduate,Moderate,Male,61
22,76,Medium,Low,Yes,4,89,High,Yes,2,Low,Low,Public,Positive,3,No,College,Moderate,Female,65
24,76,High,Medium,Yes,8,72,Medium,Yes,2,Low,High,Public,Negative,5,No,College,Moderate,Female,64
13,74,Medium,Low,No,9,78,Medium,Yes,3,High,Medium,Private,Neutral,3,No,High School,Near,Male,49
19,65,Low,High,Yes,10,75,Medium,No,0,High,Medium,Public,Neutral,2,No,High School,Near,Female,46
26,98,Low,Medium,Yes,6,75,Medium,Yes,4,Low,High,Public,Positive,1,No,High School,Moderate,Male,79
25,83,Low,Medium,No,5,76,Medium,Yes,2,High,Low,Public,Neutral,5,No,High School,Near,Female,67
21,78,Medium,Medium,Yes,9,81,Low,Yes,2,Low,Medium,Private,Negative,3,No,High School,Moderate,Female,57
25,88,High,Low,Yes,8,62,Low,Yes,1,Low,Medium,Public,Neutral,3,Yes,Postgraduate,Moderate,Male,54
23,85,Medium,High,No,8,87,Low,Yes,3,Medium,Low,Public,Positive,5,No,High School,Near,Male,75
27,83,High,Medium,Yes,6,62,Medium,Yes,2,Medium,Medium,Private,Neutral,3,Yes,High School,Near,Male,59
22,88,Low,Medium,No,7,75,Low,Yes,2,Low,Low,Private,Positive,1,No,High School,Moderate,Female,60
18,81,Medium,Medium,Yes,6,57,Low,Yes,1,Medium,Medium,Private,Positive,1,No,College,Moderate,Male,46
22,87,High,Low,Yes,7,70,High,No,2,Medium,Medium,Public,Positive,4,No,Postgraduate,Moderate,Female,68
2,88,Medium,High,Yes,7,63,Medium,No,0,Low,High,Public,Neutral,4,No,College,Near,Female,35
22,82,High,Medium,No,10,72,High,Yes,1,Low,Medium,Public,Negative,6,No,High School,Far,Male,61
1,78,Medium,High,No,8,82,Low,Yes,2,High,Medium,Public,Negative,3,No,High School,Near,Female,37
10,97,Medium,High,Yes,4,73,Medium,Yes,3,High,Medium,Private,Positive,5,No,Postgraduate,Near,Female,64
23,75,Medium,Medium,Yes,7,97,Medium,No,5,High,Low,Public,Positive,2,No,Postgraduate,Near,Female,78
23,84,Low,Medium,Yes,8,82,High,Yes,1,Medium,High,Private,Negative,2,No,College,Near,Male,69
13,85,High,Medium,No,6,69,Medium,Yes,1,High,High,Public,Negative,2,No,College,Moderate,Male,52
16,73,Medium,Low,Yes,5,71,High,No,2,High,Medium,Public,Positive,3,No,High School,Moderate,Male,48
28,71,Low,High,No,8,77,Low,Yes,3,Medium,Low,Public,Neutral,5,Yes,High School,Near,Female,60
17,76,High,Medium,No,6,81,Medium,Yes,3,Medium,Medium,Private,Neutral,3,No,High School,Near,Male,61
33,75,Medium,High,Yes,8,56,High,No,1,Medium,Medium,Public,Neutral,2,No,High School,Near,Female,66
20,64,High,Medium,Yes,6,80,Medium,Yes,0,Low,Low,Public,Neutral,4,No,College,Near,Male,54
22,73,High,Low,Yes,6,56,Low,Yes,1,Low,Medium,Public,Negative,3,No,High School,Moderate,Male,43
30,83,Medium,Medium,No,8,79,Low,No,1,High,Medium,Private,Neutral,4,Yes,College,Near,Male,67
21,94,Medium,Low,Yes,8,86,Medium,No,0,Medium,Medium,Public,Neutral,3,No,College,Moderate,Female,66
14,86,High,Low,Yes,7,76,Low,Yes,1,Low,Medium,Public,Neutral,3,No,College,Moderate,Male,52
19,60,Low,Medium,No,7,42,Medium,Yes,0,High,Medium,Public,Positive,6,No,High School,Moderate,Male,33
20,87,Medium,Low,Yes,7,49,Low,Yes,2,High,High,Private,Negative,2,Yes,High School,Near,Female,42
12,74,High,High,Yes,6,79,Low,No,2,Medium,Medium,Public,Positive,4,No,College,Near,Female,52
18,85,Low,Medium,No,5,40,Medium,No,2,High,Low,Public,Negative,4,No,College,Far,Male,38
16,80,High,Medium,Yes,8,80,Low,Yes,3,High,Low,Public,Neutral,4,No,College,Near,Female,60
26,78,Medium,Low,Yes,9,85,Medium,Yes,2,Low,High,Public,Negative,2,No,High School,Near,Female,67
20,79,High,Low,Yes,8,87,Low,Yes,4,Medium,Low,Private,Negative,4,No,High School,Moderate,Female,63
18,80,Medium,Medium,No,7,69,Medium,Yes,1,Low,High,Public,Negative,3,No,College,Near,Female,53
19,95,Medium,Medium,Yes,5,78,Medium,Yes,3,Medium,Medium,Public,Neutral,3,Yes,Postgraduate,Moderate,Female,64
21,80,High,Medium,Yes,8,75,Medium,Yes,2,Low,Low,Public,Neutral,3,No,High School,Near,Female,61
24,92,Low,Medium,Yes,8,53,Medium,Yes,0,Low,Medium,Public,Negative,2,No,,Moderate,Female,53
14,90,Medium,Low,No,8,82,Medium,Yes,1,High,Medium,Public,Neutral,5,No,High School,Far,Male,57
14,87,High,Medium,No,8,90,Low,Yes,3,Low,Medium,Public,Neutral,4,No,High School,Near,Male,63
27,60,High,Medium,Yes,9,81,Medium,Yes,1,High,High,Public,Positive,1,No,High School,Near,Male,66
18,92,High,Low,Yes,5,65,Medium,Yes,0,Low,Low,Public,Positive,3,No,High School,Moderate,Female,52
11,75,Medium,High,Yes,5,82,Low,No,1,Low,Medium,Public,Negative,3,No,College,Moderate,Male,41
23,88,Medium,Low,No,7,89,Medium,Yes,3,Low,Medium,Public,Positive,5,Yes,High School,Near,Male,71
23,69,Medium,Low,Yes,6,87,Medium,Yes,4,High,,Private,Neutral,2,No,College,Near,Female,66
11,67,Medium,Medium,No,5,85,Low,Yes,0,Medium,High,Public,Neutral,2,No,High School,Near,Female,42
21,100,Medium,Medium,Yes,9,51,Low,Yes,2,Medium,High,Public,Neutral,2,No,College,Near,Female,60
24,69,Low,High,Yes,6,77,Low,Yes,3,High,Medium,Public,Positive,1,No,High School,Moderate,Female,62
22,93,Low,High,No,7,80,Low,Yes,1,Medium,Medium,Public,Negative,1,Yes,College,Near,Female,60
24,81,Medium,High,No,5,86,Medium,Yes,1,High,High,Private,Neutral,3,No,College,Near,Female,75
12,75,Medium,Medium,Yes,7,79,Low,Yes,0,Low,High,Private,Positive,2,No,High School,Far,Male,45
22,80,Medium,Medium,Yes,9,92,Medium,Yes,1,Low,Low,Public,Positive,3,No,High School,Near,Female,68
18,66,Low,Low,Yes,9,48,Low,Yes,3,Medium,High,Public,Negative,1,No,High School,Near,Male,31
17,80,High,High,Yes,8,79,High,No,3,High,Medium,Private,Neutral,2,No,College,Moderate,Female,64
25,68,High,Medium,Yes,7,78,Medium,Yes,2,Medium,Medium,Public,Neutral,2,No,College,Moderate,Female,64
29,76,Medium,Medium,Yes,9,84,High,Yes,0,Low,Low,Public,Neutral,1,No,Postgraduate,Far,Male,69
31,90,High,Medium,No,8,92,Medium,No,3,High,High,Private,Neutral,3,No,College,Near,Male,92
28,83,High,High,Yes,6,60,Low,Yes,2,Low,High,Public,Positive,3,No,High School,Moderate,Male,69
19,64,Low,Medium,No,8,92,Medium,Yes,0,Medium,High,Public,Positive,3,No,College,Near,Male,58
22,89,Low,Low,Yes,8,83,Medium,No,0,Medium,Low,Private,Positive,1,No,High School,Near,Female,60
25,80,Low,High,Yes,5,70,Medium,Yes,2,Medium,Low,Public,Positive,4,Yes,Postgraduate,Near,Female,61
21,74,Low,Low,No,6,60,High,Yes,1,High,Medium,Public,Positive,2,Yes,College,Near,Male,44
21,88,Medium,High,No,7,75,Low,Yes,0,Medium,Medium,Private,Positive,3,No,College,Near,Female,65
25,78,Medium,Medium,No,5,76,Low,Yes,2,High,Medium,Public,Negative,3,No,High School,Moderate,Female,62
20,67,High,High,No,5,76,Medium,No,0,Low,Medium,Public,Positive,3,No,High School,Near,Male,53
16,100,Medium,High,Yes,6,64,Low,Yes,0,Medium,High,Public,Negative,1,No,College,Near,Female,55
18,80,Medium,Medium,Yes,8,80,High,No,2,Medium,Medium,Private,Negative,3,No,High School,Near,Male,58
24,79,High,High,Yes,8,67,Medium,No,2,Medium,Medium,Private,Positive,2,No,High School,Near,Male,64
20,76,High,Low,No,7,88,High,Yes,1,Medium,Medium,Public,Positive,4,No,College,Far,Female,67
22,93,High,Low,No,7,94,Low,No,3,High,Medium,Public,Negative,4,No,High School,Moderate,Female,74
24,74,High,Medium,Yes,10,61,Low,Yes,1,Low,Medium,Public,Neutral,3,No,College,Near,Male,53
18,63,High,Medium,No,6,73,Medium,Yes,0,Low,Medium,Public,Positive,2,No,High School,Moderate,Male,45
25,73,Medium,Low,No,7,85,Medium,Yes,1,Medium,High,Public,Negative,5,No,High School,Moderate,Male,65
22,95,High,Medium,Yes,6,76,High,Yes,1,High,Low,Private,Positive,3,No,High School,Near,Male,74
13,89,Low,High,Yes,5,54,Medium,Yes,1,High,Medium,Public,Positive,2,No,Postgraduate,Far,Female,47
29,77,Medium,High,Yes,9,83,Medium,Yes,4,High,Medium,Public,Positive,2,No,College,Near,Female,84
17,95,Medium,Low,No,7,64,Low,No,1,Medium,High,Private,Positive,3,No,College,Near,Male,55
10,88,Low,Medium,No,8,75,Medium,Yes,2,Low,Medium,Public,Neutral,3,No,College,Moderate,Male,49
14,77,Low,Low,Yes,7,59,Medium,Yes,0,Medium,Medium,Public,Positive,2,No,College,Moderate,Male,38
14,78,Low,Low,Yes,9,82,Medium,Yes,0,Medium,Medium,Public,Negative,3,No,,Moderate,Female,46
20,84,Medium,High,Yes,6,67,Low,Yes,1,Medium,Medium,Public,Negative,1,Yes,Postgraduate,Near,Female,49
18,71,Low,High,Yes,9,84,Medium,Yes,4,High,Medium,Public,Positive,3,No,High School,Near,Female,62
18,80,Medium,Low,No,8,69,High,Yes,1,High,Medium,Public,Negative,3,No,College,Moderate,Female,52
24,83,High,Low,Yes,4,66,Low,Yes,1,High,Low,Public,Positive,2,No,Postgraduate,Moderate,Male,59
22,61,Medium,Medium,No,6,77,Low,Yes,1,Low,Medium,Public,Positive,3,No,High School,Far,Male,49
22,78,Medium,Medium,No,8,58,Medium,Yes,1,Low,High,Private,Positive,2,No,Postgraduate,Far,Male,54
22,77,Low,Low,Yes,9,95,Medium,Yes,5,Low,Low,Public,Negative,3,No,High School,Moderate,Female,67
24,91,High,Low,No,8,74,Medium,Yes,0,Low,Low,Private,Positive,1,No,High School,Moderate,Male,65
7,60,Low,Medium,No,6,65,Medium,Yes,0,Medium,Low,Private,Positive,3,No,Postgraduate,Moderate,Female,25
18,76,Medium,Low,No,6,67,Medium,Yes,1,Medium,Medium,Public,Neutral,4,No,High School,Far,Male,47
7,75,Medium,High,No,8,72,Medium,No,1,Medium,Medium,Private,Neutral,1,No,High School,Near,Male,37
20,91,High,High,Yes,6,85,Medium,Yes,0,Medium,Medium,Public,Neutral,4,No,,Near,Male,72
20,80,High,Medium,Yes,6,60,Low,Yes,1,Low,Medium,Public,Positive,2,No,Postgraduate,Moderate,Female,53
26,100,High,Medium,No,7,67,Medium,Yes,0,High,Low,Public,Neutral,4,No,Postgraduate,Near,Female,76
27,87,Medium,High,No,8,71,Medium,Yes,2,Low,Medium,Private,Neutral,5,No,High School,Near,Female,74
21,75,Medium,Low,Yes,10,92,Medium,Yes,2,Low,Low,Public,Positive,3,No,College,Moderate,Female,63
17,83,Medium,High,No,8,85,Medium,Yes,2,High,High,Public,Neutral,4,No,High School,Near,Male,68
23,76,Low,Low,Yes,7,93,Medium,Yes,0,Medium,Medium,Private,Positive,3,No,College,Near,Male,67
17,89,Medium,High,No,6,72,Low,No,1,Low,Medium,Private,Neutral,4,Yes,Postgraduate,Near,Female,51
20,65,High,Low,Yes,8,91,Low,Yes,3,Low,High,Private,Neutral,3,No,High School,Moderate,Female,59
26,71,High,High,No,9,88,Medium,Yes,1,Medium,Medium,Private,Neutral,4,No,High School,Near,Female,72
17,85,Medium,Low,Yes,8,81,High,Yes,0,Medium,Medium,Public,Neutral,2,Yes,High School,Near,Female,52
25,93,Low,High,Yes,7,82,High,Yes,1,High,Medium,Public,Positive,4,No,High School,Moderate,Female,81
24,60,Low,Medium,No,6,64,High,Yes,0,Low,Medium,Public,Negative,2,No,Postgraduate,Near,Male,47
14,95,Medium,Low,No,7,96,Medium,Yes,4,High,Low,Public,Positive,2,No,High School,Moderate,Male,72
26,78,Low,High,Yes,9,69,High,No,1,Low,Medium,Private,Positive,2,Yes,College,Near,Male,58
24,60,Medium,Low,Yes,7,79,Medium,Yes,2,Low,Medium,Private,Positive,3,No,High School,Near,Male,57
21,60,Low,Medium,Yes,7,81,High,Yes,2,Medium,Medium,Public,Neutral,4,No,College,Near,Male,58
15,63,Low,Medium,No,6,54,Medium,Yes,0,High,Medium,Private,Neutral,4,No,College,Near,Male,32
15,80,Medium,High,Yes,10,71,Medium,Yes,0,Medium,Medium,Private,Positive,2,No,High School,Moderate,Female,50
17,79,High,High,No,6,75,Low,Yes,0,Low,Medium,Public,Positive,5,No,High School,Near,Male,56
23,87,Medium,Medium,Yes,6,71,Medium,Yes,3,Medium,Low,Public,Neutral,4,No,High School,Moderate,Female,65
14,74,Medium,High,Yes,7,71,Medium,Yes,0,Medium,Medium,Private,Positive,3,No,College,Near,Male,50
23,68,Medium,High,No,7,91,Medium,Yes,5,High,,Public,Neutral,2,Yes,Postgraduate,Near,Male,72
13,75,High,Medium,Yes,8,61,Medium,Yes,3,Medium,Medium,Public,Neutral,1,No,High School,Far,Female,43
19,80,Medium,Medium,Yes,8,56,High,Yes,2,Medium,High,Private,Neutral,4,No,High School,Near,Female,54
21,83,Medium,Medium,No,5,64,High,No,1,High,Medium,Private,Negative,3,No,High School,Near,Female,55
35,71,Medium,Low,Yes,6,82,Medium,Yes,4,Low,High,Private,Negative,4,No,High School,Far,Female,76
12,90,Medium,Medium,Yes,6,83,Medium,Yes,2,Low,High,Public,Positive,4,No,High School,Near,Female,61
29,73,Medium,Low,Yes,8,80,Medium,Yes,2,Medium,Low,Public,Positive,2,No,High School,Moderate,Female,67
21,70,High,High,Yes,8,84,Medium,Yes,1,Medium,Medium,Public,Positive,3,Yes,High School,Far,Male,57
22,74,High,Medium,Yes,6,75,High,Yes,2,High,High,Public,Negative,3,No,High School,Far,Female,64
21,92,High,Medium,Yes,7,65,Low,Yes,0,Low,Low,Public,Neutral,5,No,College,Near,Male,59
23,79,High,Low,Yes,5,60,High,Yes,1,Medium,Low,Public,Negative,3,No,High School,Moderate,Male,52
19,72,Low,Low,Yes,6,56,Low,Yes,0,Low,Low,Private,Positive,4,No,College,Moderate,Female,37
29,90,Medium,High,Yes,5,69,High,Yes,4,Medium,Medium,Public,Negative,3,No,College,Moderate,Male,80
17,100,Low,Medium,Yes,7,82,Medium,Yes,0,Low,Medium,Public,Positive,5,No,College,Near,Male,68
27,82,Medium,High,No,7,75,Medium,No,4,Medium,Medium,Public,Neutral,2,No,Postgraduate,,Male,74
16,94,Medium,Medium,Yes,6,72,Low,Yes,1,Medium,,Public,Positive,2,No,High School,Far,Male,57
20,91,Medium,Low,Yes,8,58,Low,No,0,Medium,Medium,Public,Negative,1,No,College,Moderate,Male,46
14,73,Medium,Medium,No,8,100,Low,Yes,2,Low,Medium,Private,Positive,3,No,College,Moderate,Female,60
23,80,High,Medium,No,6,61,High,Yes,1,Medium,Medium,Public,Negative,3,No,High School,Near,Male,60
29,66,Medium,Low,Yes,7,74,Medium,Yes,3,Medium,Medium,Public,Negative,3,No,High School,Near,Female,63
20,78,High,Medium,No,8,85,Low,No,0,Low,Medium,Private,Negative,4,No,College,Near,Male,58
19,73,High,Low,No,7,73,Medium,Yes,2,Medium,High,Public,Neutral,5,No,Postgraduate,Near,Male,60
13,76,High,Low,No,5,62,Medium,No,0,High,High,Public,Positive,2,Yes,College,Near,Female,35
19,72,Low,Low,Yes,6,83,Medium,Yes,1,High,Low,Public,Neutral,3,No,High School,Near,Male,53
10,77,Medium,Medium,Yes,6,55,Medium,Yes,1,High,Medium,Private,Neutral,1,No,College,Near,Female,36
15,86,Medium,Medium,Yes,7,95,High,Yes,2,Medium,Medium,Private,Neutral,3,No,High School,Near,Female,68
21,79,High,Low,Yes,7,76,Medium,Yes,1,High,Medium,Public,Positive,2,No,High School,Near,Male,62
28,60,Low,High,Yes,9,69,Low,Yes,1,Medium,High,Public,Positive,2,No,Postgraduate,Moderate,Male,58
37,72,Medium,High,No,7,54,Medium,No,0,Medium,High,Public,Neutral,3,No,Postgraduate,Moderate,Female,68
16,63,Medium,Medium,No,5,57,Medium,Yes,3,Low,Medium,Public,Negative,4,Yes,High School,Far,Female,29
29,83,Medium,Low,No,7,71,High,Yes,4,Medium,Medium,Private,Negative,3,Yes,Postgraduate,Near,Male,69
21,86,High,Low,No,9,97,Low,No,3,Medium,Medium,Private,Neutral,5,No,High School,Near,Female,72
19,83,Low,Low,Yes,7,75,Medium,Yes,2,High,Low,Private,Negative,3,No,Postgraduate,Near,Female,58
23,71,Medium,High,Yes,6,77,Medium,Yes,0,High,Low,Public,Neutral,1,No,College,Near,Male,61
20,83,Medium,High,Yes,7,77,Medium,Yes,1,Low,Low,Public,Positive,2,Yes,Postgraduate,Moderate,Male,58
21,75,Medium,Low,Yes,8,100,Medium,No,0,High,Medium,Public,Neutral,4,No,High School,Far,Male,63
18,67,Low,Medium,Yes,7,66,Medium,Yes,1,Low,Medium,Public,Positive,4,No,College,Far,Female,45
12,88,Medium,Low,Yes,5,92,Low,Yes,3,Low,Medium,Private,Positive,3,No,Postgraduate,Near,Male,62
11,89,Medium,Low,No,6,67,Medium,Yes,1,Medium,Low,Public,Negative,3,No,College,Near,Female,44
24,90,High,Medium,Yes,7,63,High,Yes,1,High,High,Private,Positive,3,No,High School,Moderate,Male,72
18,73,Medium,Low,Yes,8,71,High,No,1,High,Medium,Public,Positive,4,No,College,Moderate,Male,53
16,93,High,Low,No,6,71,Medium,Yes,1,Medium,Medium,Public,Positive,3,No,High School,Near,Male,60
20,75,Low,Medium,No,7,79,Medium,No,1,Medium,High,Public,Negative,1,No,High School,Far,Male,50
25,87,High,Medium,Yes,7,42,Medium,Yes,0,Medium,Medium,Private,Negative,2,Yes,High School,Near,Female,45
21,74,Medium,Medium,Yes,6,74,Low,Yes,2,High,High,Public,Positive,2,No,High School,Moderate,Female,59
16,78,Medium,Medium,Yes,7,64,Medium,Yes,2,High,Medium,Public,Positive,2,No,High School,Near,Female,52
27,60,Medium,Medium,Yes,8,63,Low,No,2,Low,Low,Public,Neutral,1,Yes,College,Near,Male,38
29,77,Low,Medium,No,5,55,Medium,No,1,Low,Medium,Public,Positive,3,No,College,Near,Male,56
23,81,Low,Medium,Yes,7,67,Low,Yes,2,Low,Medium,Public,Neutral,3,No,College,Far,Male,57
26,75,High,High,Yes,5,65,Low,Yes,1,High,High,Public,Neutral,4,No,Postgraduate,Near,Male,66
27,99,High,Low,Yes,6,66,Medium,Yes,0,Medium,,Public,Positive,5,No,High School,Moderate,Female,73
27,67,Low,Medium,Yes,6,51,High,Yes,1,Low,Medium,Public,Negative,4,No,High School,Moderate,Male,46
24,74,Medium,Low,Yes,9,73,Medium,Yes,3,Medium,Low,Private,Neutral,4,No,College,Near,Male,59
24,70,Medium,Medium,No,5,62,Low,Yes,3,Medium,Medium,Private,Negative,1,Yes,College,Near,Female,45
23,74,Medium,Medium,Yes,6,51,Medium,Yes,3,Medium,Low,Private,Neutral,4,No,High School,Near,Male,50
13,91,Medium,High,Yes,7,65,Medium,Yes,2,Medium,Medium,Public,Positive,3,No,Postgraduate,Moderate,Male,58
24,96,High,High,No,9,62,High,Yes,1,Medium,Low,Public,Positive,4,No,College,Moderate,Male,73
12,72,Medium,Medium,Yes,10,73,Medium,Yes,4,Low,Low,Private,Neutral,1,No,High School,Near,Female,43
15,72,Medium,Low,Yes,6,65,Low,Yes,4,High,Low,Private,Negative,4,No,College,Near,Male,43
28,67,Medium,High,Yes,8,53,Medium,Yes,2,High,Medium,Public,Neutral,2,Yes,High School,Near,Female,51
25,94,Medium,Low,No,7,60,Low,Yes,0,Low,Medium,Public,Neutral,2,No,High School,Far,Female,55
29,92,Low,Medium,No,7,50,Medium,No,3,Medium,Low,Public,Negative,5,Yes,Postgraduate,Far,Male,57
18,79,High,High,No,7,87,High,No,2,Medium,Medium,Public,Negative,3,No,College,Near,Female,67
13,65,Medium,Medium,Yes,5,89,High,Yes,1,Medium,Medium,Public,Negative,3,No,High School,Near,Male,49
19,66,High,Medium,No,7,90,Low,Yes,1,Low,Low,Private,Positive,2,No,High School,Moderate,Female,56
21,82,High,Low,Yes,8,64,Medium,Yes,2,Medium,Medium,Private,Neutral,3,Yes,High School,Near,Female,50
20,86,Medium,Low,Yes,6,89,Medium,Yes,1,Medium,Medium,Public,Positive,2,No,High School,Near,Female,67
27,60,Medium,High,No,8,77,Low,Yes,1,Low,Medium,Private,Negative,3,No,Postgraduate,Moderate,Male,58
18,76,Low,Low,No,5,61,High,Yes,1,Medium,Medium,Public,Neutral,3,No,College,Moderate,Male,45
22,98,Medium,Medium,No,7,64,High,Yes,2,Medium,Medium,Public,Neutral,3,No,Postgraduate,Near,Female,73
14,78,Medium,Medium,Yes,9,70,Medium,Yes,1,Low,High,Public,Positive,2,No,Postgraduate,Moderate,Male,50
23,96,Low,Medium,Yes,7,73,High,Yes,3,High,Medium,Private,Negative,3,No,College,Near,Female,74
20,87,Low,Low,No,6,77,Low,No,1,Medium,Medium,Public,Neutral,3,No,College,Far,Male,53
16,68,High,Low,No,5,72,Medium,Yes,1,Medium,Medium,Public,Positive,4,No,High School,Near,Male,46
19,77,Medium,Medium,Yes,8,67,High,Yes,1,Medium,Medium,Public,Positive,4,Yes,College,Moderate,Female,51
19,79,Medium,Medium,No,8,90,High,Yes,0,Low,,Public,Positive,3,No,High School,Far,Female,63
18,70,Medium,High,Yes,7,71,Medium,Yes,0,High,Medium,Private,Positive,3,No,College,Near,Female,56
31,69,Medium,Medium,Yes,6,70,Medium,Yes,3,Low,Medium,Public,Positive,4,Yes,High School,Near,Female,63
19,97,Medium,High,Yes,4,69,Medium,Yes,1,Medium,Medium,Public,Positive,2,No,College,Moderate,Male,67
19,69,High,Low,No,7,71,High,Yes,0,Low,Medium,Public,Negative,3,No,College,Moderate,Female,48
7,92,Medium,Medium,Yes,6,54,Low,Yes,2,Medium,Medium,Public,Neutral,3,No,College,Moderate,Male,37
15,75,Low,High,Yes,6,59,Low,No,1,Medium,Medium,Public,Negative,1,No,Postgraduate,Near,Male,37
18,80,Medium,High,No,9,100,Medium,Yes,2,Medium,Medium,Public,Neutral,3,Yes,High School,Moderate,Male,63
16,86,Low,Medium,Yes,4,51,Medium,No,0,High,Medium,Private,Positive,3,No,High School,Near,Male,40
28,73,High,Medium,No,5,76,Low,Yes,3,High,High,Public,Neutral,2,No,College,Near,Female,72
19,86,Low,High,No,7,76,Medium,Yes,1,Low,High,Private,Neutral,4,No,High School,Near,Male,64
28,60,Low,Low,No,6,85,Medium,Yes,2,High,High,Public,Positive,5,No,High School,Near,Male,67
20,85,Medium,Low,Yes,6,77,High,Yes,1,Low,Low,Public,Neutral,3,No,High School,Near,Male,60
20,60,Low,Medium,Yes,7,97,Low,Yes,1,Medium,Medium,Public,Negative,2,No,College,Near,Male,54
19,78,Medium,High,Yes,7,75,High,Yes,2,High,Medium,Public,Neutral,3,No,College,Far,Female,64
20,89,Medium,Medium,No,6,90,High,Yes,2,Low,Low,Private,Neutral,2,No,High School,Moderate,Female,72
30,87,High,Medium,No,6,86,Medium,Yes,0,Medium,High,Public,Neutral,5,No,College,Near,Male,85
6,66,Low,High,No,7,92,Low,Yes,1,Medium,Medium,Public,Neutral,2,No,High School,Moderate,Female,37
8,67,Medium,Low,Yes,7,72,High,No,1,Medium,Medium,Public,Positive,3,No,Postgraduate,Moderate,Male,37
17,72,Medium,High,No,8,77,Medium,Yes,3,High,High,Public,Neutral,4,No,High School,Near,Male,60
20,82,Low,Low,Yes,6,67,Medium,Yes,2,Medium,Medium,Private,Neutral,2,No,High School,Far,Male,51
24,60,Medium,Medium,Yes,7,74,Low,Yes,0,Medium,High,Public,Negative,2,No,High School,Near,Male,50
23,80,High,Medium,Yes,8,75,Medium,Yes,1,Low,Medium,Private,Neutral,4,No,Postgraduate,Moderate,Male,66
18,83,High,Low,Yes,7,45,Medium,Yes,2,Low,Low,Public,Neutral,4,No,High School,Moderate,Male,44
26,77,High,Medium,Yes,7,70,Medium,Yes,1,Medium,Low,Private,Neutral,2,No,Postgraduate,Moderate,Male,65
26,86,Medium,High,No,7,84,High,Yes,2,High,High,Private,Negative,2,No,High School,Moderate,Female,79
21,82,Medium,Medium,Yes,6,54,Medium,Yes,0,Medium,Medium,Private,Neutral,4,No,High School,Near,Male,50
26,74,High,Low,No,6,59,Low,Yes,1,Medium,Medium,Private,Negative,4,Yes,College,Near,Female,46
22,60,Low,Low,Yes,7,87,Medium,Yes,0,High,Medium,Public,Neutral,2,No,High School,Near,Female,53
17,81,Medium,Medium,Yes,8,89,Low,Yes,3,High,Medium,Private,Positive,3,No,High School,Moderate,Male,64
24,70,High,Medium,Yes,6,64,Low,Yes,2,Medium,Medium,Public,Neutral,2,No,College,Near,Female,55
21,74,High,Medium,Yes,7,74,Medium,Yes,1,Low,Medium,Public,Neutral,4,No,Postgraduate,Moderate,Female,60
20,85,High,Low,No,7,71,Low,Yes,0,Medium,Medium,Public,Neutral,3,No,College,Near,Male,58
29,96,Low,Medium,No,9,87,Low,Yes,1,Low,Medium,Public,Positive,1,No,High School,Moderate,Female,78
5,80,Medium,Medium,Yes,8,65,Low,Yes,3,Low,High,Public,Neutral,3,No,Postgraduate,Moderate,Male,35
11,86,Low,Low,No,8,67,Low,Yes,1,High,High,Private,Positive,3,No,Postgraduate,Far,Male,43
13,64,High,Medium,No,8,89,High,No,3,High,Medium,Public,Positive,4,No,College,Near,Female,58
18,83,Medium,Medium,No,6,59,Medium,No,4,Medium,High,Public,Negative,2,No,High School,Near,Male,52
18,79,Low,High,Yes,9,66,High,Yes,2,Low,Low,Private,Positive,4,No,College,Moderate,Female,55
11,94,High,Medium,Yes,7,74,High,Yes,2,Low,High,Public,Positive,3,No,High School,Near,Male,62
14,74,Medium,Low,Yes,7,92,High,Yes,3,Low,High,Public,Positive,4,No,High School,Moderate,Male,62
15,77,Medium,High,Yes,5,56,Low,No,1,Low,Medium,Public,Neutral,1,No,College,Near,Female,37
35,92,High,Low,Yes,6,63,Medium,Yes,3,Low,High,Public,Positive,3,No,High School,Near,Male,85
31,79,Medium,High,Yes,5,80,Medium,Yes,3,Medium,Medium,Public,Positive,3,No,High School,Moderate,Female,80
18,68,Medium,Medium,Yes,7,82,Medium,No,0,Low,Medium,Public,Negative,3,No,High School,Near,Male,47
18,100,Low,High,No,6,75,Low,Yes,1,Low,Medium,Public,Neutral,3,No,College,Near,Male,64
13,68,Low,High,Yes,6,70,Low,Yes,1,High,High,Public,Neutral,3,No,College,Near,Male,43
9,79,Low,High,No,5,74,Medium,Yes,1,Medium,High,Public,Positive,0,No,High School,Near,Female,44
19,84,Medium,Low,No,8,52,Medium,Yes,2,Medium,High,Public,Neutral,5,Yes,Postgraduate,Far,Male,45
14,83,Medium,High,Yes,8,73,Medium,Yes,1,Medium,Low,Public,Neutral,2,Yes,High School,Far,Male,44
19,78,Medium,Medium,Yes,9,91,Medium,Yes,1,High,Low,Public,Negative,2,No,High School,Near,Male,61
10,78,Medium,Medium,Yes,9,55,Medium,Yes,2,Medium,Medium,Public,Positive,3,No,Postgraduate,Near,Male,40
15,77,Low,Medium,Yes,7,62,Medium,Yes,0,Low,High,Public,Positive,4,No,High School,Near,Male,44
21,68,Medium,Medium,No,8,67,Medium,Yes,3,Medium,Medium,Public,Positive,1,No,High School,Near,Male,54
22,100,High,High,No,7,68,High,Yes,0,Medium,Low,Private,Positive,1,No,College,Moderate,Female,72
23,78,Low,High,No,6,96,Medium,Yes,0,High,Medium,Private,Positive,5,No,College,Near,Male,76
12,87,Medium,Medium,No,7,60,Medium,Yes,2,Medium,High,Public,Neutral,3,No,High School,Moderate,Female,48
25,76,Low,Medium,Yes,8,57,Medium,Yes,1,Medium,High,Public,Positive,3,Yes,,Near,Female,51
15,76,Medium,Low,Yes,10,82,Low,Yes,1,High,High,Public,Neutral,2,No,Postgraduate,Moderate,Male,51
24,75,Medium,Medium,No,9,64,Medium,Yes,2,Low,Medium,Public,Neutral,5,No,High School,Near,Female,58
20,63,Low,High,No,7,82,High,Yes,2,High,High,Public,Neutral,4,No,College,Moderate,Female,61
12,78,Medium,Medium,No,8,69,Medium,Yes,1,Medium,High,Private,Positive,2,No,College,Far,Female,46
18,76,High,High,Yes,8,78,Medium,No,2,High,High,Private,Positive,5,Yes,Postgraduate,Moderate,Female,59
22,93,Low,Medium,No,7,52,Low,No,2,Medium,Medium,Public,Positive,4,No,College,Moderate,Male,55
24,67,Medium,Medium,No,8,78,Medium,Yes,3,Medium,Medium,Public,Positive,4,No,High School,Moderate,Female,63
19,74,Medium,Medium,Yes,7,75,Low,Yes,1,Low,High,Public,Negative,4,No,High School,Moderate,Female,50
29,70,Low,Low,No,6,69,Medium,Yes,2,Low,Medium,Private,Positive,3,No,High School,Moderate,Female,60
26,96,Medium,High,No,8,56,Medium,Yes,1,Medium,Medium,Public,Negative,5,No,College,Near,Male,69
18,70,Medium,High,Yes,8,75,Low,Yes,2,Low,Medium,Private,Neutral,5,No,College,Moderate,Female,54
25,86,Low,High,No,7,81,Medium,Yes,2,Low,High,Private,Neutral,5,Yes,College,Near,Male,69
32,91,High,High,No,7,65,Low,Yes,2,Medium,Medium,Public,Neutral,0,No,High School,Near,Male,79
32,78,Medium,Medium,No,8,65,Low,Yes,1,Low,Low,Public,Negative,3,No,Postgraduate,Moderate,Female,64
13,65,Medium,Medium,No,7,82,Medium,Yes,0,Medium,Medium,Public,Negative,3,No,Postgraduate,Near,Male,44
14,65,Low,High,Yes,6,94,Medium,Yes,2,Low,Low,Public,Positive,3,No,High School,Near,Female,53
29,89,Low,Low,Yes,6,84,Low,Yes,0,Low,Medium,Private,Neutral,3,No,High School,Near,Male,70
14,66,Medium,High,Yes,7,75,Low,Yes,1,Medium,Low,Public,Negative,3,No,College,Far,Male,40
12,84,Medium,Low,Yes,9,69,Medium,Yes,3,Low,Medium,Public,Neutral,5,No,High School,Near,Male,49
17,81,Medium,High,No,7,72,Low,No,1,Low,Medium,Public,Neutral,4,No,College,Far,Female,51
23,84,Medium,Medium,No,8,55,High,Yes,2,Low,Medium,Public,Positive,3,No,High School,Moderate,Male,59
19,85,Medium,High,No,7,70,High,Yes,3,Low,Medium,Private,Neutral,4,No,Postgraduate,Near,Male,68
16,70,Medium,Medium,Yes,6,87,Medium,Yes,2,Low,Medium,Public,Positive,3,No,College,Moderate,Female,56
16,69,High,Medium,Yes,6,73,Medium,No,1,Medium,Low,Public,Negative,5,No,College,Near,Male,45
16,88,Medium,High,No,7,64,Medium,Yes,2,Medium,Low,Private,Positive,3,No,College,Near,Female,57
15,73,Medium,Medium,Yes,6,63,Medium,Yes,3,Low,Medium,Public,Positive,5,No,High School,Moderate,Female,49
34,60,High,Low,No,9,72,Medium,Yes,2,Medium,Medium,Private,Negative,4,No,Postgraduate,Moderate,Male,67
22,87,Medium,Low,No,7,56,Medium,Yes,0,High,Medium,Private,Neutral,4,Yes,College,Near,Male,50
25,69,High,Medium,No,7,60,Medium,Yes,1,Medium,Medium,Public,Positive,1,No,College,Moderate,Female,57
17,85,High,Medium,No,7,92,High,Yes,0,High,Medium,Public,Neutral,4,Yes,High School,Near,Male,62
19,95,Medium,Medium,No,8,59,High,Yes,4,Low,Medium,Public,Negative,1,No,Postgraduate,Moderate,Female,63
16,80,Medium,Low,Yes,9,62,Medium,Yes,1,Medium,High,Public,Negative,3,No,College,Near,Female,45
4,91,High,Low,No,6,76,High,No,4,Medium,Medium,Private,Negative,1,No,High School,Moderate,Female,44
12,82,High,High,No,7,66,Medium,Yes,2,Medium,Low,Private,Neutral,4,No,College,Far,Female,50
9,97,Low,Medium,No,5,73,Medium,Yes,4,Medium,Low,Private,Positive,3,No,High School,Near,Male,55
7,68,Medium,Low,No,9,83,Medium,Yes,2,Medium,High,Public,Negative,4,No,High School,Far,Female,36
13,80,Medium,Low,No,7,52,High,Yes,1,High,High,Private,Neutral,0,No,College,Near,Male,41
28,87,High,Low,No,5,82,High,Yes,1,Low,Medium,Public,Positive,4,Yes,College,Near,Female,74
20,78,High,High,No,5,64,Medium,Yes,0,Medium,High,Public,Positive,4,No,College,,Female,58
28,93,High,Medium,No,8,68,Medium,Yes,1,Low,Medium,Public,Positive,2,Yes,High School,,Male,66
22,75,Medium,Medium,No,5,97,Medium,Yes,4,Low,Low,Private,Neutral,2,No,High School,Near,Male,71
25,100,High,Medium,Yes,7,54,Medium,Yes,1,Medium,High,Private,Neutral,5,No,High School,Near,Male,71
15,100,Low,High,Yes,6,80,Medium,Yes,1,Medium,Medium,Public,Neutral,3,No,High School,Near,Female,64
23,83,Medium,Medium,No,7,87,High,Yes,2,High,Medium,Public,Positive,4,No,Postgraduate,Near,Male,80
24,86,Medium,Medium,Yes,6,63,High,Yes,2,Medium,High,Private,Neutral,1,Yes,College,Moderate,Male,59
17,93,Medium,Medium,Yes,6,63,Medium,Yes,1,Medium,Medium,Private,Negative,3,No,High School,Far,Female,53
23,67,Medium,High,Yes,6,67,Medium,Yes,0,Medium,Medium,Private,Negative,4,No,College,Near,Male,52
23,66,Low,Medium,Yes,8,63,Medium,Yes,2,Low,High,Private,Neutral,2,No,Postgraduate,Near,Female,52
17,94,Low,Medium,Yes,7,73,Medium,Yes,3,Medium,High,Public,Neutral,2,No,College,Moderate,Female,64
13,83,High,High,Yes,8,84,High,Yes,2,Low,Medium,Private,Positive,3,No,College,Near,Male,65
13,78,Low,Low,No,7,67,Low,Yes,2,High,Low,Private,Neutral,2,No,High School,Near,Female,41
21,80,Medium,Medium,Yes,8,84,High,Yes,6,High,High,Public,Positive,5,No,High School,Moderate,Male,81
22,60,Low,Medium,Yes,8,90,Medium,Yes,0,Low,Medium,Private,Positive,4,No,College,Near,Male,57
15,78,Medium,High,Yes,6,78,Medium,Yes,2,Low,Medium,Public,Positive,3,No,Postgraduate,Moderate,Male,58
20,72,Medium,Low,Yes,6,79,High,No,1,Medium,High,Public,Negative,6,No,High School,Near,Female,56
23,90,Medium,Medium,Yes,8,64,Medium,Yes,3,Low,Medium,Private,Positive,3,No,College,Near,Female,69
24,91,Medium,High,Yes,6,40,Medium,Yes,0,Low,Low,Private,Positive,4,No,College,Near,Female,55
29,86,Medium,Medium,Yes,8,80,Low,Yes,1,Medium,Medium,Public,Neutral,2,No,College,Moderate,Female,72
28,84,High,Medium,Yes,7,82,Low,Yes,1,Medium,High,Private,Positive,3,No,High School,Near,Female,78
14,64,Low,Low,Yes,6,75,Medium,Yes,1,Low,High,Public,Neutral,4,No,Postgraduate,Far,Female,39
30,86,High,Low,Yes,8,84,Medium,Yes,1,High,Medium,Public,Negative,4,No,High School,Near,Male,78
17,87,Low,Medium,Yes,9,65,Medium,Yes,1,Medium,High,Public,Negative,2,No,High School,Near,Male,50
26,94,High,Low,No,8,79,Medium,Yes,1,Medium,High,Private,Positive,1,No,High School,Far,Male,75
20,100,Low,High,Yes,7,91,Low,Yes,1,Low,High,Private,Neutral,3,No,Postgraduate,Near,Male,78
18,61,Medium,Medium,Yes,9,81,High,Yes,4,Low,High,Public,Positive,3,No,College,Near,Male,60
9,76,Medium,High,Yes,5,89,High,Yes,1,Low,High,Private,Positive,1,No,High School,Near,Female,53
19,72,Medium,Low,No,5,90,High,Yes,4,High,Medium,Public,Positive,6,No,High School,Near,Male,70
11,82,High,Medium,No,6,56,Low,Yes,1,High,Medium,Private,Neutral,3,Yes,Postgraduate,Far,Female,34
26,80,Low,High,No,9,81,Medium,No,0,Low,High,Private,Negative,1,Yes,High School,Near,Female,56
29,77,Medium,Low,No,8,64,Medium,Yes,1,Medium,High,Private,Neutral,4,No,College,Far,Male,63
15,91,High,Low,Yes,5,58,High,Yes,0,Medium,Medium,Public,Neutral,1,No,High School,Near,Male,49
22,68,High,Medium,Yes,6,68,Medium,No,3,Low,Medium,Public,Positive,2,No,Postgraduate,Moderate,Male,57
16,69,Medium,Low,Yes,5,95,High,No,1,High,Low,Public,Neutral,4,No,High School,Near,Male,53
16,69,Medium,Low,No,7,65,High,Yes,3,Medium,Low,Public,Neutral,2,No,Postgraduate,Near,Female,48
25,76,High,Medium,Yes,8,49,Low,Yes,1,Medium,Low,Public,Positive,2,No,High School,Moderate,Male,50
20,66,High,High,Yes,8,53,Medium,No,2,Low,High,Private,Positive,4,No,High School,Moderate,Female,46
30,79,High,Low,Yes,7,78,Medium,Yes,2,Low,Medium,Public,Neutral,3,No,College,Moderate,Male,75
17,78,High,Medium,No,6,62,Medium,Yes,5,Medium,Medium,Public,Positive,2,No,High School,Near,Male,56
26,71,Medium,Medium,Yes,7,45,High,No,1,Medium,Low,Public,Neutral,3,No,College,Far,Male,47
21,90,Medium,Medium,No,8,54,Low,No,2,Medium,Medium,Public,Neutral,5,No,High School,Moderate,Male,51
25,79,Medium,Medium,No,10,74,High,Yes,1,High,Low,Public,Neutral,4,No,High School,Near,Female,66
17,92,Low,Low,Yes,5,82,Low,Yes,1,Medium,Medium,Private,Positive,1,No,College,Near,Male,60
20,78,High,Low,Yes,9,66,Medium,Yes,2,High,High,Public,Neutral,5,No,High School,Near,Female,59
19,80,Medium,Medium,No,7,80,Low,Yes,0,Medium,High,Public,Positive,3,No,High School,Near,Female,61
15,74,Low,High,Yes,8,84,Medium,Yes,3,High,Low,Private,Neutral,3,No,College,Moderate,Female,56
24,80,Medium,Medium,Yes,7,62,Medium,No,1,Low,Medium,Public,Negative,2,No,High School,Far,Female,52
24,88,Medium,Medium,Yes,9,70,Medium,Yes,4,Low,Medium,Public,Neutral,2,No,High School,Near,Male,68
24,75,Low,High,No,7,64,High,Yes,0,High,Medium,Public,Neutral,3,No,College,Near,Female,61
29,86,Medium,High,No,6,79,Medium,Yes,2,Low,Medium,Public,Positive,3,No,College,Near,Female,82
29,71,Medium,High,Yes,8,64,Low,Yes,1,Low,Medium,Public,Positive,5,No,College,Far,Male,60
18,88,Medium,Medium,Yes,9,56,Medium,No,0,Medium,Medium,Private,Negative,2,No,High School,Far,Female,43
22,74,Low,High,Yes,7,73,Medium,Yes,1,Medium,Medium,Private,Positive,3,No,College,Near,Female,60
16,89,Medium,Medium,No,4,86,Medium,Yes,1,Low,Medium,Public,Positive,0,No,Postgraduate,Near,Male,64
20,81,Low,Medium,No,7,79,Low,Yes,1,Medium,Low,Private,Positive,2,No,Postgraduate,Near,Male,60
16,97,High,High,No,7,85,Low,Yes,3,Low,Low,Public,Neutral,4,No,High School,Moderate,Male,70
30,67,Medium,Medium,Yes,7,84,High,Yes,2,Low,High,Private,Negative,5,No,High School,Near,Male,75
22,64,High,High,Yes,6,73,High,Yes,0,High,Medium,Private,Negative,5,No,College,Moderate,Female,58
19,73,Low,High,No,9,64,Low,Yes,0,Low,Medium,Private,Neutral,3,No,College,Near,Male,44
27,65,Low,Medium,Yes,4,61,High,Yes,0,Medium,Medium,Public,Positive,3,No,High School,Near,Female,53
7,65,Medium,Low,Yes,7,51,Low,No,3,Low,High,Public,Positive,2,No,Postgraduate,Far,Male,23
8,87,High,High,Yes,7,87,Medium,Yes,2,High,Medium,Public,Neutral,3,No,Postgraduate,Far,Male,61
25,80,High,Medium,No,10,68,Low,Yes,2,Low,Medium,Public,Positive,4,No,College,Near,Male,63
20,75,Medium,Medium,Yes,7,50,Low,No,2,Low,Medium,Public,Positive,4,No,College,Moderate,Male,44
22,76,Medium,Low,Yes,8,88,Medium,Yes,0,Medium,Medium,Public,Negative,2,No,High School,Near,Female,60
12,73,Low,High,No,7,73,Medium,Yes,2,Low,Medium,Private,Neutral,3,No,College,Far,Male,45
20,98,Medium,High,No,7,85,Medium,Yes,1,Low,Medium,Public,Negative,3,Yes,College,Near,Male,65
32,72,Medium,Low,Yes,9,69,High,No,1,Low,,Public,Neutral,2,No,Postgraduate,Far,Female,63
25,65,High,Medium,No,5,62,Low,Yes,0,Medium,Low,Private,Positive,3,No,Postgraduate,Near,Male,52
21,89,Medium,High,Yes,6,78,Medium,No,1,High,Low,Public,Positive,4,No,College,Moderate,Male,69
17,78,High,Low,Yes,8,79,Low,Yes,0,Medium,Low,Public,Positive,6,No,High School,Near,Female,53
18,100,High,Low,No,7,68,Low,Yes,2,Medium,Low,Public,Positive,3,No,High School,Moderate,Female,62
7,74,Low,Medium,Yes,7,89,Medium,No,1,High,High,Public,Neutral,4,No,Postgraduate,Moderate,Female,45
22,89,Medium,High,Yes,7,84,Low,No,0,High,High,Public,Neutral,2,No,College,Near,Male,70
25,92,High,Medium,Yes,8,79,High,No,1,High,Medium,Public,Neutral,3,No,High School,Far,Male,75
11,74,Medium,Low,No,8,58,Medium,Yes,0,Medium,Medium,Public,Neutral,3,No,College,Far,Female,32
16,72,Medium,Low,Yes,6,56,Medium,Yes,3,Low,Medium,Public,Positive,4,Yes,College,Near,Female,37
13,88,High,Medium,Yes,7,88,Low,Yes,2,Low,High,Private,Positive,4,No,High School,Far,Male,62
14,86,Low,Low,No,7,44,Low,Yes,0,Low,Medium,Public,Negative,4,Yes,Postgraduate,Near,Male,26
20,64,High,Medium,No,8,71,Medium,Yes,1,Medium,Medium,Public,Positive,3,Yes,College,Moderate,Male,47
7,68,Medium,Low,Yes,7,74,Low,Yes,2,Medium,High,Public,Neutral,3,No,High School,Far,Male,33
24,60,Medium,High,No,5,66,Low,Yes,0,Medium,Medium,Public,Neutral,2,No,High School,Moderate,Female,46
25,87,Medium,Medium,No,8,72,Low,Yes,3,High,High,Public,Neutral,3,No,High School,Near,Male,70
18,77,Medium,High,No,8,77,High,Yes,1,Low,Low,Private,Neutral,3,No,Postgraduate,Near,Female,59
5,78,Low,Low,Yes,9,64,Medium,Yes,1,High,High,Private,Positive,5,No,College,Near,Female,35
14,61,Low,Medium,Yes,5,83,Low,Yes,1,Medium,Low,Public,Positive,3,No,College,Near,Female,41
27,68,Medium,High,No,7,80,Medium,Yes,2,Medium,Medium,Private,Positive,2,Yes,High School,Moderate,Male,62
3,75,Medium,Medium,No,7,70,High,Yes,1,Low,Medium,Private,Neutral,4,No,High School,Moderate,Female,34
18,73,Medium,Low,Yes,6,61,Low,Yes,1,Low,High,Public,Neutral,1,No,High School,Near,Male,41
13,81,Low,Low,Yes,5,71,Low,No,1,Medium,Low,Public,Neutral,3,No,College,Far,Male,36
25,86,Low,Medium,No,6,99,High,Yes,0,High,Medium,Private,Positive,2,No,High School,Near,Male,81
16,100,Low,Medium,Yes,7,62,High,Yes,1,Medium,Medium,Public,Negative,2,No,Postgraduate,Moderate,Female,59
22,80,Medium,High,Yes,6,92,Medium,No,2,Medium,Medium,Public,Neutral,3,Yes,College,Moderate,Female,65
23,92,Low,High,No,6,49,Low,No,0,Low,Medium,Private,Positive,0,No,High School,Moderate,Female,48
31,71,Low,Medium,No,9,61,Low,No,2,Medium,High,Public,Neutral,4,No,College,Near,Female,59
19,62,Medium,High,Yes,10,65,High,Yes,2,Medium,High,Private,Positive,3,No,Postgraduate,Near,Male,53
22,76,Medium,Medium,Yes,7,84,Medium,Yes,3,Low,Low,Public,Positive,2,No,Postgraduate,Near,Female,69
11,62,Medium,Low,No,5,73,Medium,No,3,Medium,High,Public,Positive,4,No,College,Near,Female,40
27,80,Medium,Low,Yes,8,89,Low,Yes,2,Low,Medium,Public,Neutral,4,No,Postgraduate,Near,Male,74
15,71,High,High,Yes,4,68,Low,Yes,0,Medium,Medium,Public,Positive,1,No,College,Near,Male,46
17,60,Medium,Medium,Yes,5,71,Medium,Yes,1,High,High,Public,Positive,4,No,College,Near,Female,48
20,99,Medium,High,Yes,8,68,Medium,Yes,2,High,Medium,Public,Positive,4,No,College,Near,Female,73
11,74,Low,Low,Yes,5,98,Medium,Yes,6,Low,Medium,Public,Neutral,2,No,Postgraduate,Moderate,Female,58
21,62,Low,Low,Yes,7,57,Medium,Yes,1,Medium,Medium,Private,Negative,3,No,High School,Moderate,Female,36
26,90,Medium,High,No,5,65,Medium,Yes,3,Medium,High,Private,Neutral,5,No,High School,,Male,74
22,72,Low,High,Yes,7,59,Medium,No,2,Medium,Medium,Private,Neutral,3,No,College,Moderate,Male,52
10,92,Medium,High,No,9,79,Low,Yes,3,Low,Medium,Public,Neutral,2,No,High School,Far,Male,54
19,72,Medium,Low,Yes,6,57,High,Yes,1,Medium,Medium,Public,Positive,3,No,College,Near,Male,49
24,74,Low,Medium,No,7,96,Low,Yes,2,Medium,Medium,Public,Positive,1,Yes,College,Near,Male,63
9,84,Low,Medium,Yes,6,73,Medium,Yes,1,High,Low,Public,Negative,4,Yes,High School,Far,Male,35
14,87,Low,High,Yes,6,77,Low,Yes,0,High,Medium,Public,Negative,2,No,College,Near,Female,52
25,88,Medium,Low,No,6,78,Medium,Yes,2,Medium,Medium,Public,Positive,2,No,High School,Moderate,Male,72
22,79,Low,Medium,Yes,8,72,Medium,No,0,Low,Low,Private,Neutral,2,No,High School,Far,Male,47
22,86,Medium,Low,Yes,5,74,Low,No,1,Medium,Medium,Public,Negative,3,No,High School,Near,Female,54
31,88,Medium,Medium,Yes,7,73,Medium,Yes,1,High,Medium,Public,Negative,3,No,High School,Near,Male,77
23,82,Medium,Low,Yes,8,79,Medium,Yes,0,Low,Medium,Private,Neutral,2,No,Postgraduate,Near,Male,61
24,78,High,High,Yes,8,61,Medium,Yes,1,High,Medium,Public,Neutral,2,No,College,Moderate,Male,62
36,64,High,Low,No,8,59,Low,No,2,Low,Medium,Public,Negative,3,No,High School,Moderate,Male,57
19,87,Medium,Medium,Yes,7,83,Low,Yes,3,High,Low,Public,Positive,3,No,College,Near,Female,69
15,80,Medium,High,Yes,6,72,High,Yes,1,High,Medium,Public,Positive,3,Yes,College,Near,Male,52
23,75,Medium,Low,No,8,46,Low,Yes,2,High,,Private,Negative,2,No,Postgraduate,Near,Female,46
23,94,High,Low,Yes,6,66,Medium,Yes,5,Low,Medium,Private,Positive,2,No,High School,Near,Female,71
17,64,Medium,Medium,Yes,6,92,Medium,Yes,0,High,Medium,Public,Positive,3,No,High School,Near,Male,56
14,98,Low,Medium,No,9,70,Medium,Yes,1,Low,Medium,Private,Neutral,4,No,College,Far,Male,55
34,80,High,Medium,Yes,8,65,Medium,Yes,4,Low,Medium,Public,Neutral,3,No,College,Moderate,Male,78
22,83,Low,Medium,No,8,53,Medium,Yes,4,Medium,Medium,Private,Neutral,3,No,College,Near,Female,57
16,76,High,Low,Yes,8,65,Medium,Yes,1,High,Low,Private,Positive,1,No,College,,Male,47
25,62,Low,High,Yes,7,57,Medium,Yes,4,Low,Medium,Public,Negative,2,No,High School,Near,Female,49
19,78,Low,Low,No,5,78,High,No,3,Medium,High,Private,Neutral,2,No,Postgraduate,Near,Male,60
18,84,High,Medium,Yes,7,73,Medium,Yes,0,Medium,Medium,Private,Neutral,3,No,College,Near,Male,59
23,87,Medium,High,Yes,7,67,Medium,Yes,1,High,Low,Public,Positive,3,No,College,Near,Female,68
12,78,Medium,High,Yes,6,62,Medium,Yes,3,Low,Low,Public,Positive,6,Yes,High School,Moderate,Male,39
22,60,High,Low,Yes,5,92,Medium,Yes,1,Low,High,Public,Neutral,3,No,Postgraduate,Near,Male,61
31,63,High,Low,Yes,7,63,Medium,Yes,1,Low,High,Public,Neutral,4,No,High School,Moderate,Male,61
23,100,Medium,Medium,No,5,63,Medium,Yes,2,Medium,Medium,Public,Neutral,4,No,Postgraduate,Near,Male,71
18,68,High,Medium,No,7,69,High,Yes,3,Medium,Medium,Public,Neutral,4,No,College,Moderate,Male,55
17,96,Medium,Medium,No,7,71,High,Yes,1,Low,High,Public,Neutral,3,No,High School,Near,Male,64
18,70,Low,Medium,Yes,7,78,Medium,Yes,0,Medium,Medium,Private,Neutral,6,No,High School,Near,Female,51
18,78,High,Low,No,8,84,Medium,Yes,0,Low,Medium,Public,Negative,2,No,Postgraduate,Far,Male,54
18,87,Medium,Medium,Yes,8,83,Medium,Yes,0,Low,Medium,Private,Neutral,4,No,College,Near,Male,62
25,71,High,Medium,Yes,6,100,High,Yes,1,Low,High,Private,Neutral,4,No,High School,Near,Female,76
10,98,Low,High,No,8,50,Medium,No,1,Medium,Medium,Public,Neutral,1,No,High School,Moderate,Female,39
25,81,Low,Medium,No,7,75,High,Yes,0,High,Medium,Public,Positive,1,Yes,High School,Near,Female,61
18,85,Low,Low,No,9,65,Medium,Yes,0,Medium,Low,Private,Positive,4,No,High School,,Female,48
22,77,Medium,Medium,Yes,6,98,Medium,Yes,3,Medium,Medium,Private,Positive,3,No,High School,Near,Male,75
13,87,High,Medium,No,5,74,Low,Yes,1,High,,Public,Neutral,2,No,College,Moderate,Male,52
28,97,Medium,High,No,8,46,Medium,Yes,0,Medium,Medium,Public,Neutral,4,No,College,Moderate,Male,66
27,79,Low,High,No,8,78,Medium,Yes,1,Low,Medium,Private,Neutral,3,No,College,Near,Male,69
26,99,Medium,High,Yes,9,75,Medium,Yes,2,Low,Medium,Public,Negative,4,No,College,Far,Female,77
11,73,Medium,Medium,No,7,82,Medium,No,0,Low,Medium,Public,Negative,5,Yes,College,Near,Male,36
25,88,Medium,High,Yes,10,63,Medium,Yes,1,High,Medium,Public,Positive,3,No,Postgraduate,Near,Female,70
22,85,Medium,Low,Yes,7,76,High,No,0,High,Medium,Private,Positive,1,No,High School,Moderate,Male,62
10,68,Low,Medium,Yes,8,68,Medium,Yes,3,Low,High,Public,Negative,2,No,College,Near,Female,36
20,82,Medium,Medium,No,6,63,Low,Yes,2,Medium,Low,Public,Negative,1,No,Postgraduate,Near,Male,51
22,80,Medium,High,Yes,8,76,High,Yes,2,Low,Medium,Public,Neutral,2,No,High School,Near,Male,67
23,71,Medium,High,No,8,74,Low,No,1,Low,High,Private,Positive,5,Yes,College,Moderate,Female,52
21,84,Medium,Low,Yes,8,86,Medium,Yes,2,Low,Medium,Public,Positive,2,No,College,Near,Female,67
22,82,Medium,High,Yes,8,72,Medium,No,1,Low,Medium,Public,Positive,2,No,Postgraduate,Far,Male,61
29,79,Medium,High,No,4,80,Low,Yes,1,Medium,Medium,Private,Positive,5,No,High School,Near,Female,73
27,79,Low,High,No,7,56,High,Yes,0,Medium,High,Public,Neutral,3,No,High School,Near,Male,60
3,79,Low,Medium,Yes,6,90,Medium,Yes,3,Medium,High,Private,Neutral,3,No,High School,Moderate,Female,46
18,76,High,High,Yes,6,62,Medium,No,3,High,Medium,Public,Negative,2,No,College,Near,Female,52
19,82,Low,High,No,7,84,Medium,Yes,0,High,Medium,Public,Neutral,4,No,High School,Moderate,Female,62
9,73,High,Medium,Yes,8,75,Medium,Yes,1,Low,High,Private,Positive,3,Yes,High School,Near,Female,38
21,100,Medium,Medium,No,7,74,Medium,Yes,2,Medium,Medium,Public,Positive,4,No,High School,Near,Male,74
27,64,Medium,High,Yes,6,82,Medium,Yes,1,High,Medium,Public,Negative,1,No,College,Near,Male,65
13,74,High,High,Yes,5,44,Medium,Yes,0,High,Low,Public,Neutral,5,No,Postgraduate,Near,Female,38
22,74,Medium,Medium,No,9,65,Medium,Yes,1,Medium,Low,Private,Positive,3,No,High School,Moderate,Male,52
15,100,Low,High,No,6,82,Low,Yes,0,Low,Medium,Public,Neutral,2,Yes,College,Moderate,Female,55
16,65,Low,Low,No,7,97,Low,Yes,0,Medium,Low,Public,Neutral,2,No,High School,Near,Male,47
29,85,Medium,Medium,Yes,10,72,Low,No,1,Low,Medium,Public,Positive,2,No,High School,Near,Male,64
17,83,Medium,Medium,No,6,40,Medium,Yes,4,Low,High,Private,Neutral,3,No,Postgraduate,Moderate,Female,47
23,84,High,Medium,No,7,68,Medium,Yes,2,Low,Medium,Public,Negative,3,No,Postgraduate,Moderate,Female,64
9,94,Medium,Medium,Yes,7,71,Medium,No,1,Medium,High,Public,Positive,5,No,College,Far,Female,51
31,93,Medium,Medium,No,5,86,Medium,Yes,2,Medium,High,Private,Positive,1,No,College,Near,Male,89
24,75,Medium,Medium,No,5,73,Medium,Yes,1,Medium,,Public,Positive,4,No,High School,Near,Male,64
19,82,Low,Low,Yes,6,55,Medium,Yes,3,High,Low,Public,Neutral,1,Yes,High School,Moderate,Male,39
23,60,High,Low,Yes,6,85,Low,Yes,1,Medium,Low,Public,Positive,6,No,College,Far,Male,56
12,81,Low,Medium,Yes,7,79,High,Yes,2,Medium,Medium,Public,Positive,5,Yes,High School,Far,Male,48
27,71,High,Medium,No,6,63,Medium,Yes,3,High,Low,Private,Neutral,3,No,High School,Moderate,Male,63
18,78,Low,Low,Yes,8,81,High,No,2,Low,Medium,Public,Neutral,3,No,College,Far,Female,53
19,61,Medium,Low,Yes,4,65,Low,Yes,1,Medium,High,Public,Positive,3,Yes,Postgraduate,Near,Female,37
17,84,Low,Low,No,7,68,Medium,Yes,1,Low,High,Private,Neutral,2,No,High School,Near,Female,49
17,61,High,Low,Yes,8,65,Medium,No,3,High,High,Public,Negative,2,No,High School,Near,Female,40
24,82,Low,High,No,7,68,Medium,Yes,0,Low,Medium,Private,Negative,3,No,High School,Moderate,Male,58
22,67,Medium,Medium,No,7,84,Medium,No,1,Low,High,Public,Neutral,0,No,College,Near,Female,55
24,71,High,Medium,Yes,6,49,Medium,Yes,1,Medium,High,Public,Neutral,5,No,High School,Moderate,Male,51
20,93,Medium,Medium,No,7,86,High,Yes,1,High,High,Public,Negative,5,Yes,Postgraduate,Moderate,Male,69
23,86,Low,Low,Yes,9,74,Medium,Yes,1,High,Medium,Public,Neutral,3,No,High School,Near,Female,60
17,93,High,Medium,Yes,6,67,Low,Yes,2,Low,Medium,Public,Negative,5,No,Postgraduate,Moderate,Male,60
33,97,Medium,High,No,8,72,Low,No,3,High,Medium,Public,Positive,2,Yes,High School,Far,Male,78
11,71,Low,Low,No,9,60,High,Yes,2,Low,Medium,Public,Positive,2,No,High School,Near,Female,35
28,96,Medium,Low,No,5,51,Low,No,3,Low,Low,Private,Neutral,3,No,High School,,Male,60
28,64,High,Medium,Yes,7,61,Medium,Yes,0,Low,Medium,Public,Positive,4,No,Postgraduate,Moderate,Female,59
15,88,Medium,Low,Yes,6,47,Low,Yes,3,Low,High,Public,Positive,2,No,College,Near,Female,45
33,75,High,Low,Yes,5,54,Medium,Yes,0,Medium,Medium,Public,Negative,3,No,College,Moderate,Female,60
26,70,Medium,Medium,No,8,51,Medium,Yes,1,Medium,Medium,Public,Positive,3,No,High School,Moderate,Male,51
26,87,Medium,Medium,Yes,8,88,High,Yes,0,Medium,Medium,Public,Neutral,0,No,College,Near,Female,76
20,90,Medium,Low,No,7,55,Medium,Yes,1,Medium,Medium,Public,Positive,3,No,High School,Moderate,Female,54
19,90,Medium,High,No,5,71,Low,Yes,2,Medium,Medium,Public,Neutral,3,Yes,High School,Near,Male,54
19,82,Medium,Low,No,7,87,Medium,Yes,2,High,Low,Private,Negative,2,No,High School,Moderate,Female,61
22,81,Low,Medium,No,5,83,Low,No,1,Low,Medium,Private,Positive,2,No,College,Near,Male,60
28,86,Medium,Medium,No,7,68,High,Yes,2,Medium,Medium,Public,Negative,4,No,Postgraduate,Near,Female,74
21,83,High,Medium,Yes,6,68,Medium,Yes,2,High,Low,Private,Positive,1,No,College,Near,Male,63
15,86,Medium,Medium,No,8,74,High,Yes,1,Low,Low,Public,Negative,4,Yes,,Moderate,Male,44
25,82,Low,Medium,No,6,99,High,Yes,0,Low,Low,Public,Neutral,3,No,High School,Far,Female,72
26,89,Low,Medium,No,7,77,Low,Yes,3,Low,High,Public,Positive,4,No,High School,Moderate,Female,76
24,62,Low,High,Yes,7,81,High,Yes,2,Medium,Medium,Public,Neutral,2,Yes,High School,Moderate,Female,55
24,79,High,Medium,Yes,7,100,High,No,1,Low,Medium,Public,Positive,4,No,High School,Moderate,Female,79
18,65,Medium,Medium,No,7,76,High,Yes,3,Low,High,Public,Negative,4,No,High School,,Male,54
14,83,Medium,High,Yes,7,87,Medium,Yes,1,Medium,Medium,Public,Negative,1,No,College,Moderate,Female,59
15,98,High,Low,Yes,6,78,Medium,Yes,0,Low,Medium,Public,Positive,3,No,College,Moderate,Male,61
10,75,Medium,High,No,8,78,Low,Yes,1,High,Medium,Public,Negative,6,No,High School,Near,Male,45
21,81,High,Low,No,8,59,High,No,1,Medium,High,Private,Neutral,4,No,College,Far,Female,53
19,88,High,Medium,Yes,8,57,Low,Yes,1,High,Low,Private,Positive,2,No,High School,Near,Male,54
17,60,Medium,Medium,No,7,65,Medium,Yes,0,Medium,Low,Public,Neutral,2,No,High School,Moderate,Male,36
2,74,Medium,Medium,No,7,83,High,No,1,Medium,Medium,Public,Neutral,4,No,High School,Moderate,Male,36
13,84,Medium,Low,Yes,6,83,High,Yes,0,Medium,Medium,Private,Neutral,3,No,High School,Near,Female,54
27,60,High,Medium,No,7,89,High,Yes,4,Low,,Public,Neutral,1,No,College,Far,Male,73
16,69,Low,High,Yes,5,72,High,Yes,1,Low,Medium,Private,Neutral,1,No,College,Moderate,Male,48
22,92,Medium,High,Yes,9,79,Medium,Yes,0,Low,Low,Public,Neutral,4,No,High School,Near,Female,67
12,91,Medium,Medium,Yes,10,79,Medium,Yes,0,Low,Medium,Private,Neutral,3,No,High School,Near,Male,52
29,84,Medium,Low,Yes,6,71,Low,Yes,4,Medium,High,Public,Neutral,4,No,College,Near,Female,74
19,90,High,Medium,Yes,8,68,High,Yes,1,High,Medium,Public,Positive,3,No,College,Far,Female,67
22,82,Medium,Medium,No,9,53,Medium,Yes,0,Low,High,Public,Positive,2,No,College,Moderate,Male,51
34,86,Low,Low,Yes,6,70,High,Yes,1,Low,Low,Public,Neutral,3,No,High School,Near,Male,73
29,77,Medium,High,No,4,71,Medium,Yes,4,Low,Medium,Private,Negative,2,No,High School,Far,Female,68
18,81,High,Medium,No,9,87,Medium,Yes,1,Medium,Medium,Public,Neutral,3,No,High School,Moderate,Male,62
16,73,Medium,Medium,Yes,7,88,Medium,Yes,0,Medium,Medium,Private,Neutral,2,No,College,Near,Male,56
18,94,High,Medium,Yes,6,74,High,No,3,High,Medium,Private,Negative,1,No,College,Moderate,Male,67
23,97,High,Low,Yes,7,99,Low,Yes,2,High,High,Public,Neutral,3,No,High School,Far,Male,83
19,95,High,Medium,Yes,6,74,Medium,Yes,1,High,Low,Public,Positive,2,No,High School,Near,Female,66
18,76,Medium,Medium,No,10,85,Low,Yes,1,Medium,Low,Private,Neutral,4,No,High School,Moderate,Male,54
29,70,Medium,Medium,Yes,6,71,Medium,No,1,High,Medium,Public,Negative,3,No,Postgraduate,Moderate,Male,61
19,94,High,Medium,No,7,57,Medium,No,0,High,High,Public,Negative,3,No,College,Near,Male,55
34,86,High,Medium,No,9,66,Low,Yes,2,Low,Medium,Public,Neutral,3,No,College,Moderate,Female,77
21,84,Low,Medium,No,9,91,Medium,Yes,1,Medium,Medium,Public,Neutral,3,No,High School,Moderate,Female,67
31,73,Low,High,Yes,9,69,High,Yes,2,Medium,Medium,Private,Negative,4,No,Postgraduate,Far,Male,69
22,85,Medium,Medium,Yes,6,66,High,Yes,1,Medium,Medium,Public,Positive,3,Yes,,Near,Male,56
26,68,High,Medium,Yes,7,72,Medium,Yes,1,Medium,Low,Public,Positive,1,No,High School,Moderate,Female,60
16,87,High,High,Yes,4,67,Low,Yes,1,Low,Medium,Public,Positive,2,No,High School,,Female,54
15,95,Medium,Medium,No,7,88,Medium,Yes,1,Medium,High,Public,Neutral,5,No,High School,Near,Male,69
23,98,Low,Medium,No,7,97,Medium,Yes,1,Low,High,Private,Negative,3,No,High School,Moderate,Female,78
26,88,Medium,High,Yes,8,72,Medium,Yes,3,Low,Medium,Public,Positive,2,Yes,College,Moderate,Female,68
20,65,High,Medium,No,10,79,Medium,Yes,1,High,Medium,Public,Positive,2,No,College,Near,Male,57
12,82,Medium,High,Yes,8,85,Medium,Yes,1,High,Medium,Public,Neutral,5,No,Postgraduate,Near,Female,61
12,100,Low,Medium,No,8,73,Medium,No,2,High,High,Public,Neutral,4,No,High School,Near,Male,57
11,70,Medium,Medium,Yes,7,61,High,Yes,0,High,Medium,Public,Neutral,1,No,High School,Moderate,Female,35
9,79,High,Low,No,9,67,Medium,Yes,1,Low,Medium,Public,Positive,5,No,High School,Moderate,Male,40
21,96,Medium,Low,No,7,77,Low,Yes,1,Medium,High,Public,Positive,3,No,Postgraduate,Near,Male,72
27,87,Low,Medium,Yes,9,77,High,Yes,3,Low,High,Private,Neutral,3,No,Postgraduate,Far,Female,76
20,100,Medium,Low,Yes,8,49,Medium,Yes,1,Medium,Medium,Private,Negative,5,No,High School,Moderate,Male,54
6,72,High,Medium,No,8,66,Medium,Yes,3,Medium,High,Public,Neutral,3,No,College,Moderate,Female,39
19,69,Medium,Low,Yes,5,62,Medium,Yes,0,High,High,Public,Negative,4,No,High School,Moderate,Female,43
19,93,Medium,Low,Yes,9,83,Low,Yes,1,High,Medium,Public,Neutral,1,No,College,Moderate,Male,64
33,67,Low,Medium,No,8,63,High,No,2,Medium,Medium,Private,Positive,3,No,College,Moderate,Male,65
11,78,Medium,Medium,Yes,8,66,Low,No,3,Low,Medium,Public,Negative,1,No,High School,Near,Female,36
18,79,High,Medium,Yes,7,66,Medium,Yes,3,Low,Low,Public,Neutral,2,No,Postgraduate,Near,Male,57
30,91,High,High,No,8,82,Medium,Yes,2,Medium,Medium,Public,Neutral,3,No,Postgraduate,Near,Female,89
23,87,Medium,Low,No,9,85,Low,Yes,3,Low,Medium,Public,Neutral,0,No,College,Moderate,Female,66
23,85,High,Low,No,6,78,Medium,Yes,2,Low,High,Private,Negative,3,No,High School,Near,Male,65
21,76,Medium,High,Yes,8,86,Low,Yes,5,Low,Medium,Public,Positive,4,No,High School,Near,Female,72
22,93,High,High,Yes,6,88,Low,Yes,0,Low,Medium,Public,Neutral,1,No,College,Near,Female,72
25,100,Low,Medium,No,8,48,High,Yes,2,High,High,Public,Negative,2,No,Postgraduate,Moderate,Female,68
15,88,Medium,Medium,Yes,7,80,Medium,Yes,0,Low,Low,Public,Positive,1,No,High School,Far,Female,53
25,81,High,High,Yes,6,67,High,Yes,4,Medium,Medium,Public,Positive,4,No,High School,Near,Male,75
12,66,High,Medium,No,7,56,Medium,Yes,3,Medium,Medium,Public,Neutral,2,No,High School,Near,Female,38
22,73,High,Low,Yes,6,68,High,Yes,2,Medium,Medium,Public,Neutral,4,No,High School,Near,Male,59
21,78,Medium,Low,Yes,6,82,Low,Yes,0,High,High,Private,Positive,1,No,College,Near,Male,59
16,74,High,Low,Yes,7,91,Medium,Yes,2,High,Medium,Public,Neutral,3,No,High School,Moderate,Male,61
20,80,Medium,High,Yes,7,55,Medium,Yes,2,Low,Low,Public,Neutral,2,No,High School,Near,Male,50
16,100,Medium,Medium,No,4,80,Low,Yes,3,Medium,Medium,Public,Positive,3,No,High School,Near,Female,68
14,94,Medium,Low,No,8,98,High,Yes,1,Low,Medium,Public,Positive,3,Yes,College,Far,Female,64
18,78,Medium,Low,No,7,96,Medium,Yes,3,High,High,Private,Neutral,4,No,High School,Far,Male,68
13,67,Medium,Low,Yes,6,40,Medium,Yes,0,Low,High,Public,Neutral,3,Yes,High School,Near,Female,20
22,95,High,Medium,No,5,100,Medium,Yes,1,High,Low,Private,Neutral,4,No,College,Near,Female,82
13,79,Medium,High,Yes,7,84,Low,No,2,High,Medium,Public,Positive,3,No,College,Moderate,Female,56
24,61,Low,Medium,Yes,6,42,High,Yes,3,High,Low,Private,Positive,2,No,High School,Near,Male,42
13,88,Low,High,No,9,62,Medium,Yes,3,Medium,High,Private,Positive,4,No,High School,Moderate,Female,53
17,91,High,Low,Yes,5,88,Low,Yes,1,Medium,Low,Public,Neutral,3,No,College,Near,Female,63
16,60,Low,Medium,No,6,77,Medium,No,5,Medium,Medium,Public,Positive,3,No,High School,Moderate,Male,46
28,71,High,Medium,No,6,65,Low,Yes,0,Low,Medium,Public,Negative,3,No,College,Near,Female,56
22,79,Low,Low,Yes,7,73,Medium,Yes,0,Low,Medium,Public,Neutral,2,No,College,Near,Female,55
19,88,Medium,Medium,No,9,79,Medium,No,3,Medium,High,Public,Positive,5,No,High School,Far,Male,66
23,74,High,High,No,8,64,High,Yes,0,Medium,Low,Private,Positive,4,No,College,Far,Male,59
7,71,Medium,Low,Yes,5,70,High,Yes,1,High,Medium,Private,Positive,3,No,High School,Moderate,Female,37
20,88,High,Medium,Yes,6,84,Low,No,2,Low,High,Public,Neutral,3,No,High School,Near,Male,65
32,75,Low,High,Yes,6,63,Low,No,1,Low,Medium,Public,Positive,3,No,Postgraduate,Far,Female,62
21,86,Medium,High,No,8,54,High,Yes,2,Medium,Medium,Public,Positive,2,No,High School,Near,Male,61
20,68,Medium,Medium,No,6,64,Medium,Yes,3,Low,Medium,Private,Positive,4,No,Postgraduate,Near,Male,56
23,65,High,Low,No,5,60,Medium,Yes,2,Medium,Medium,Private,Neutral,2,No,College,Far,Female,48
25,88,Low,High,No,8,64,Medium,Yes,0,Low,High,Private,Neutral,5,No,College,Near,Male,66
8,83,Medium,Low,Yes,9,50,Medium,Yes,1,Medium,Medium,Public,Negative,5,Yes,College,Near,Male,24
10,90,Medium,Low,No,7,75,Medium,Yes,4,Low,High,Public,Positive,3,No,College,Moderate,Male,56
21,74,High,Low,Yes,7,83,High,Yes,0,Medium,,Private,Positive,4,Yes,High School,Moderate,Female,56
16,71,High,Medium,No,5,61,Medium,Yes,1,Medium,High,Private,Positive,1,No,High School,Near,Male,45
28,95,High,Medium,Yes,4,64,Medium,No,3,Medium,Medium,Public,Neutral,3,No,College,Moderate,Male,73
18,63,Medium,High,No,4,70,Low,No,2,High,Low,Public,Neutral,1,Yes,High School,Moderate,Female,35
8,94,Medium,Medium,No,7,60,High,Yes,7,Medium,Medium,Public,Neutral,3,Yes,High School,Near,Male,49
12,95,High,High,No,7,85,Medium,Yes,3,Medium,Medium,Private,Positive,2,No,High School,Near,Male,70
4,89,High,Medium,Yes,8,60,Medium,Yes,1,Medium,Low,Private,Negative,4,No,Postgraduate,Near,Male,36
19,72,High,Medium,Yes,7,65,Low,Yes,4,Medium,Medium,Private,Neutral,3,No,High School,Near,Female,53
19,71,High,Low,Yes,8,62,High,Yes,2,High,Low,Private,Negative,3,No,High School,Moderate,Male,47
17,78,High,Low,No,8,85,Medium,Yes,1,Low,Medium,Public,Neutral,3,No,College,Far,Female,57
26,66,Low,Medium,Yes,7,69,High,Yes,0,Medium,High,Private,Neutral,0,No,High School,Near,Male,56
27,69,Medium,Medium,Yes,6,98,Low,Yes,1,Low,Low,Private,Negative,4,No,High School,Moderate,Female,65
19,87,High,Low,Yes,4,77,Medium,Yes,3,Low,Medium,Public,Negative,5,No,College,Near,Male,63
7,87,Medium,Medium,Yes,9,87,Low,Yes,1,Medium,Medium,Private,Positive,4,No,High School,Near,Female,50
24,68,Low,Medium,Yes,6,68,Medium,No,1,Medium,Medium,Public,Negative,2,No,College,Far,Male,48
23,87,Medium,Medium,Yes,5,60,High,Yes,0,Medium,Medium,Public,Positive,2,No,College,Moderate,Male,59
22,85,Medium,Low,Yes,7,72,Medium,Yes,0,Low,Low,Public,Neutral,1,No,College,Near,Male,56
26,97,High,Low,Yes,5,63,High,No,0,Low,Medium,Public,Positive,3,No,College,Near,Male,68
13,86,High,Medium,No,7,46,Medium,No,0,Medium,Medium,Public,Neutral,0,No,College,Near,Female,35
32,92,Low,High,No,7,85,Medium,No,3,Medium,Medium,Public,Positive,0,No,High School,Moderate,Female,86
14,85,Medium,High,No,8,72,Medium,Yes,0,Low,Low,Public,Negative,4,No,College,Far,Female,48
24,91,Low,Low,No,8,63,High,Yes,1,Medium,Low,Private,Negative,5,No,High School,Near,Male,60
10,66,High,Low,No,9,77,Medium,Yes,3,Medium,Medium,Public,Positive,2,Yes,High School,Near,Female,36
14,79,Low,Medium,Yes,7,73,Low,No,0,Low,Low,Private,Positive,4,No,College,Near,Male,42
29,80,Medium,Low,Yes,6,90,High,Yes,1,Medium,Medium,Private,Positive,2,No,,Far,Female,78
18,77,Medium,High,Yes,6,78,Medium,Yes,0,Medium,Medium,Public,Positive,4,No,Postgraduate,Far,Female,60
25,85,Medium,Medium,Yes,6,70,High,Yes,1,Low,Medium,Public,Positive,3,No,High School,Near,Female,67
21,87,Medium,High,No,10,81,Medium,No,0,Medium,Low,Public,Positive,4,No,College,Near,Male,64
19,84,Medium,Low,No,7,72,Medium,Yes,4,Low,Medium,Public,Positive,1,No,Postgraduate,Moderate,Male,63
28,78,Medium,High,Yes,7,74,Medium,Yes,2,High,Medium,Private,Neutral,3,Yes,College,Moderate,Male,68
19,72,Low,High,Yes,9,88,High,Yes,2,Medium,Medium,Public,Neutral,2,No,High School,Near,Male,63
9,92,Medium,Medium,Yes,7,57,High,Yes,4,Low,Medium,Private,Neutral,5,No,College,Far,Male,49
15,84,Medium,High,Yes,6,61,Medium,Yes,1,Medium,Medium,Public,Positive,2,No,,Far,Male,50
23,69,Medium,Medium,No,8,67,Low,No,1,Low,High,Public,Negative,3,No,High School,Near,Female,46
22,78,High,Low,Yes,6,68,Low,Yes,0,High,High,Private,Positive,1,No,Postgraduate,Near,Male,59
11,61,Medium,Medium,Yes,7,87,Medium,Yes,1,Low,Medium,Private,Positive,3,No,College,Far,Male,44
16,80,High,High,Yes,8,54,Medium,Yes,2,Low,Medium,Public,Negative,3,No,College,Near,Male,48
17,78,Low,High,Yes,6,72,Medium,Yes,0,High,High,Public,Negative,3,No,Postgraduate,Near,Female,56
18,74,High,Medium,No,7,65,Low,Yes,1,High,Medium,Public,Positive,5,No,High School,Near,Male,52
12,97,Low,Medium,No,9,94,Medium,Yes,3,Low,Low,Public,Negative,3,No,Postgraduate,Near,Female,64
16,67,Medium,Low,No,6,83,High,No,2,Low,Medium,Public,Positive,2,No,High School,Near,Female,50
16,88,Medium,Low,Yes,9,75,Low,Yes,4,High,Low,Public,Neutral,2,No,College,Near,Female,58
25,100,Medium,Medium,Yes,6,85,Medium,Yes,3,Low,Medium,Public,Neutral,4,No,High School,Far,Male,80
25,92,Low,Medium,Yes,10,55,Low,Yes,4,High,High,Public,Neutral,1,No,College,Near,Female,64
19,80,High,Low,Yes,6,98,Medium,Yes,2,Medium,Low,Private,Positive,2,No,Postgraduate,Moderate,Male,69
18,68,Medium,High,No,6,61,High,Yes,1,High,Low,Public,Positive,3,No,Postgraduate,Far,Female,50
21,65,High,Medium,Yes,9,88,Medium,Yes,2,Medium,Low,Public,Negative,3,No,Postgraduate,Near,Male,60
15,75,Medium,Medium,No,9,79,High,Yes,0,High,Low,Public,Negative,3,No,Postgraduate,Far,Male,50
13,72,Medium,Low,Yes,8,75,Low,No,0,Low,Medium,Public,Positive,4,No,College,Moderate,Female,38
14,72,High,Low,No,5,88,Medium,Yes,2,High,Low,Public,Positive,3,No,High School,Near,Male,55
16,76,Low,Medium,Yes,7,85,Low,Yes,1,Low,Medium,Public,Positive,2,Yes,,Near,Female,47
13,79,Medium,High,Yes,7,73,Medium,Yes,1,Low,Medium,Public,Positive,5,No,Postgraduate,Near,Male,56
21,85,Medium,Low,No,6,67,Medium,Yes,0,Medium,Medium,Private,Neutral,3,No,High School,Near,Female,54
24,66,Medium,High,Yes,8,74,Medium,No,2,Low,Low,Private,Negative,4,No,,Far,Female,52
10,72,Low,High,Yes,6,71,Medium,Yes,3,Low,High,Public,Negative,5,Yes,College,Near,Male,38
20,78,Medium,High,No,5,77,High,Yes,2,Medium,Medium,Private,Negative,2,No,Postgraduate,Moderate,Female,63
19,78,Medium,Medium,No,5,85,Medium,No,1,Medium,High,Public,Neutral,5,No,High School,Near,Male,60
22,100,Medium,Medium,Yes,9,78,Low,Yes,2,Medium,High,Public,Neutral,5,No,College,Moderate,Male,74
20,83,Low,High,No,6,74,Medium,Yes,2,Low,High,Public,Positive,2,No,High School,Moderate,Male,64
11,62,Medium,Medium,No,6,63,Medium,Yes,3,Low,Medium,Public,Positive,2,No,College,Near,Female,37
12,85,High,Low,Yes,6,76,High,Yes,0,Low,Medium,Public,Positive,4,No,High School,Near,Male,53
20,86,Low,Medium,Yes,9,50,High,Yes,1,Medium,Medium,Public,Positive,5,No,College,Near,Male,56
26,79,Medium,Medium,No,5,62,Medium,Yes,2,Low,Low,Public,Neutral,4,No,High School,Near,Female,59
7,67,High,Medium,Yes,5,80,High,Yes,2,High,Medium,Public,Negative,3,No,College,Near,Female,43
22,99,High,High,Yes,7,84,Medium,No,1,High,Low,Public,Negative,4,No,College,Near,Female,77
27,68,Low,Medium,Yes,7,72,High,No,0,High,High,Private,Positive,4,No,Postgraduate,Near,Female,64
19,87,Medium,Low,Yes,8,75,Medium,No,2,Medium,Medium,Public,Negative,3,No,College,Far,Female,55
23,82,Low,High,No,6,77,Low,Yes,1,Medium,Low,Public,Neutral,2,No,High School,Near,Male,61
16,87,High,Low,No,9,81,Medium,Yes,4,Medium,Medium,Public,Neutral,4,Yes,High School,Near,Male,58
19,99,Medium,Low,Yes,6,69,Medium,Yes,0,Medium,Medium,Private,Neutral,3,No,College,Near,Male,62
10,86,Medium,High,Yes,6,59,Medium,Yes,1,High,Medium,Private,Positive,1,No,College,Far,Female,45
6,74,Medium,High,Yes,5,77,Low,Yes,1,High,Medium,Public,Negative,1,No,College,Moderate,Female,35
26,92,Medium,Medium,Yes,6,97,Medium,Yes,1,Low,High,Public,Positive,5,No,Postgraduate,Near,Female,88
14,73,Low,Medium,No,5,60,Medium,Yes,4,Low,Low,Public,Negative,2,No,College,Near,Male,39
17,82,High,Medium,Yes,8,70,Medium,Yes,0,Medium,Low,Public,Negative,3,No,High School,Near,Male,50
12,66,Medium,High,No,6,67,High,Yes,3,Low,Low,Public,Positive,5,No,College,Moderate,Female,47
12,69,Medium,High,Yes,7,100,High,Yes,3,Medium,Medium,Public,Neutral,3,No,College,Near,Male,64
19,81,High,Low,Yes,6,60,Medium,No,1,Medium,High,Public,Negative,6,No,High School,Near,Female,49
16,84,Low,High,Yes,5,70,Medium,Yes,0,Medium,Medium,Private,Neutral,3,No,College,Moderate,Female,52
22,61,Low,Medium,Yes,9,67,Medium,Yes,1,Low,Low,Public,Positive,2,No,High School,Near,Male,44
23,85,Medium,Low,Yes,9,56,High,No,0,Medium,High,Public,Negative,1,No,College,Moderate,Female,49
22,71,High,Low,No,9,55,Medium,Yes,1,Low,Low,Private,Neutral,1,No,High School,Moderate,Male,42
21,94,Low,Low,No,5,79,Medium,Yes,2,Medium,Medium,Private,Positive,5,No,High School,Near,Male,69
29,76,High,High,No,5,81,Medium,Yes,2,Medium,High,Private,Positive,2,Yes,College,Moderate,Female,73
14,68,Medium,Medium,No,10,65,High,No,3,Low,Medium,Public,Neutral,1,No,College,Near,Female,39
20,81,Medium,Medium,No,7,90,Medium,Yes,3,High,Medium,Public,Neutral,3,No,College,Moderate,Female,71
27,70,Medium,Low,No,5,43,Low,Yes,4,Low,Low,Private,Negative,2,No,College,Near,Male,45
28,94,Low,High,Yes,9,56,Medium,Yes,1,High,Low,Public,Negative,2,No,High School,Near,Female,64
11,80,Low,Medium,Yes,7,61,Medium,No,3,High,Low,Public,Positive,5,No,College,Near,Female,44
18,78,High,High,Yes,8,72,Low,Yes,3,Low,High,Private,Negative,3,Yes,College,Moderate,Male,51
28,87,Medium,Medium,Yes,4,66,Medium,Yes,0,Low,Medium,Public,Positive,4,Yes,High School,Moderate,Female,60
23,69,Medium,High,No,7,69,Medium,No,2,Low,Medium,Private,Neutral,6,No,High School,Near,Female,57
21,66,High,Medium,No,8,78,High,Yes,1,Medium,High,Private,Positive,2,No,College,Far,Male,59
19,84,Low,Medium,No,6,91,High,Yes,2,Low,Medium,Public,Negative,3,No,Postgraduate,Moderate,Female,68
18,68,Medium,High,No,9,82,Medium,Yes,0,High,Medium,Public,Positive,1,Yes,Postgraduate,Near,Female,51
22,68,Medium,Medium,Yes,5,73,Low,No,1,Medium,High,Public,Positive,5,No,High School,Moderate,Male,53
18,89,Low,High,Yes,7,71,Low,Yes,1,Medium,Medium,Public,Positive,3,No,High School,Near,Female,59
20,86,High,Low,No,9,86,High,Yes,2,Medium,High,Public,Positive,0,No,College,Near,Female,72
20,66,High,Medium,No,5,96,Medium,Yes,5,Medium,Medium,Public,Positive,1,No,,Near,Female,70
16,73,Medium,High,No,7,80,Medium,Yes,1,Low,High,Public,Positive,5,No,Postgraduate,Far,Male,60
23,70,High,High,No,8,66,Medium,No,0,Medium,Medium,Private,Negative,1,No,High School,Moderate,Male,49
37,100,Low,Medium,Yes,7,75,Low,No,1,Medium,Medium,Private,Neutral,3,No,Postgraduate,Far,Male,86
9,90,High,Medium,Yes,7,80,Medium,Yes,2,Medium,Medium,Public,Positive,4,No,College,Far,Male,58
22,75,High,High,Yes,6,65,High,Yes,0,High,Medium,Public,Positive,4,No,High School,Near,Male,61
15,86,Low,Medium,Yes,7,83,Medium,Yes,5,Medium,Low,Private,Negative,6,No,College,Near,Female,64
23,65,Medium,High,Yes,7,75,Medium,Yes,2,Medium,Medium,Private,Negative,3,No,High School,Moderate,Female,57
20,73,High,Low,No,5,87,Low,Yes,0,Medium,Medium,Public,Positive,2,No,College,Near,Female,57
25,81,Medium,Low,Yes,9,59,Low,Yes,1,Medium,Low,Private,Negative,2,No,Postgraduate,Near,Male,53
27,85,Medium,High,Yes,6,49,Low,No,1,High,High,Private,Positive,4,No,Postgraduate,Near,Male,64
21,79,Medium,Medium,No,5,67,Medium,No,2,Medium,Medium,Private,Neutral,0,No,High School,Near,Female,53
27,83,Low,Medium,Yes,6,72,Low,Yes,1,Low,Low,Public,Positive,3,Yes,High School,Near,Male,57
6,81,Low,Medium,Yes,6,49,Medium,No,2,Medium,Medium,Private,Positive,5,No,High School,Near,Male,30
30,78,Low,High,No,7,64,Medium,Yes,3,High,High,Public,Neutral,3,No,College,Near,Male,74
22,77,Medium,Medium,Yes,5,89,Medium,No,3,Low,Medium,Private,Negative,5,No,Postgraduate,Moderate,Male,66
26,75,Medium,High,No,8,79,Medium,Yes,2,High,Medium,Private,Neutral,0,No,College,Near,Male,70
13,83,Medium,Medium,No,9,74,Medium,Yes,0,High,Medium,Public,Negative,5,No,High School,Far,Female,47
15,85,Low,Medium,No,7,58,Medium,Yes,2,Low,Low,Private,Negative,3,No,College,Far,Female,42
21,82,Low,Low,Yes,5,88,Low,No,3,High,Medium,Private,Positive,2,No,High School,Near,Female,65
20,67,Medium,Medium,Yes,6,67,Medium,Yes,2,Medium,Medium,Private,Negative,2,No,College,Far,Male,48
22,69,Low,Low,Yes,7,73,Medium,Yes,0,High,High,Public,Negative,5,No,High School,Near,Female,51
27,84,Medium,Low,Yes,4,77,Medium,Yes,0,Medium,Medium,Public,Neutral,2,No,High School,Near,Male,68
9,96,Medium,Medium,No,5,74,High,Yes,0,Medium,Low,Public,Positive,2,No,Postgraduate,Near,Female,54
26,82,Medium,Medium,Yes,5,91,High,No,1,Low,Medium,Public,Positive,5,Yes,High School,Near,Female,70
20,75,Medium,Medium,No,7,79,Medium,Yes,2,Low,High,Private,Neutral,3,No,,Near,Male,63
19,82,High,Medium,Yes,10,76,High,Yes,1,Low,High,Public,Negative,4,No,Postgraduate,Near,Female,63
11,67,Low,Medium,Yes,5,71,High,Yes,1,Medium,Medium,Private,Neutral,2,No,High School,Moderate,Male,37
23,94,High,Medium,No,8,78,High,Yes,2,Low,Medium,Public,Positive,2,No,High School,Far,Male,76
6,82,Medium,High,Yes,6,69,Medium,Yes,0,High,Medium,Public,Negative,5,No,High School,Far,Male,38
24,73,Low,High,No,5,74,High,Yes,2,Low,High,Public,Neutral,3,No,Postgraduate,Moderate,Male,66
11,78,Medium,High,Yes,9,68,Medium,No,4,Medium,Medium,Private,Positive,3,No,Postgraduate,Moderate,Male,50
20,74,Low,Low,Yes,10,66,High,No,2,High,High,Public,Neutral,3,Yes,High School,Far,Female,42
19,94,Medium,Medium,Yes,8,60,Low,No,2,Medium,High,Public,Positive,3,No,,Near,Female,61
27,78,High,High,Yes,8,68,Low,Yes,0,Low,Medium,Public,Positive,2,No,College,Moderate,Male,65
19,82,High,High,No,7,68,Low,No,2,Low,Medium,Public,Positive,3,No,High School,Near,Male,57
16,86,Medium,Medium,Yes,7,96,High,Yes,2,High,Medium,Public,Neutral,2,No,Postgraduate,Moderate,Male,72
17,72,High,Medium,Yes,7,85,Medium,Yes,1,High,Medium,Public,Negative,2,Yes,College,Far,Male,50
28,82,Medium,High,Yes,8,70,Medium,Yes,2,Medium,Medium,Public,Neutral,4,No,High School,Near,Female,72
23,83,Low,High,Yes,9,66,Medium,Yes,1,Medium,Medium,Public,Negative,5,No,High School,Near,Male,58
18,63,High,Medium,No,6,80,Medium,Yes,1,Medium,High,Public,Positive,4,No,High School,Moderate,Male,54
19,83,Low,Low,Yes,7,97,High,No,1,Medium,Medium,Private,Neutral,2,Yes,Postgraduate,Moderate,Male,60
11,79,Low,High,No,7,82,Medium,Yes,2,Medium,Medium,Public,Neutral,3,No,High School,Moderate,Female,50
22,81,Low,Medium,Yes,8,50,Medium,No,2,Low,Medium,Public,Neutral,1,No,College,Near,Male,47
9,80,Medium,Low,No,10,83,High,Yes,1,High,Medium,Public,Neutral,4,No,High School,Near,Male,47
25,83,Medium,Medium,Yes,8,86,Low,No,3,High,High,Public,Positive,4,No,High School,Near,Female,76
21,95,Medium,Medium,Yes,8,100,Medium,Yes,1,High,Medium,Private,Neutral,3,No,High School,Moderate,Female,81
34,67,Medium,Medium,Yes,8,69,Low,Yes,2,Low,Medium,Public,Negative,4,No,College,Moderate,Female,65
13,76,High,High,Yes,9,74,Medium,Yes,0,Low,Medium,Public,Neutral,2,No,College,Near,Female,47
19,87,High,Low,Yes,10,78,High,Yes,2,High,High,Public,Positive,3,No,Postgraduate,Moderate,Female,72
31,85,Low,Low,Yes,5,62,Low,No,2,Low,Medium,Private,Negative,2,No,College,Near,Male,59
27,85,Low,Medium,No,8,61,Low,Yes,2,Low,Medium,Private,Neutral,3,No,College,Far,Male,60
16,100,Medium,Low,Yes,4,77,Medium,Yes,0,Low,Medium,Public,Positive,2,No,College,Near,Male,60
21,87,Low,Medium,Yes,8,52,Medium,Yes,1,Low,High,Private,Neutral,4,No,High School,Near,Female,53
20,92,Medium,Medium,No,8,55,Medium,Yes,2,Medium,Medium,Private,Negative,3,No,High School,Far,Female,52
22,77,Medium,Medium,Yes,6,83,Medium,Yes,2,Low,High,Public,Positive,4,No,College,Moderate,Female,67
16,69,High,High,No,4,78,Medium,No,1,Medium,Low,Public,Negative,1,No,College,Near,Male,47
19,77,Low,Low,Yes,7,88,Low,No,1,Medium,Medium,Public,Neutral,4,No,College,Moderate,Male,54
10,88,Medium,High,Yes,7,78,Medium,Yes,4,Medium,Low,Public,Neutral,0,No,College,Moderate,Male,57
21,84,Medium,Medium,Yes,7,72,Medium,Yes,2,Medium,Low,Public,Positive,3,No,College,Moderate,Male,64
23,84,High,Medium,No,6,89,High,Yes,3,Low,Medium,Public,Neutral,4,No,Postgraduate,Near,Male,81
19,78,Medium,High,No,6,67,Medium,No,0,Low,High,Public,Negative,3,No,High School,Near,Male,50
10,76,High,Low,Yes,7,68,Low,Yes,2,Medium,Medium,Public,Neutral,4,No,High School,Moderate,Male,39
26,78,High,High,Yes,6,71,Medium,Yes,2,Medium,Medium,Private,Neutral,2,No,College,Near,Male,71
22,88,Low,Low,No,8,78,High,Yes,0,Medium,Low,Private,Negative,3,No,High School,Far,Female,58
16,89,Medium,High,Yes,7,71,Medium,Yes,3,Low,High,Private,Negative,2,No,College,Far,Male,60
18,69,Medium,Low,Yes,5,53,High,No,2,High,Medium,Public,Neutral,5,No,College,Near,Female,43
11,88,Medium,Medium,Yes,7,69,Medium,Yes,1,Low,Medium,Public,Positive,2,No,Postgraduate,Near,Female,51
14,73,Medium,Low,No,8,72,Low,Yes,0,Low,High,Private,Positive,2,No,High School,Near,Male,43
17,85,Medium,Medium,No,9,73,High,Yes,0,Low,Low,Public,Positive,4,No,High School,Moderate,Male,54
27,78,High,Low,Yes,8,66,Medium,No,1,Medium,Medium,Public,Neutral,1,No,College,Near,Female,61
16,97,Low,Low,Yes,6,79,Low,No,1,Medium,High,Public,Neutral,2,No,College,Moderate,Male,56
24,75,Medium,Low,Yes,9,51,Medium,Yes,0,High,Low,Public,Negative,4,No,High School,Moderate,Female,42
17,82,Low,Low,No,5,77,Medium,Yes,2,Medium,Medium,Private,Neutral,3,Yes,High School,Near,Female,49
21,87,Medium,Medium,Yes,7,95,Medium,No,1,Low,High,Public,Positive,2,No,High School,Near,Male,72
19,70,Medium,Medium,Yes,8,64,Medium,Yes,3,Medium,Low,Public,Negative,3,No,Postgraduate,Far,Male,47
25,79,Medium,Low,No,9,73,Medium,Yes,3,Low,Medium,Private,Positive,5,No,High School,Moderate,Female,66
17,77,Medium,High,Yes,10,69,High,Yes,0,High,Medium,Public,Positive,2,No,High School,Near,Male,55
11,74,Medium,Medium,Yes,9,69,High,Yes,4,Low,Medium,Public,Positive,3,No,College,Near,Female,49
12,75,Medium,Low,Yes,7,59,Medium,Yes,0,Medium,Low,Public,Positive,3,No,Postgraduate,Moderate,Male,36
17,92,Medium,Medium,Yes,8,98,Low,Yes,0,High,High,Public,Neutral,4,No,High School,Moderate,Male,70
13,73,Low,Medium,Yes,7,77,Medium,Yes,1,Medium,Medium,Public,Positive,1,No,College,Moderate,Male,46
22,86,High,Medium,Yes,6,63,High,No,2,Low,High,Public,Neutral,2,Yes,High School,Moderate,Female,54
17,83,Medium,High,No,7,62,Low,Yes,1,Medium,High,Public,Neutral,3,No,High School,Near,Male,52
34,65,High,Medium,Yes,10,73,Low,No,2,Low,Low,Public,Positive,2,No,Postgraduate,Far,Male,66
10,86,Medium,High,No,8,44,High,Yes,3,Low,Medium,Public,Positive,3,Yes,High School,Moderate,Male,36
21,64,Medium,Medium,No,10,86,High,Yes,1,Medium,Medium,Public,Positive,4,No,College,,Male,62
13,87,Low,High,Yes,5,65,High,Yes,1,High,Medium,Public,Neutral,3,No,Postgraduate,Near,Female,53
17,74,High,Medium,Yes,6,77,Medium,Yes,1,Medium,Medium,Public,Positive,1,No,High School,Moderate,Male,54
21,80,Medium,Medium,No,8,78,Low,Yes,1,Low,Medium,Public,Positive,3,No,High School,Near,Female,61
6,66,Medium,Medium,No,8,85,Low,Yes,2,Medium,High,Public,Neutral,3,No,College,Near,Male,39
21,81,Medium,High,No,7,78,Medium,Yes,1,High,High,Public,Neutral,2,No,High School,Near,Female,66
31,90,Medium,Low,No,8,82,High,Yes,1,Medium,Medium,Public,Neutral,2,No,College,Near,Male,83
17,71,Medium,Low,No,8,85,Medium,Yes,1,Low,Medium,Public,Positive,5,No,College,Near,Female,56
22,73,High,Low,No,5,68,Medium,No,0,High,Low,Public,Positive,4,No,College,Near,Male,52
26,85,Low,Low,Yes,8,100,High,Yes,2,High,Medium,Public,Negative,2,No,College,Far,Male,78
19,85,High,High,No,9,77,Low,Yes,1,Medium,Low,Private,Positive,4,No,High School,Near,Male,62
17,60,High,Medium,Yes,7,72,Low,No,2,High,Low,Public,Neutral,4,No,College,Far,Female,42
6,100,High,Low,No,4,61,High,Yes,3,Low,Low,Public,Negative,2,No,College,Near,Male,44
24,86,High,Medium,Yes,7,69,Medium,Yes,1,Low,High,Private,Negative,4,No,High School,Far,Female,65
19,88,Medium,Low,No,8,77,High,Yes,1,Medium,Medium,Private,Neutral,2,No,Postgraduate,Far,Male,63
14,78,Medium,High,No,6,73,High,No,1,High,High,Private,Neutral,1,No,High School,Moderate,Female,51
21,60,Low,High,Yes,8,96,High,Yes,1,Medium,Low,Public,Neutral,2,No,College,Near,Female,61
16,87,High,Low,No,8,67,Medium,No,3,High,Medium,Private,Positive,2,No,High School,Near,Male,57
17,74,Low,Medium,No,7,81,Medium,No,2,Medium,Medium,Public,Neutral,2,No,High School,Near,Female,53
24,86,High,High,No,7,57,Medium,No,2,Medium,High,Public,Negative,4,No,High School,Far,Female,62
12,78,Low,Medium,Yes,7,100,High,Yes,3,High,Medium,Public,Positive,4,No,High School,Near,Female,67
26,83,Low,High,No,7,56,Low,Yes,3,Low,Low,Private,Neutral,3,Yes,Postgraduate,Far,Male,52
12,71,Low,Medium,No,5,99,Medium,Yes,3,Medium,,Public,Negative,3,No,Postgraduate,Moderate,Male,57
16,90,Medium,Low,No,6,70,High,Yes,1,Low,Medium,Private,Negative,2,No,College,Moderate,Male,53
32,67,Low,Medium,Yes,7,43,Medium,Yes,0,Medium,Medium,Public,Positive,2,No,High School,Moderate,Male,50
27,100,Low,Low,Yes,9,90,Medium,Yes,2,Medium,High,Public,Neutral,4,No,Postgraduate,Near,Female,86
21,100,Low,High,No,8,73,Low,Yes,4,Medium,Medium,Private,Positive,5,No,College,Near,Female,76
14,98,Medium,High,No,9,66,Low,No,0,High,Medium,Private,Positive,3,No,High School,Far,Male,52
17,94,High,Medium,Yes,5,80,Low,No,1,Low,High,Public,Neutral,3,No,College,Moderate,Male,61
20,79,Medium,Medium,Yes,7,81,Medium,Yes,3,High,High,Public,Negative,6,No,High School,Near,Male,67
20,93,Medium,High,No,10,77,Low,Yes,1,Medium,Medium,Private,Neutral,2,No,College,Moderate,Male,65
19,79,Low,High,Yes,6,87,Medium,Yes,2,Medium,High,Public,Negative,3,No,High School,Near,Male,65
20,63,Low,Medium,Yes,6,75,Medium,Yes,0,Medium,Medium,Public,Neutral,2,Yes,High School,Near,Female,40
19,97,Medium,High,No,7,80,Low,Yes,2,Low,High,Public,Negative,0,No,College,Moderate,Female,67
11,92,Low,Low,Yes,10,65,Low,Yes,1,Low,Medium,Public,Positive,2,No,High School,Far,Female,41
17,80,Low,High,Yes,6,82,Medium,Yes,0,Low,High,Private,Negative,3,No,High School,Near,Male,55
25,67,Low,Medium,No,8,65,Medium,Yes,2,Low,High,Public,Positive,1,No,High School,Near,Female,55
12,74,Medium,Low,No,8,57,Medium,Yes,2,Medium,Medium,Private,Neutral,4,No,High School,Moderate,Male,36
19,60,High,Medium,No,4,69,High,Yes,1,Low,High,Public,Neutral,1,No,College,Moderate,Male,47
15,90,Low,Medium,No,7,68,High,Yes,3,Medium,Medium,Public,Negative,2,No,High School,Near,Female,56
21,62,Medium,Medium,Yes,6,84,Medium,Yes,3,Medium,High,Public,Positive,3,No,High School,Near,Male,61
18,83,Medium,Medium,Yes,8,53,Medium,Yes,0,Medium,Medium,Public,Positive,2,Yes,College,Near,Female,41
29,71,High,Medium,Yes,9,86,Medium,Yes,0,Low,High,Private,Positive,3,No,College,Moderate,Female,73
23,64,Low,High,Yes,7,64,Medium,Yes,0,Medium,Medium,Public,Negative,3,Yes,High School,Near,Male,39
12,83,High,Medium,No,7,40,Low,No,1,High,Medium,Public,Neutral,3,No,High School,Near,Female,33
24,76,High,Low,No,10,56,High,Yes,2,High,High,Private,Positive,5,No,College,Far,Female,62
15,89,High,High,Yes,6,68,High,Yes,2,Medium,High,Public,Negative,2,No,High School,Moderate,Male,61
17,66,High,Medium,No,5,78,Medium,Yes,1,Medium,Medium,Public,Positive,4,No,College,Near,Female,54
22,72,Low,Medium,No,9,70,Medium,No,1,High,High,Private,Positive,2,No,High School,Near,Male,54
17,60,High,High,Yes,7,56,Medium,Yes,3,Low,Medium,Public,Positive,3,No,High School,,Female,44
25,60,High,Low,Yes,7,62,Low,No,0,Low,Medium,Private,Neutral,4,No,High School,Far,Male,41
15,100,Low,High,No,10,56,Medium,Yes,0,Medium,High,Private,Neutral,4,No,College,Near,Male,54
16,100,Low,Medium,Yes,5,75,Medium,Yes,2,Low,Low,Public,Negative,2,No,High School,Moderate,Male,57
16,81,High,Low,No,7,71,High,Yes,1,Low,High,Public,Positive,4,No,High School,Moderate,Male,55
17,71,Low,High,Yes,5,80,Medium,Yes,2,High,Medium,Private,Neutral,3,No,High School,Near,Female,55
27,77,High,High,Yes,7,49,Medium,Yes,2,Low,Medium,Public,Neutral,3,No,High School,Moderate,Female,59
24,90,Medium,Low,Yes,6,65,Medium,No,3,Medium,High,Public,Positive,3,No,High School,Near,Male,66
30,74,Medium,High,No,5,98,High,Yes,5,Medium,Medium,Public,Positive,3,No,College,Near,Female,93
34,83,Low,High,Yes,8,80,High,Yes,1,Low,Medium,Public,Negative,2,No,High School,Near,Female,80
14,80,Medium,High,No,7,68,High,No,0,Medium,Medium,Private,Positive,3,No,College,Near,Female,52
20,74,Medium,Low,Yes,5,59,Medium,Yes,4,Low,Low,Public,Positive,5,Yes,High School,Moderate,Female,43
13,74,High,Low,Yes,5,86,Medium,Yes,4,Low,Medium,Private,Neutral,2,Yes,College,Near,Male,48
15,83,Low,High,No,7,92,Medium,Yes,0,Medium,Medium,Public,Negative,6,No,College,Moderate,Female,62
16,69,Low,High,Yes,5,57,Low,Yes,0,Medium,High,Public,Positive,2,No,College,Near,Male,38
14,85,Low,Low,No,7,58,Medium,Yes,1,Low,High,Public,Positive,4,No,High School,Moderate,Male,44
14,75,Low,Medium,Yes,9,76,Medium,Yes,3,Medium,Medium,Private,Positive,1,No,College,Moderate,Female,49
19,81,High,Low,Yes,8,77,Medium,Yes,0,Medium,High,Public,Neutral,4,No,College,Near,Male,62
13,95,Low,Medium,Yes,6,78,Medium,Yes,4,Low,High,Private,Positive,1,No,High School,Near,Female,62
25,78,Low,Medium,Yes,7,96,Low,Yes,1,Low,Medium,Public,Neutral,4,No,,Moderate,Female,71
14,90,High,Low,Yes,5,59,Medium,Yes,1,Medium,High,Public,Neutral,3,No,Postgraduate,Moderate,Male,51
37,60,Low,Medium,Yes,7,73,Medium,Yes,2,Medium,Medium,Public,Neutral,4,No,High School,Near,Female,70
17,75,Low,Medium,Yes,7,81,Medium,Yes,2,Low,Medium,Public,Negative,2,No,High School,Near,Male,53
20,80,Medium,Medium,No,6,81,High,Yes,1,Low,Medium,Public,Neutral,3,No,High School,Near,Male,63
12,100,Medium,High,Yes,8,64,Low,No,1,Medium,Medium,Public,Positive,4,No,College,Near,Male,53
30,60,High,Low,No,4,64,Medium,Yes,2,Medium,Medium,Public,Neutral,4,No,College,Moderate,Male,57
27,79,Medium,Low,No,5,66,Medium,Yes,2,Medium,Low,Public,Positive,2,No,High School,Near,Male,61
22,96,Medium,Medium,Yes,6,94,Medium,Yes,3,Low,Medium,Private,Negative,3,No,College,Moderate,Female,80
12,71,Medium,Medium,No,6,59,High,Yes,1,Medium,Medium,Public,Neutral,2,No,College,Moderate,Female,39
21,78,High,Low,Yes,9,68,Medium,Yes,0,Low,High,Public,Neutral,3,No,College,Moderate,Male,53
13,84,Medium,High,No,8,82,High,Yes,1,Medium,Medium,Public,Neutral,1,No,Postgraduate,Near,Female,61
29,82,Medium,Low,Yes,7,58,Low,Yes,3,Low,Low,Public,Neutral,5,No,High School,Near,Male,62
25,97,Medium,Low,No,7,75,High,Yes,1,Low,Medium,Private,Positive,2,No,High School,Far,Female,73
21,85,Medium,High,No,7,47,High,Yes,2,Medium,Medium,Private,Neutral,4,No,College,Moderate,Female,58
5,95,Medium,High,Yes,9,75,Low,Yes,0,Medium,Low,Public,Negative,2,Yes,College,Near,Male,36
14,76,Low,Medium,Yes,4,73,Medium,Yes,5,Low,Medium,Public,Negative,1,No,High School,Near,Male,47
24,72,Medium,Low,No,8,74,Medium,Yes,0,Low,Medium,Public,Positive,4,No,College,Near,Male,57
27,78,Low,Medium,Yes,6,61,High,Yes,1,Medium,,Public,Positive,4,No,,Near,Male,64
27,67,Medium,Low,Yes,8,75,Medium,Yes,2,Medium,Medium,Public,Negative,4,No,High School,Near,Male,60
10,85,Medium,Medium,Yes,8,71,Medium,No,1,Low,,Public,Negative,3,No,College,Moderate,Male,40
22,76,Medium,Medium,No,8,89,Medium,Yes,1,Medium,Medium,Private,Positive,4,No,Postgraduate,Near,Female,70
26,73,Low,Medium,Yes,9,80,Low,Yes,2,High,Medium,Public,Neutral,3,No,Postgraduate,Moderate,Male,64
10,85,High,Medium,No,5,53,High,No,3,Medium,Medium,Public,Neutral,2,No,High School,Moderate,Male,40
20,67,Medium,High,No,8,61,Medium,Yes,1,Medium,Medium,Public,Negative,6,No,College,Moderate,Female,47
22,88,Medium,Low,No,7,64,Medium,Yes,2,High,Low,Public,Neutral,2,No,High School,Near,Male,60
18,75,Low,Low,No,6,74,High,Yes,1,High,Medium,Public,Positive,4,No,High School,Moderate,Female,53
9,93,Medium,High,Yes,10,70,High,No,0,Low,Medium,Public,Neutral,4,No,College,Near,Male,49
18,76,Medium,Low,Yes,8,70,High,No,1,Low,Medium,Public,Neutral,4,No,High School,Moderate,Male,49
18,87,High,Low,Yes,6,100,Low,Yes,0,Medium,Medium,Public,Positive,3,No,College,Moderate,Male,70
19,82,Medium,Low,Yes,8,65,High,Yes,1,Low,Medium,Public,Positive,3,No,High School,Far,Female,53
17,88,Low,Medium,Yes,7,90,Medium,Yes,1,Low,Low,Public,Neutral,2,No,College,Far,Male,62
17,81,Medium,Medium,Yes,6,70,Medium,Yes,0,High,Low,Private,Positive,4,No,High School,Near,Male,53
20,62,Low,Medium,Yes,6,44,High,Yes,2,Medium,High,Public,Positive,1,No,High School,Far,Male,37
23,91,Low,Medium,Yes,7,74,Low,Yes,2,Low,Medium,Public,Negative,5,No,College,Moderate,Female,65
18,79,Medium,Medium,No,6,87,Low,Yes,3,Low,Low,Public,Neutral,6,No,Postgraduate,Moderate,Male,63
18,89,Low,Low,No,7,80,High,Yes,2,Medium,Medium,Public,Neutral,4,No,College,Near,Male,65
21,88,High,High,Yes,8,75,Low,Yes,3,Medium,High,Public,Positive,1,No,High School,Near,Male,70
8,71,Medium,High,Yes,7,72,Low,No,0,Low,Medium,Public,Positive,2,No,Postgraduate,Near,Male,36
23,70,Low,Medium,No,10,66,Medium,Yes,1,High,Medium,Public,Negative,4,No,College,Near,Female,51
20,87,High,Medium,No,7,84,Medium,No,1,High,High,Public,Positive,2,No,High School,Moderate,Male,69
20,77,Medium,High,Yes,9,66,Medium,Yes,1,Low,Low,Private,Neutral,1,No,College,Near,Female,52
26,90,Low,Low,Yes,8,64,Medium,Yes,2,Medium,Medium,Public,Positive,3,No,College,Near,Male,66
8,78,Medium,Medium,Yes,9,77,High,Yes,0,Low,Medium,Public,Negative,2,No,Postgraduate,Moderate,Male,41
8,91,High,High,Yes,10,68,Medium,Yes,0,High,Medium,Private,Positive,2,No,Postgraduate,Near,Male,51
22,85,Medium,Low,Yes,5,89,Medium,Yes,3,Medium,Medium,Public,Positive,1,No,College,Near,Female,72
20,83,Medium,Low,Yes,7,78,Medium,No,2,Low,High,Public,Neutral,5,No,College,Moderate,Female,61
21,76,Medium,Medium,Yes,7,62,High,No,0,Low,Medium,Public,Neutral,2,No,Postgraduate,Near,Female,52
17,83,Medium,Medium,No,7,57,Low,Yes,4,Low,Medium,Public,Positive,2,No,Postgraduate,Near,Male,53
24,93,Low,Medium,Yes,6,65,High,Yes,2,Medium,Medium,Public,Negative,4,No,College,Near,Female,68
26,79,Medium,Low,Yes,6,100,Low,Yes,1,Low,Low,Public,Neutral,3,No,College,Moderate,Female,72
23,86,High,Medium,Yes,5,69,High,Yes,3,Medium,Medium,Public,Neutral,2,No,College,Near,Male,70
18,81,Medium,Low,Yes,7,82,High,Yes,1,Medium,Low,Public,Negative,4,No,High School,Moderate,Female,59
7,81,Low,High,No,8,55,Low,Yes,0,Low,Medium,Private,Positive,3,No,Postgraduate,Near,Male,33
25,99,Medium,Low,Yes,6,58,Low,No,4,Low,Medium,Public,Neutral,3,No,College,Moderate,Male,64
27,93,Low,Low,Yes,7,70,Low,Yes,2,Low,Low,Private,Positive,2,No,High School,Far,Female,65
24,81,Medium,Medium,No,6,94,Medium,Yes,1,Medium,High,Private,Neutral,1,No,Postgraduate,Moderate,Male,72
15,82,Medium,Low,No,6,55,Medium,Yes,3,Low,Medium,Private,Neutral,4,No,High School,Moderate,Male,44
24,72,Medium,Medium,Yes,7,64,Low,Yes,1,Medium,Medium,Private,Positive,2,Yes,College,Near,Male,51
25,78,High,Low,No,7,84,Low,Yes,0,Medium,Medium,Private,Neutral,1,No,High School,Far,Male,62
29,83,Medium,Medium,Yes,9,93,Medium,No,3,High,Medium,Public,Neutral,3,Yes,,Far,Male,75
15,89,Medium,Low,Yes,5,78,Low,Yes,5,High,Low,Public,Positive,3,No,High School,Near,Female,61
19,88,High,Medium,Yes,7,81,High,Yes,0,Low,High,Private,Negative,1,No,High School,Moderate,Male,63
24,68,Medium,Low,Yes,9,60,Medium,Yes,1,Medium,Medium,Private,Positive,2,No,High School,Near,Female,50
20,91,High,Medium,Yes,5,55,Low,Yes,2,Medium,Medium,Private,Negative,3,No,Postgraduate,Near,Male,56
13,79,High,Low,Yes,9,57,Low,Yes,1,High,Medium,Public,Negative,1,No,College,Near,Male,36
22,69,Medium,High,No,6,61,Medium,Yes,3,Low,High,Private,Positive,4,No,High School,Near,Female,57
23,95,Medium,Medium,No,8,75,Low,Yes,1,Low,High,Public,Negative,1,No,Postgraduate,Near,Female,68
21,96,Medium,Low,No,7,56,Low,Yes,1,Low,High,Public,Positive,4,No,High School,Near,Male,59
21,83,High,Low,Yes,8,75,Low,Yes,2,Low,Low,Private,Neutral,3,No,College,Moderate,Male,58
18,88,Low,Low,Yes,9,68,Medium,Yes,4,Medium,High,Public,Negative,6,No,High School,Near,Female,59
29,88,High,Low,Yes,7,65,Medium,Yes,4,High,Medium,Private,Neutral,3,No,Postgraduate,Moderate,Female,78
15,95,Medium,Medium,No,8,84,Medium,Yes,0,Medium,,Public,Negative,1,No,Postgraduate,Moderate,Female,60
16,88,Medium,Medium,Yes,7,60,High,Yes,0,Medium,Medium,Private,Negative,1,No,College,Near,Male,51
20,65,Medium,High,Yes,6,91,Medium,Yes,0,Medium,Medium,Public,Neutral,3,No,College,Near,Female,61
25,100,High,High,Yes,7,83,Low,Yes,2,Low,Medium,Public,Neutral,0,No,College,Moderate,Male,81
11,92,Low,Low,Yes,7,59,Medium,Yes,2,Low,Medium,Private,Positive,1,No,High School,Near,Male,44
12,74,Medium,Low,Yes,5,88,Medium,Yes,1,Low,Medium,Private,Neutral,4,No,College,Far,Male,47
8,69,High,Low,Yes,8,58,Medium,Yes,0,Low,Low,Private,Neutral,6,No,Postgraduate,Near,Male,30
20,86,Medium,Low,No,8,89,Low,Yes,2,Medium,Medium,Public,Neutral,3,No,College,Near,Male,66
13,77,Medium,Medium,Yes,8,76,High,Yes,2,Medium,Medium,Public,Neutral,2,No,,Far,Male,51
18,84,High,Low,No,9,51,Low,Yes,2,Medium,Medium,Private,Positive,4,No,High School,Moderate,Male,48
24,88,High,Low,No,8,55,Medium,No,1,Medium,Medium,Private,Negative,5,No,College,Moderate,Female,55
16,74,Low,Low,Yes,6,67,Medium,No,0,Medium,Low,Public,Negative,2,No,College,Near,Male,35
21,68,Medium,Medium,No,6,83,High,Yes,2,Low,Medium,Private,Neutral,4,No,High School,Moderate,Male,60
18,84,Low,Low,No,8,70,High,Yes,0,Medium,Medium,Public,Neutral,5,No,High School,Moderate,Male,54
24,74,Low,High,Yes,8,69,High,Yes,1,Low,Low,Public,Neutral,3,No,Postgraduate,Near,Female,61
23,82,Medium,Medium,Yes,7,73,Medium,Yes,1,Low,High,Public,Negative,2,No,High School,Near,Female,62
16,65,Low,Medium,No,6,46,Medium,Yes,1,High,Medium,Private,Positive,2,No,College,Near,Female,34
19,77,Medium,Medium,No,6,83,Low,Yes,3,High,Low,Private,Negative,2,No,College,Far,Female,57
26,88,Medium,Medium,Yes,8,89,Medium,Yes,3,Medium,Medium,Public,Positive,2,Yes,College,Near,Male,77
22,87,High,Medium,Yes,4,82,High,Yes,1,Low,Low,Public,Positive,4,No,High School,Moderate,Male,69
12,71,Medium,Medium,Yes,4,66,Low,Yes,1,Medium,High,Public,Neutral,3,No,College,Near,Male,39
24,67,Low,Medium,Yes,8,60,Medium,No,0,Medium,Medium,Private,Neutral,1,No,Postgraduate,Near,Male,46
13,80,High,Medium,Yes,6,58,High,Yes,1,Low,High,Private,Positive,3,No,High School,Moderate,Male,46
28,86,High,Low,No,8,57,Low,No,1,Low,High,Public,Neutral,4,No,College,Near,Female,61
26,84,Medium,Medium,Yes,9,100,Medium,Yes,1,Medium,Medium,Private,Negative,3,No,Postgraduate,Moderate,Female,79
22,74,High,Medium,No,6,71,High,Yes,4,High,High,Public,Negative,3,No,College,Near,Female,66
21,83,Medium,Medium,No,5,84,Medium,Yes,2,Low,Medium,Public,Positive,5,No,High School,Moderate,Female,67
19,97,Medium,High,Yes,7,83,High,Yes,1,High,Medium,Public,Positive,4,Yes,High School,Moderate,Male,72
24,82,Medium,Medium,Yes,6,74,Medium,Yes,0,Low,High,Public,Positive,4,No,High School,Near,Male,66
18,62,Low,High,No,7,60,Low,Yes,1,Low,Medium,Public,Neutral,5,No,College,Moderate,Male,39
21,82,Medium,Medium,No,8,79,Low,No,0,High,Medium,Public,Neutral,4,No,College,Moderate,Female,58
25,100,Medium,Medium,Yes,7,58,Low,Yes,1,Low,Medium,Private,Neutral,3,No,College,Near,Male,65
17,66,High,Medium,No,7,80,Medium,Yes,1,Medium,Medium,Public,Positive,3,No,College,Moderate,Female,54
16,80,Low,Low,Yes,8,59,Medium,Yes,2,Medium,High,Public,Positive,3,No,High School,Far,Male,45
13,78,Low,Low,No,8,66,Medium,No,2,Low,Low,Public,Neutral,5,No,High School,Near,Male,38
14,81,Medium,Medium,No,7,66,Medium,Yes,1,Medium,High,Private,Positive,4,No,Postgraduate,Near,Female,55
9,82,Low,Low,No,8,90,Low,Yes,4,Low,High,Public,Neutral,3,Yes,High School,Near,Female,44
24,93,High,Low,Yes,5,40,Medium,Yes,1,Medium,Medium,Private,Negative,5,No,College,Near,Male,54
31,81,Medium,High,No,8,100,Low,Yes,0,Medium,Medium,Public,Negative,3,No,Postgraduate,Near,Female,84
29,94,High,Medium,Yes,7,62,Low,Yes,1,High,Low,Public,Neutral,3,No,High School,Near,Female,72
10,79,Medium,Low,Yes,5,70,High,Yes,0,Low,High,Public,Negative,0,No,High School,Near,Male,38
24,76,Low,Low,No,6,77,High,Yes,3,Medium,High,Public,Neutral,2,No,High School,Near,Male,65
29,73,Low,High,Yes,8,76,Low,Yes,2,Medium,Low,Private,Negative,3,No,College,Moderate,Female,65
17,60,Medium,High,No,6,83,Low,Yes,1,High,Medium,Public,Neutral,4,No,College,Far,Female,49
21,83,High,Medium,Yes,8,80,Medium,Yes,2,High,Medium,Public,Positive,3,No,High School,Near,Male,70
8,100,Medium,Low,No,8,98,Medium,Yes,3,Medium,Medium,Private,Positive,2,No,College,Near,Male,67
22,85,Low,Medium,Yes,7,82,High,Yes,5,Low,Low,Public,Positive,3,Yes,Postgraduate,Near,Male,70
14,88,Medium,Medium,Yes,6,70,Medium,Yes,4,Medium,Medium,Public,Negative,1,No,College,Near,Male,57
21,75,Low,High,Yes,7,65,Low,No,2,Medium,Medium,Public,Positive,5,No,Postgraduate,Near,Male,56
11,77,Medium,Medium,Yes,5,64,Medium,No,4,Low,Medium,Public,Neutral,5,Yes,High School,Near,Male,36
23,91,Low,High,No,6,89,Low,Yes,2,High,Medium,Public,Negative,1,No,High School,Near,Male,73
26,100,Medium,Medium,No,5,95,Medium,Yes,0,Medium,Medium,Private,Neutral,2,No,High School,Moderate,Female,83
15,96,Medium,High,No,7,85,Medium,Yes,3,Medium,Medium,Public,Negative,3,Yes,College,Near,Male,64
13,89,High,Medium,Yes,5,40,High,Yes,4,Medium,High,Private,Positive,5,Yes,Postgraduate,Moderate,Male,43
7,80,Medium,Medium,No,7,43,Medium,Yes,1,High,Low,Public,Neutral,3,No,High School,Far,Female,26
18,82,Low,Medium,Yes,9,72,Medium,Yes,7,Medium,Medium,Public,Neutral,3,No,High School,Moderate,Female,62
17,72,High,Medium,Yes,9,70,Low,No,0,Low,Low,Private,Positive,3,No,High School,Near,Male,43
11,64,High,High,No,5,72,High,Yes,1,Medium,Low,Public,Neutral,1,Yes,Postgraduate,Near,Male,34
23,68,Medium,Medium,No,6,88,Medium,Yes,0,Low,Medium,Public,Neutral,3,No,High School,Moderate,Female,60
17,81,High,High,Yes,8,88,Low,Yes,2,Low,Low,Public,Neutral,2,No,High School,Moderate,Male,62
14,77,High,Medium,Yes,8,74,Low,Yes,3,Low,Medium,Private,Positive,3,No,High School,Moderate,Male,53
17,64,Low,Medium,Yes,6,52,High,No,2,Medium,Medium,Public,Neutral,2,No,College,Moderate,Male,34
26,80,Medium,Low,No,6,56,Low,Yes,2,High,High,Private,Negative,3,Yes,College,Near,Male,49
24,76,Medium,Low,Yes,7,73,Medium,Yes,2,High,Medium,Private,Negative,3,No,College,Near,Female,61
19,67,Medium,High,Yes,4,77,Medium,Yes,0,Low,Low,Public,Positive,3,No,Postgraduate,Near,Female,52
24,76,High,Low,No,8,56,Medium,No,0,Low,Medium,Public,Negative,4,No,College,Near,Male,48
13,76,Medium,Medium,No,9,81,High,Yes,2,High,Low,Public,Negative,3,No,High School,Near,Female,51
20,73,Medium,Low,Yes,6,49,Low,Yes,2,Medium,Medium,Public,Neutral,3,No,College,Near,Male,42
21,90,High,Medium,No,5,40,Medium,Yes,1,Low,Medium,Public,Negative,4,No,College,Moderate,Female,48
17,60,Medium,High,Yes,9,61,Medium,Yes,1,Medium,Medium,Public,Positive,2,Yes,College,Near,Female,35
23,60,Medium,High,Yes,7,90,Medium,Yes,0,Medium,High,Public,Positive,2,No,College,Moderate,Female,64
15,80,High,Medium,Yes,8,92,Low,No,1,Medium,Medium,Private,Positive,4,No,College,Far,Male,58
23,81,Medium,Medium,Yes,5,51,Low,Yes,2,Low,High,Public,Positive,2,No,College,Near,Male,53
23,84,Medium,Low,Yes,5,52,High,Yes,1,Medium,High,Public,Neutral,2,No,High School,Near,Female,54
2,74,Medium,High,Yes,8,82,Medium,Yes,3,Low,Medium,Public,Positive,5,No,High School,Moderate,Female,41
27,70,High,Low,Yes,8,66,Low,No,1,High,Medium,Public,Neutral,4,No,High School,Far,Male,53
2,80,Medium,High,No,5,90,Medium,No,2,High,Low,Public,Neutral,3,No,Postgraduate,Far,Female,43
16,75,Medium,High,Yes,7,82,Medium,Yes,3,High,High,Private,Neutral,4,No,High School,Moderate,Male,61
26,97,Medium,Medium,Yes,5,84,High,Yes,2,Low,Medium,Public,Positive,2,No,Postgraduate,Near,Female,86
18,76,High,High,Yes,6,61,High,Yes,1,Low,Low,Public,Negative,4,No,College,Near,Male,52
11,79,Low,Medium,Yes,7,78,Medium,Yes,0,Medium,Low,Private,Positive,3,No,College,Near,Male,46
13,100,Low,Low,No,8,98,High,Yes,2,Low,High,Private,Neutral,3,No,High School,Moderate,Female,70
26,78,High,Medium,No,4,74,Medium,Yes,2,Low,Low,Public,Negative,3,No,College,Near,Male,65
8,86,High,Low,No,9,71,Medium,Yes,2,Medium,High,Public,Positive,2,No,High School,Near,Male,48
27,87,Medium,Medium,No,7,66,Medium,Yes,1,Low,Medium,Public,Negative,2,No,High School,Near,Male,65
20,88,Medium,Medium,Yes,9,51,High,Yes,4,Low,Medium,Private,Positive,1,No,Postgraduate,Near,Male,61
13,83,Medium,High,Yes,8,58,Low,Yes,0,High,Low,Public,Positive,3,No,High School,Near,Male,43
17,82,Medium,High,Yes,8,60,Medium,No,2,Low,Medium,Private,Positive,3,No,College,Far,Male,50
14,81,Medium,Low,Yes,10,51,High,Yes,3,High,Medium,Public,Positive,1,No,College,Far,Male,42
25,74,High,Low,Yes,6,52,Low,Yes,0,Medium,High,Public,Negative,3,No,High School,Far,Female,44
24,84,Low,Medium,No,7,40,High,No,1,Medium,Medium,Public,Positive,0,No,Postgraduate,Moderate,Male,49
10,100,High,Low,Yes,6,62,High,No,3,Low,Medium,Public,Positive,2,No,Postgraduate,Near,Female,55
18,93,Low,Medium,No,7,81,Medium,Yes,2,Medium,Medium,Private,Negative,3,No,College,Moderate,Female,65
15,83,High,Medium,Yes,8,68,High,Yes,4,High,Low,Public,Negative,3,No,Postgraduate,Near,Male,59
28,89,Low,Medium,Yes,9,68,Low,Yes,1,Medium,Medium,Public,Neutral,3,No,High School,Near,Female,65
12,70,Low,Medium,No,6,82,High,Yes,1,Low,Medium,Public,Negative,1,No,High School,Moderate,Male,41
30,77,Low,High,No,5,94,Low,Yes,2,Low,High,Public,Negative,3,No,College,Moderate,Female,78
20,90,Low,Medium,Yes,7,100,Low,Yes,1,Low,High,Public,Positive,4,Yes,College,Near,Male,70
13,96,Medium,High,No,6,74,Medium,Yes,0,Medium,Medium,Public,Positive,2,No,Postgraduate,Near,Male,62
16,72,Medium,High,No,6,68,Medium,Yes,0,Medium,Medium,Public,Neutral,3,No,High School,Near,Male,46
15,75,High,Medium,Yes,8,67,Medium,No,0,Medium,High,Private,Neutral,1,No,College,Moderate,Male,44
12,100,Medium,Low,No,8,80,Medium,Yes,2,High,Medium,Public,Neutral,4,Yes,High School,Near,Female,55
21,81,Medium,High,Yes,8,70,High,Yes,0,Medium,Medium,Public,Negative,1,No,Postgraduate,Moderate,Female,59
13,100,Medium,Medium,Yes,7,70,Medium,Yes,1,Medium,Low,Public,Positive,4,No,High School,Near,Male,59
7,82,High,Medium,No,8,71,High,Yes,3,Low,High,Public,Neutral,6,Yes,Postgraduate,Near,Female,46
18,83,Low,Medium,No,7,60,Low,No,0,Medium,Low,Private,Neutral,2,No,College,Near,Female,41
9,77,Medium,Medium,No,7,42,High,No,0,Medium,High,Public,Negative,2,No,College,Moderate,Male,25
15,90,Low,Low,Yes,5,63,High,Yes,3,High,,Public,Neutral,3,No,High School,Moderate,Female,52
15,95,Low,Low,Yes,4,91,High,Yes,2,Low,High,Public,Positive,4,No,High School,Far,Male,66
15,69,Medium,High,No,5,90,Medium,Yes,2,Low,Medium,Public,Positive,2,No,College,Far,Female,57
32,76,Low,Medium,Yes,7,84,High,Yes,0,Low,Medium,Public,Negative,0,No,High School,Near,Male,72
20,90,Low,High,No,6,66,Low,Yes,3,Medium,Medium,Public,Neutral,4,No,High School,Near,Male,61
21,79,High,High,No,5,62,Low,No,1,Medium,High,Private,Neutral,3,No,High School,Moderate,Female,53
9,75,Low,Medium,No,6,93,Medium,Yes,2,Low,Medium,Private,Neutral,3,No,College,Near,Male,50
16,91,Medium,High,Yes,7,58,High,Yes,3,Low,Medium,Public,Neutral,3,No,High School,Near,Male,59
21,92,Medium,Medium,No,8,73,High,Yes,1,Low,Medium,Public,Positive,2,No,Postgraduate,Near,Male,71
14,75,High,Low,Yes,7,94,Medium,Yes,3,Low,Low,Public,Neutral,3,No,High School,Moderate,Female,57
25,82,Medium,High,No,7,74,Medium,Yes,1,Low,Medium,Private,Positive,3,No,College,Far,Male,69
13,67,Low,High,Yes,6,68,Medium,Yes,0,Medium,Medium,Public,Negative,4,Yes,High School,Near,Male,31
18,70,High,Low,Yes,8,87,Low,Yes,1,High,Medium,Public,Positive,3,No,College,Moderate,Male,56
16,81,Medium,High,No,7,73,Medium,No,1,Medium,Medium,Private,Positive,0,No,College,Near,Female,55
21,80,Medium,Low,No,7,75,Low,Yes,2,Medium,High,Private,Neutral,3,No,College,Moderate,Male,60
16,69,Medium,High,Yes,8,92,Medium,No,0,Medium,Medium,Private,Positive,3,No,College,Near,Male,57
18,72,Medium,Medium,No,8,40,Low,Yes,1,Low,Medium,Public,Neutral,3,No,High School,Near,Female,33
19,68,Medium,Low,No,7,77,Low,Yes,0,High,Medium,Public,Neutral,2,No,College,Far,Male,46
16,85,Medium,High,Yes,7,62,Medium,Yes,2,Low,Medium,Public,Neutral,5,No,College,Near,Male,56
23,60,Low,Medium,Yes,7,69,Medium,Yes,0,High,Low,Public,Neutral,2,No,College,Near,Male,48
21,69,Medium,Low,Yes,4,73,High,Yes,0,High,Medium,Private,Neutral,4,No,Postgraduate,Near,Female,54
19,60,High,High,No,9,63,Medium,Yes,3,Low,High,Private,Neutral,2,No,High School,Far,Female,45
17,85,Medium,High,No,6,75,Medium,Yes,3,Low,Medium,Public,Positive,4,No,College,Moderate,Female,64
25,60,High,Medium,Yes,8,77,High,Yes,1,Low,Medium,Private,Positive,1,No,Postgraduate,Near,Male,62
19,80,Low,Medium,Yes,7,75,Low,Yes,0,Medium,Low,Public,Positive,5,No,College,Moderate,Male,55
18,98,High,Low,No,9,73,Medium,Yes,2,Medium,Medium,Private,Positive,3,No,High School,Far,Female,66
21,98,High,Medium,Yes,8,70,Medium,Yes,0,High,Medium,Private,Positive,2,No,High School,Near,Male,69
30,60,Medium,Medium,No,8,71,Medium,Yes,1,High,High,Private,Neutral,3,No,High School,Near,Male,62
12,83,Low,Low,Yes,6,73,Medium,Yes,4,Medium,High,Public,Neutral,2,No,Postgraduate,Moderate,Female,52
25,69,Medium,Medium,Yes,5,60,High,Yes,0,Low,Medium,Public,Negative,3,No,College,Moderate,Female,49
9,67,Low,High,No,7,89,Low,No,1,High,Medium,Public,Negative,3,No,High School,Near,Male,39
21,79,Medium,High,Yes,4,71,High,Yes,0,Medium,Medium,Public,Neutral,2,No,College,Far,Male,57
29,94,High,Medium,No,6,67,Medium,Yes,2,Medium,Medium,Public,Negative,4,No,College,Moderate,Male,76
23,87,Medium,Medium,No,5,77,Low,Yes,4,Medium,Medium,Public,Neutral,6,No,High School,Moderate,Male,69
21,72,Low,High,Yes,6,71,Medium,No,0,Medium,Medium,Public,Neutral,3,No,High School,Moderate,Male,50
17,88,Medium,High,Yes,8,88,Medium,No,2,Medium,Medium,Public,Positive,0,No,High School,Near,Female,67
20,60,Medium,Low,No,8,84,Medium,Yes,3,Low,Medium,Public,Positive,3,No,High School,Near,Female,55
18,72,Medium,Medium,Yes,7,73,Low,Yes,3,Medium,Medium,Private,Neutral,3,No,Postgraduate,Moderate,Female,54
15,71,Low,Low,No,7,84,High,Yes,0,Medium,Medium,Public,Negative,4,No,College,Near,Female,50
18,81,High,Low,No,6,75,High,Yes,0,Medium,Low,Private,Neutral,2,No,High School,Moderate,Female,54
21,78,Low,Low,Yes,10,57,High,Yes,2,Low,Medium,Private,Negative,2,No,College,Near,Male,48
15,78,Medium,Medium,No,7,84,Medium,Yes,3,Low,Medium,Private,Neutral,2,Yes,High School,Near,Male,52
15,78,Medium,High,Yes,6,47,Medium,Yes,0,Low,Medium,Public,Positive,1,No,High School,Moderate,Female,37
12,80,Low,High,Yes,8,40,Medium,Yes,1,Medium,Medium,Public,Neutral,1,No,High School,Near,Male,31
22,86,Medium,Medium,Yes,9,81,Medium,Yes,2,Medium,Low,Private,Positive,3,No,High School,Near,Male,68
23,82,Medium,Medium,No,6,78,Low,Yes,5,Low,Medium,Public,Positive,1,No,High School,Moderate,Female,68
21,77,Medium,Low,Yes,5,77,Medium,No,4,Medium,Medium,Public,Negative,3,Yes,Postgraduate,Near,Female,52
26,84,High,Low,No,5,90,Low,No,1,Medium,Low,Public,Neutral,4,No,High School,Far,Female,67
21,89,Medium,Low,No,6,72,High,Yes,2,Medium,Medium,Private,Neutral,2,No,College,Near,Male,64
22,74,Medium,High,No,7,67,Low,Yes,3,Medium,High,Private,Positive,4,No,High School,Near,Male,63
22,79,High,Low,Yes,5,82,High,Yes,1,High,Medium,Private,Negative,2,No,College,Moderate,Female,64
19,93,High,High,No,6,63,Low,Yes,1,Low,Medium,Private,Negative,1,No,College,Near,Female,59
17,68,Low,Medium,Yes,7,69,High,Yes,4,Medium,Medium,Public,Negative,2,No,Postgraduate,Near,Male,52
33,100,High,Medium,Yes,7,75,Medium,Yes,5,Low,Medium,Public,Positive,3,No,High School,Near,Male,96
17,65,High,High,Yes,8,76,Medium,Yes,3,Medium,Low,Public,Neutral,4,No,High School,Far,Female,51
16,76,Low,High,No,8,68,Low,Yes,0,High,High,Public,Positive,3,No,High School,Near,Male,49
23,70,Medium,Low,No,10,66,Medium,Yes,1,High,High,Public,Neutral,5,No,High School,Near,Female,55
22,100,Low,High,Yes,9,57,Medium,Yes,4,Medium,Medium,Public,Neutral,3,No,College,Far,Female,67
12,74,Medium,Low,No,7,62,High,No,1,High,Medium,Private,Negative,2,No,High School,Moderate,Male,36
27,74,High,High,Yes,6,96,High,Yes,1,Medium,Medium,Public,Positive,3,No,College,Moderate,Male,83
19,76,Medium,Low,Yes,6,69,Medium,Yes,1,Medium,Medium,Private,Positive,1,No,High School,Near,Female,52
13,81,Medium,Medium,Yes,5,74,Low,Yes,1,Medium,Medium,Public,Negative,4,No,Postgraduate,Near,Male,48
27,76,Low,Medium,Yes,7,53,Low,Yes,0,Medium,Medium,Public,Positive,1,No,College,Near,Female,52
24,79,Medium,High,No,7,100,Medium,No,1,Low,Medium,Public,Positive,2,No,High School,Near,Male,76
12,60,High,High,Yes,8,61,Medium,Yes,1,High,High,Public,Negative,3,No,Postgraduate,Moderate,Female,39
31,81,Low,Low,Yes,7,57,Medium,No,1,Low,Medium,Public,Negative,2,No,College,Near,Male,56
24,80,Medium,High,Yes,8,71,Medium,Yes,3,Low,Medium,Private,Positive,3,No,College,Moderate,Male,68
20,91,Medium,Medium,Yes,9,60,Medium,No,2,Low,Medium,Public,Negative,3,No,High School,Near,Female,52
30,94,Medium,Low,Yes,6,77,Medium,Yes,0,Low,High,Public,Negative,4,No,College,Moderate,Female,76
21,78,Medium,Low,Yes,6,52,Medium,Yes,2,Low,Medium,Private,Positive,4,No,College,Far,Male,49
20,89,Medium,Low,No,7,87,High,Yes,0,Low,Medium,Public,Positive,3,Yes,High School,Near,Male,62
16,68,Medium,Low,No,6,84,Low,Yes,1,Medium,Low,Public,Negative,3,Yes,College,Far,Male,37
23,88,Medium,Medium,No,7,70,Low,Yes,1,High,Medium,Public,Negative,4,No,Postgraduate,Moderate,Male,64
23,74,Medium,Low,No,7,50,Low,Yes,1,Low,High,Public,Negative,3,No,High School,Moderate,Male,42
20,67,Medium,Medium,Yes,7,61,Medium,Yes,2,High,Medium,Private,Positive,5,No,College,Near,Female,55
15,78,Medium,Low,No,7,73,Medium,Yes,3,Medium,Medium,Public,Neutral,4,No,College,Moderate,Female,53
21,95,High,Medium,No,6,56,High,Yes,3,Medium,Medium,Public,Neutral,3,Yes,Postgraduate,Near,Female,62
20,82,Low,Low,Yes,8,58,Medium,Yes,1,Low,Medium,Public,Neutral,4,No,High School,Far,Female,46
12,96,Low,Medium,Yes,8,86,High,Yes,1,High,Medium,Public,Neutral,5,No,College,Near,Female,66
11,72,High,Medium,Yes,6,74,Low,No,2,Medium,High,Public,Positive,6,No,College,Near,Male,47
23,92,Low,High,Yes,5,74,Low,Yes,2,Low,Low,Public,Negative,4,No,College,Moderate,Male,64
4,73,High,High,No,9,79,Low,No,1,Low,Medium,Public,Neutral,2,No,High School,Moderate,Female,32
21,82,Medium,Medium,Yes,9,70,Medium,Yes,1,Medium,Medium,Private,Negative,2,No,College,Near,Male,57
17,82,High,High,No,7,71,Medium,Yes,1,High,High,Public,Negative,2,No,High School,Moderate,Male,60
28,87,Medium,Medium,No,6,78,Medium,Yes,3,Medium,Low,Public,Neutral,4,No,Postgraduate,Moderate,Female,78
17,83,High,High,Yes,8,83,Medium,No,0,Low,Medium,Public,Positive,6,No,College,Moderate,Male,64
24,72,Medium,Low,Yes,8,78,High,Yes,5,Low,High,Private,Negative,3,No,College,Near,Female,68
18,90,Medium,Low,No,7,91,Low,Yes,0,Medium,Low,Private,Negative,3,No,High School,Near,Male,59
21,99,Medium,Low,Yes,8,72,Medium,Yes,2,Medium,Low,Public,Neutral,4,Yes,High School,Near,Male,59
24,74,Low,High,Yes,6,54,Medium,No,3,Medium,Low,Public,Neutral,4,No,High School,Moderate,Male,50
17,60,Medium,Low,No,6,86,Medium,Yes,2,Medium,High,Private,Neutral,5,No,High School,Far,Male,49
26,85,High,Low,No,8,69,Medium,Yes,2,Medium,High,Private,Positive,2,No,High School,Moderate,Male,70
14,76,Medium,Medium,No,7,62,Medium,Yes,1,Medium,Medium,Public,Neutral,4,No,High School,Near,Male,44
22,79,High,High,Yes,8,81,High,Yes,2,Low,High,Public,Negative,4,No,High School,Near,Female,71
26,86,Medium,Medium,No,9,77,High,Yes,1,Low,Low,Public,Neutral,3,No,College,Far,Female,68
24,75,Medium,Medium,No,5,55,Medium,Yes,1,Medium,Low,Public,Negative,1,No,College,Far,Male,45
31,77,High,Low,Yes,7,81,High,Yes,1,Low,Medium,Private,Neutral,1,No,High School,,Male,74
15,79,Low,High,Yes,10,96,Medium,Yes,3,Medium,High,Public,Negative,1,Yes,Postgraduate,Moderate,Female,58
12,96,Medium,Low,Yes,6,76,High,Yes,1,Low,Low,Private,Neutral,4,No,College,Moderate,Female,56
14,80,Medium,Low,Yes,6,69,Medium,No,1,Medium,Medium,Public,Positive,5,Yes,High School,Near,Male,39
24,66,Low,Medium,Yes,4,50,Low,Yes,0,Low,Low,Public,Positive,2,No,College,Near,Male,37
23,67,Low,Low,No,7,99,Medium,Yes,4,Low,Medium,Public,Positive,4,No,High School,Near,Female,70
21,82,Medium,Medium,Yes,8,65,High,Yes,2,Low,Medium,Private,Negative,1,No,College,Moderate,Male,58
13,68,Low,Medium,No,8,54,High,Yes,0,Medium,Medium,Public,Neutral,2,No,College,Near,Male,34
25,63,High,Low,Yes,6,73,Low,Yes,2,Medium,Low,Private,Negative,3,No,Postgraduate,Moderate,Male,55
13,87,Medium,Low,Yes,7,85,Medium,Yes,3,Medium,Medium,Public,Neutral,4,No,College,Near,Male,62
27,88,Low,Low,No,7,88,High,Yes,2,High,Low,Public,Neutral,2,Yes,College,Moderate,Female,71
37,76,Medium,Low,No,7,63,Medium,Yes,1,Medium,High,Public,Positive,3,No,College,Moderate,Male,76
22,83,Low,High,No,5,71,Medium,Yes,1,Low,Medium,Public,Neutral,3,No,High School,Moderate,Male,58
23,82,High,Medium,Yes,7,72,High,Yes,1,High,Medium,Public,Neutral,1,No,Postgraduate,Near,Female,70
17,87,Medium,Low,No,6,85,Medium,Yes,4,Medium,Medium,Public,Positive,4,No,College,Moderate,Male,69
9,87,Low,Low,Yes,4,80,Low,No,1,Low,Low,Private,Positive,3,Yes,,Moderate,Male,31
16,60,Medium,High,No,8,76,Low,Yes,2,Medium,Medium,Public,Neutral,2,No,High School,Near,Male,45
13,77,Medium,High,Yes,7,84,Medium,Yes,2,Low,Medium,Public,Neutral,3,No,College,Near,Male,58
11,86,Medium,High,No,8,54,Medium,Yes,1,High,Medium,Public,Neutral,4,No,College,Far,Male,43
30,75,Low,Low,No,6,77,High,Yes,3,High,Low,Public,Neutral,2,No,High School,Far,Female,70
22,80,Low,Medium,No,8,75,High,Yes,2,High,Medium,Public,Negative,2,No,College,Near,Male,63
22,88,Medium,Low,No,8,71,Low,Yes,0,Medium,High,Private,Neutral,2,No,High School,Near,Male,58
18,81,Medium,High,No,9,69,High,Yes,2,Low,Medium,Public,Positive,6,No,High School,Near,Female,61
19,97,Medium,Medium,No,8,74,Low,Yes,3,Low,Low,Public,Positive,4,No,Postgraduate,Far,Male,67
26,92,Medium,Medium,Yes,8,65,Low,Yes,2,Medium,Medium,Private,Negative,2,No,High School,Far,Male,64
20,79,Low,Low,Yes,5,100,Medium,No,0,Low,High,Private,Negative,3,No,College,Near,Female,62
23,78,Medium,High,No,7,90,Medium,Yes,1,Low,High,Private,Positive,3,No,College,Near,Male,74
19,60,Low,Low,Yes,5,86,Medium,Yes,4,Low,Medium,Public,Neutral,3,No,Postgraduate,Near,Female,55
18,76,Medium,High,Yes,6,65,Medium,Yes,1,High,Medium,Public,Positive,2,No,High School,Moderate,Female,54
12,65,Medium,Low,Yes,10,60,High,No,2,High,Medium,Public,Neutral,1,No,High School,Near,Female,31
8,82,Low,High,Yes,6,69,Medium,Yes,4,Medium,High,Private,Neutral,2,Yes,High School,Far,Female,40
18,82,Medium,Low,No,4,73,Medium,Yes,0,Medium,Medium,Private,Positive,2,No,College,Near,Female,52
20,88,Low,Medium,Yes,8,53,High,Yes,1,High,Medium,Public,Positive,4,No,Postgraduate,Near,Male,60
12,95,Medium,High,Yes,6,78,Low,Yes,1,Low,Medium,Private,Neutral,3,No,High School,Far,Female,54
20,80,Low,Medium,Yes,8,86,Low,Yes,2,Medium,,Public,Positive,4,No,High School,Far,Male,60
20,100,Medium,Low,Yes,5,43,Low,Yes,0,Medium,Medium,Private,Negative,2,No,High School,Far,Male,43
7,83,Medium,Medium,Yes,6,60,Low,Yes,2,Low,Medium,Public,Negative,3,No,Postgraduate,Near,Male,35
15,66,Low,Low,Yes,9,88,Low,Yes,2,Medium,Medium,Private,Neutral,4,Yes,High School,Far,Male,37
22,74,Medium,Medium,Yes,5,77,Medium,Yes,0,Low,Low,Public,Neutral,1,No,College,Near,Female,55
22,76,High,Low,No,7,61,Medium,Yes,2,Medium,Medium,Public,Positive,5,No,College,Near,Female,59
13,87,High,Low,Yes,7,82,Low,Yes,1,Medium,High,Public,Positive,3,No,College,Near,Male,59
21,70,Low,Low,Yes,6,64,Low,Yes,1,Low,High,Public,Positive,4,No,High School,Moderate,Female,44
26,77,Low,Low,No,7,69,Medium,Yes,4,Low,Medium,Private,Positive,1,No,College,Moderate,Female,64
25,78,Medium,Low,No,7,57,Medium,Yes,3,High,High,Public,Positive,4,No,High School,Near,Male,63
19,75,High,Medium,Yes,8,72,Medium,Yes,1,Medium,High,Public,Negative,2,No,High School,Moderate,Female,54
17,89,Medium,Low,No,10,85,Low,Yes,2,Medium,High,Public,Positive,3,Yes,High School,Far,Female,55
16,87,Medium,High,Yes,10,66,Medium,Yes,0,Low,Medium,Private,Neutral,2,No,Postgraduate,Near,Female,52
23,93,Medium,High,No,8,80,High,Yes,2,Medium,Medium,Public,Neutral,4,No,College,Far,Male,78
21,76,Low,Medium,No,7,71,Low,Yes,2,Low,High,Public,Negative,2,No,Postgraduate,Far,Female,53
24,93,Medium,High,Yes,8,86,Medium,No,1,Medium,Medium,Public,Positive,4,No,High School,Near,Male,78
21,65,Medium,Medium,Yes,7,66,High,Yes,1,Low,Low,Private,Positive,3,Yes,High School,Moderate,Male,43
25,65,Medium,Medium,Yes,5,92,Medium,Yes,2,Low,Medium,Private,Positive,3,No,College,Near,Male,67
21,67,Medium,Medium,No,7,81,Medium,Yes,1,High,High,Private,Negative,3,No,High School,Near,Female,58
25,80,Medium,Medium,No,9,75,Low,Yes,3,Medium,Medium,Public,Positive,4,No,High School,Near,Male,67
25,93,Medium,Low,No,5,76,Medium,Yes,1,Low,Medium,Public,Neutral,3,No,High School,Moderate,Male,67
15,73,Medium,Medium,Yes,6,66,Medium,Yes,1,Medium,Medium,Public,Negative,3,No,High School,Near,Male,42
9,75,Low,Low,No,6,65,High,Yes,1,Low,Medium,Public,Negative,4,No,High School,Near,Female,33
29,78,High,Medium,Yes,8,75,Low,Yes,0,Low,Low,Public,Positive,5,No,Postgraduate,Near,Female,69
22,86,High,Medium,Yes,10,56,Low,Yes,1,Low,Low,Public,Negative,3,Yes,High School,Moderate,Male,42
10,75,High,Low,Yes,6,64,Medium,Yes,2,Medium,High,Public,Positive,1,No,College,Near,Female,43
16,74,Medium,Low,No,7,60,Medium,Yes,1,Low,Medium,Private,Negative,3,No,High School,Near,Male,39
25,65,Low,High,Yes,7,79,Medium,No,1,High,High,Private,Positive,4,No,High School,Moderate,Female,61
18,74,Medium,Low,No,7,80,Low,Yes,2,Medium,Low,Public,Negative,3,Yes,High School,Near,Male,43
17,93,Medium,Low,Yes,7,88,Medium,Yes,2,High,Medium,Public,Neutral,1,No,High School,Near,Female,69
28,81,Low,Medium,No,6,68,High,Yes,0,Low,Low,Public,Negative,3,No,High School,Near,Female,61
14,72,Medium,High,No,10,61,High,Yes,0,Low,Low,Private,Positive,3,No,High School,Near,Female,41
15,94,Medium,Medium,No,8,53,High,Yes,2,Medium,Medium,Public,Neutral,2,No,College,Near,Female,54
21,74,Low,Medium,No,6,76,Medium,Yes,1,Medium,Low,Private,Positive,3,No,Postgraduate,Far,Female,55
22,96,High,High,Yes,9,90,High,Yes,1,Medium,High,Public,Positive,4,No,College,Near,Female,86
23,95,Low,Medium,Yes,7,71,Medium,No,1,Medium,Medium,Public,Neutral,3,No,College,Moderate,Male,64
25,81,Medium,High,No,7,72,Low,Yes,1,Low,High,Private,Positive,4,No,High School,Far,Female,66
21,64,High,Medium,Yes,7,72,High,Yes,1,Medium,Low,Public,Positive,3,No,College,Near,Female,56
23,100,Medium,High,No,7,75,Low,Yes,0,High,High,Public,Negative,2,No,College,Far,Male,71
18,84,Low,Medium,Yes,5,85,Medium,No,3,Medium,Low,Private,Neutral,1,No,High School,Moderate,Female,58
20,76,Medium,Low,Yes,5,97,Low,No,0,High,Low,Private,Neutral,3,No,College,Near,Female,59
21,91,High,Low,Yes,8,78,Medium,Yes,3,Medium,High,Public,Positive,3,No,College,Moderate,Female,73
21,88,High,Low,Yes,7,79,Medium,Yes,2,Low,Low,Public,Positive,2,No,High School,Near,Male,67
25,94,Medium,Medium,No,8,69,Medium,Yes,0,High,High,Public,Negative,2,No,High School,Near,Female,68
23,73,Low,High,No,6,71,Low,Yes,0,Medium,High,Public,Negative,2,No,High School,Far,Male,51
20,84,Medium,High,No,5,70,Low,Yes,3,Medium,Low,Public,Negative,3,No,High School,Near,Male,58
15,67,Low,High,Yes,8,67,Low,Yes,0,Low,High,Private,Positive,2,No,College,Moderate,Male,40
20,87,High,Medium,No,7,74,Low,Yes,0,Low,Medium,Public,Positive,3,No,Postgraduate,Near,Male,64
20,80,Medium,High,Yes,8,80,Low,Yes,1,Low,Medium,Public,Neutral,2,No,High School,Near,Male,60
21,83,High,Medium,Yes,7,73,Low,Yes,3,Low,,Public,Positive,1,Yes,College,Near,Female,60
33,78,High,Low,No,10,68,High,Yes,3,High,Medium,Public,Neutral,4,No,College,Moderate,Male,78
17,77,Medium,Medium,Yes,8,74,High,Yes,0,Medium,High,Public,Positive,3,No,High School,Near,Male,55
23,70,High,Medium,Yes,8,60,Medium,Yes,3,Low,High,Private,Positive,6,No,High School,Moderate,Female,59
26,89,Medium,Low,Yes,8,82,Medium,Yes,1,Low,Medium,Public,Negative,2,No,College,Near,Female,71
21,96,Low,Low,Yes,7,67,High,Yes,1,Low,Medium,Public,Positive,5,No,High School,Near,Female,65
34,74,High,Low,Yes,5,57,Medium,Yes,1,Medium,Medium,Private,Neutral,3,Yes,High School,Moderate,Female,58
18,86,Medium,Low,No,8,78,High,Yes,1,Medium,Low,Private,Neutral,2,No,High School,Near,Male,57
22,85,High,Low,Yes,10,79,High,Yes,0,High,Medium,Private,Neutral,2,No,High School,Moderate,Male,63
15,80,Low,High,No,4,61,Low,No,1,Low,Low,Public,Positive,1,No,College,Moderate,Male,38
18,63,Medium,Medium,Yes,8,80,Low,Yes,1,High,Medium,Public,Negative,2,No,High School,Near,Male,44
21,66,High,High,No,5,80,Low,No,3,Low,Low,Public,Positive,2,No,High School,Near,Female,56
25,71,Low,Low,Yes,7,98,Medium,Yes,1,High,Low,Public,Positive,2,No,High School,Near,Male,70
22,60,Medium,High,No,7,69,High,Yes,2,Medium,High,Public,Positive,2,Yes,High School,Moderate,Female,50
28,95,Medium,High,No,8,71,Medium,Yes,2,High,High,Public,Positive,4,No,High School,Far,Male,81
19,84,Low,High,Yes,7,64,High,Yes,5,High,Medium,Private,Neutral,2,No,College,Near,Male,66
18,80,Low,Medium,No,9,78,Medium,Yes,1,Medium,High,Private,Negative,2,No,Postgraduate,Near,Male,55
36,60,High,Medium,Yes,9,72,Medium,No,2,Medium,Medium,Public,Positive,3,Yes,Postgraduate,Near,Female,66
22,60,Low,Medium,Yes,7,85,Medium,No,0,Low,Medium,Public,Positive,2,No,College,Moderate,Male,51
16,80,Medium,Medium,No,9,66,Medium,Yes,1,Low,Medium,Public,Neutral,4,No,College,Near,Female,48
16,100,Medium,High,No,7,78,Medium,Yes,0,Low,Low,Public,Neutral,2,No,High School,Near,Male,63
14,72,Medium,Low,Yes,6,69,High,Yes,0,Low,Medium,Private,Negative,3,No,High School,Moderate,Male,39
26,90,Medium,Low,Yes,5,48,Medium,Yes,0,Low,Medium,Public,Negative,3,No,High School,Moderate,Female,51
18,75,Low,High,Yes,9,80,Low,No,0,Low,Medium,Public,Positive,3,No,High School,Near,Female,51
21,81,High,Low,No,7,49,Medium,Yes,2,High,Medium,Public,Neutral,6,No,College,Far,Female,52
20,93,Low,Medium,No,4,70,Medium,Yes,1,Medium,Medium,Private,Positive,4,No,College,Near,Female,63
24,76,Medium,Low,Yes,8,70,High,Yes,3,High,Medium,Public,Neutral,4,No,Postgraduate,Near,Male,66
15,72,High,Medium,Yes,6,72,Low,Yes,4,Low,High,Public,Neutral,3,No,Postgraduate,Far,Female,52
14,96,Medium,Low,Yes,7,73,Low,No,1,High,High,Private,Neutral,5,No,High School,Near,Male,57
21,81,Medium,Medium,Yes,7,72,Medium,Yes,1,Low,Medium,Private,Positive,3,No,Postgraduate,Moderate,Female,63
24,92,High,High,Yes,7,77,High,Yes,2,Low,Medium,Public,Neutral,3,No,Postgraduate,Near,Male,80
22,72,Low,High,Yes,10,71,Medium,Yes,2,Low,High,Public,Negative,3,No,College,Near,Male,56
15,95,Low,Low,Yes,9,100,Medium,Yes,0,Low,Medium,Public,Neutral,3,No,College,Near,Male,65
24,83,Medium,Medium,No,8,68,Medium,Yes,1,Low,Low,Public,Positive,3,No,Postgraduate,Moderate,Male,63
16,85,High,High,Yes,7,56,Medium,Yes,1,High,Medium,Public,Negative,3,Yes,High School,Near,Male,43
17,81,High,Low,No,9,54,Medium,Yes,1,Medium,Medium,Public,Negative,0,No,High School,Near,Male,40
14,74,High,Low,No,7,81,Medium,No,6,Medium,Low,Public,Negative,3,No,College,Moderate,Female,53
28,80,High,Medium,No,8,51,Medium,Yes,0,Low,Low,Public,Positive,4,Yes,College,Far,Male,52
24,75,Low,High,No,8,56,Low,No,3,Medium,Medium,Private,Neutral,4,No,College,Near,Male,53
24,91,Medium,Medium,No,7,54,Low,Yes,1,Medium,Medium,Public,Positive,2,No,High School,Far,Male,57
27,78,Low,Low,No,8,78,Medium,Yes,2,High,Medium,Private,Positive,1,No,Postgraduate,Moderate,Male,69
37,64,High,High,No,6,89,Low,Yes,0,Low,High,Private,Neutral,4,No,High School,Moderate,Male,80
10,62,High,High,No,7,60,Medium,Yes,2,Low,Low,Public,Neutral,3,No,High School,Near,Female,33
16,61,Medium,Medium,No,6,77,Medium,Yes,1,Low,Medium,Private,Neutral,2,No,High School,Moderate,Male,42
16,87,High,Medium,No,6,40,Medium,Yes,1,Medium,Medium,Public,Positive,2,No,College,Moderate,Female,45
15,67,Medium,High,Yes,4,62,High,No,1,Medium,Medium,Public,Neutral,4,No,High School,Near,Female,40
14,83,Low,Medium,Yes,8,80,High,Yes,3,Medium,Medium,Public,Positive,4,No,High School,Near,Female,61
18,82,Medium,High,No,8,68,Medium,Yes,1,Medium,Medium,Public,Neutral,3,Yes,High School,Near,Male,49
13,79,High,Medium,No,9,85,Low,Yes,1,Medium,Medium,Private,Neutral,3,No,College,Moderate,Male,52
22,85,Medium,Low,Yes,5,43,High,Yes,2,Low,High,Public,Negative,3,No,College,Far,Female,48
20,82,Low,High,No,8,62,Low,Yes,2,High,Medium,Public,Neutral,2,No,High School,Near,Male,54
23,60,High,Medium,No,7,78,High,Yes,0,Low,High,Public,Negative,3,No,College,Near,Female,56
23,76,Medium,Low,No,8,78,Low,Yes,0,Low,Medium,Private,Positive,3,No,College,Near,Female,59
24,85,Medium,Medium,Yes,6,79,Medium,Yes,1,Low,Medium,Public,Positive,2,No,Postgraduate,Moderate,Female,70
18,98,Medium,High,Yes,7,75,Medium,Yes,2,Low,Medium,Public,Neutral,4,No,College,Near,Male,71
33,99,Medium,Low,Yes,5,57,Medium,Yes,0,Medium,Medium,Public,Neutral,4,No,Postgraduate,Near,Female,76
21,65,Medium,High,No,6,62,Medium,Yes,1,Medium,Medium,Private,Neutral,4,No,High School,Near,Female,49
9,76,Low,Low,No,7,100,Low,Yes,3,Medium,Low,Public,Positive,2,No,Postgraduate,Near,Female,53
14,63,High,Medium,Yes,7,56,Low,Yes,1,Low,High,Public,Positive,2,No,College,Far,Male,36
10,97,Medium,High,Yes,5,54,Medium,Yes,3,Low,Medium,Private,Neutral,3,No,High School,Far,Female,47
20,91,Medium,High,Yes,6,81,High,Yes,3,Low,High,Public,Positive,2,Yes,College,Near,Female,71
19,84,High,High,Yes,7,58,Medium,Yes,1,Low,Medium,Public,Negative,2,No,Postgraduate,Far,Female,54
17,82,Low,Medium,Yes,9,95,Medium,No,2,Medium,High,Public,Neutral,3,Yes,College,Near,Male,58
32,95,High,Medium,No,6,100,High,Yes,3,Low,Medium,Public,Neutral,4,No,College,Far,Female,100
23,93,High,Medium,Yes,8,69,Medium,Yes,3,Low,Medium,Public,Negative,2,No,Postgraduate,Far,Male,70
24,93,High,Medium,No,6,76,Medium,No,1,Low,High,Public,Positive,5,No,High School,Moderate,Male,74
14,85,Low,Medium,Yes,6,48,Low,No,0,Medium,High,Public,Neutral,4,No,Postgraduate,Moderate,Male,37
14,76,Medium,Medium,No,6,85,High,Yes,1,Low,Medium,Private,Positive,2,No,High School,Moderate,Male,55
20,88,Medium,Medium,No,6,43,Low,Yes,4,Medium,Low,Public,Neutral,4,Yes,Postgraduate,Far,Male,43
21,89,High,Medium,No,6,55,Low,Yes,2,Low,Medium,Public,Neutral,2,No,College,Near,Female,58
9,78,High,Medium,No,8,74,Low,Yes,3,Medium,High,Private,Neutral,3,No,Postgraduate,Near,Female,50
19,76,Medium,Medium,Yes,6,79,Low,Yes,1,Low,Medium,Private,Neutral,4,No,High School,Near,Male,54
20,92,Medium,Low,No,6,53,Medium,Yes,3,Low,Medium,Public,Negative,4,No,Postgraduate,Near,Female,55
19,98,Low,Medium,No,7,65,Low,Yes,1,Medium,Medium,Public,Neutral,3,No,College,Far,Female,58
15,72,Medium,Low,No,7,50,Medium,Yes,2,High,Low,Private,Negative,2,No,Postgraduate,Near,Female,36
17,77,High,High,Yes,7,68,Medium,Yes,4,Medium,Medium,Public,Negative,3,No,,Near,Female,57
19,84,High,Low,Yes,7,62,Low,Yes,2,Low,Medium,Public,Neutral,4,No,College,Near,Male,54
21,85,Medium,High,Yes,6,64,Low,Yes,4,High,Medium,Public,Positive,2,No,College,Far,Male,64
24,74,High,Low,Yes,6,80,Medium,Yes,1,Medium,High,Private,Positive,2,No,College,Far,Female,65
26,100,Low,High,Yes,8,76,Medium,Yes,2,Medium,Medium,Private,Neutral,3,No,Postgraduate,Near,Male,81
18,85,Medium,Medium,No,7,79,Medium,Yes,2,Medium,Medium,Private,Neutral,4,No,High School,Far,Male,61
17,86,Medium,High,No,8,70,Low,Yes,1,Medium,Low,Private,Positive,2,No,College,Near,Male,57
23,99,Medium,High,No,9,81,Low,Yes,2,Low,Low,Private,Negative,2,No,College,Moderate,Female,71
24,75,High,Medium,Yes,8,72,Low,Yes,2,Low,Medium,Public,Neutral,2,No,High School,Far,Female,59
17,79,Medium,Low,Yes,5,66,High,Yes,1,Low,Low,Public,Negative,5,No,High School,Near,Male,47
25,66,Low,Medium,No,7,79,High,Yes,2,Low,Medium,Private,Positive,2,No,College,Near,Female,64
26,78,Low,Medium,Yes,8,66,Medium,No,0,Medium,High,Public,Positive,3,No,College,Near,Male,58
28,64,Medium,High,No,8,68,High,Yes,1,Low,Low,Public,Positive,2,No,College,Near,Male,62
31,88,Medium,High,Yes,7,86,Low,No,3,Medium,Medium,Private,Positive,3,No,High School,Moderate,Male,84
15,85,Medium,Medium,Yes,5,85,Medium,Yes,2,Medium,Medium,Public,Positive,4,No,College,Far,Male,62
20,77,Medium,Medium,Yes,6,68,Medium,Yes,1,Medium,Medium,Public,Positive,3,No,High School,Near,Female,55
20,79,Low,Medium,Yes,7,83,Medium,Yes,4,High,Medium,Public,Neutral,4,No,College,Near,Female,68
19,88,High,Medium,Yes,5,55,Medium,Yes,2,Low,Medium,Private,Positive,4,No,College,Near,Female,58
16,68,Medium,Medium,No,8,68,Medium,Yes,3,Medium,Low,Public,Negative,3,No,College,Near,Female,44
11,82,Medium,Medium,Yes,7,62,High,Yes,2,Medium,High,Private,Negative,4,No,High School,Near,Male,47
21,88,Medium,High,Yes,4,72,Low,Yes,2,Medium,Low,Public,Positive,6,No,College,Near,Male,65
15,60,Medium,Low,No,6,82,Low,No,1,Medium,Medium,Private,Positive,4,No,College,Moderate,Female,41
21,88,Medium,High,Yes,7,79,Medium,Yes,2,Low,High,Public,Positive,1,Yes,High School,Near,Male,65
15,62,Low,Medium,Yes,7,77,Low,Yes,5,Medium,Medium,Public,Neutral,1,No,High School,Moderate,Female,46
13,79,Medium,Low,Yes,9,74,Low,Yes,1,Low,Low,Private,Positive,3,No,College,Near,Male,42
21,67,Medium,Medium,No,8,70,Low,No,1,Medium,High,Public,Neutral,1,No,Postgraduate,Near,Male,50
21,96,Medium,Low,No,5,88,Medium,Yes,0,Low,Low,Private,Negative,3,No,College,Near,Male,66
23,67,High,Medium,Yes,5,52,Medium,Yes,4,Medium,Medium,Public,Positive,1,No,High School,Moderate,Male,52
33,62,Medium,High,Yes,7,63,Medium,No,2,Low,Low,Public,Negative,3,No,High School,Far,Male,56
22,81,Medium,Low,No,7,77,Medium,No,3,Medium,Medium,Private,Neutral,3,Yes,College,Near,Female,57
23,75,Medium,Low,No,8,92,Low,Yes,3,Medium,Low,Public,Positive,3,No,High School,Near,Male,68
14,63,Medium,Medium,No,9,68,Medium,Yes,2,Medium,High,Public,Positive,3,Yes,High School,Near,Male,36
12,86,Low,Low,Yes,9,69,Medium,Yes,1,High,Medium,Private,Neutral,2,No,High School,Near,Male,44
29,60,High,Low,Yes,6,55,Low,Yes,1,Low,High,Public,Negative,3,No,College,Near,Female,48
14,69,Medium,Medium,Yes,8,65,Medium,Yes,4,High,Medium,Public,Negative,2,No,High School,Moderate,Female,44
14,74,Medium,Medium,Yes,8,81,Low,No,0,Low,Medium,Public,Neutral,2,No,College,Near,Female,43
20,89,High,High,Yes,5,93,Medium,Yes,1,Low,Medium,Private,Negative,3,No,Postgraduate,Moderate,Female,73
19,94,Low,Medium,Yes,4,68,High,Yes,2,Medium,Medium,Private,Positive,3,No,College,Near,Female,65
15,92,Medium,Medium,Yes,7,62,Medium,Yes,2,Low,High,Public,Positive,2,No,College,Near,Female,58
18,78,Low,Medium,No,5,73,High,Yes,1,Low,Medium,Public,Positive,4,Yes,College,Far,Female,47
27,60,Medium,Low,No,6,51,Medium,Yes,1,Medium,Medium,Private,Neutral,3,No,High School,Moderate,Male,43
15,84,High,Medium,Yes,6,88,Low,Yes,1,Medium,High,Private,Negative,2,No,College,Near,Female,60
12,96,Low,Medium,Yes,7,56,Medium,Yes,3,Medium,Medium,Public,Positive,4,No,High School,Near,Male,53
26,94,High,High,No,9,76,High,Yes,0,Low,Medium,Public,Positive,2,No,College,Moderate,Male,79
23,85,Medium,Low,Yes,7,76,High,No,2,Medium,Medium,Private,Neutral,0,No,College,Near,Female,64
16,67,Medium,Medium,Yes,6,80,Medium,Yes,2,Medium,Medium,Private,Negative,5,No,College,Near,Male,49
11,74,Low,Medium,No,4,75,Low,Yes,1,Medium,Low,Public,Positive,2,No,College,Near,Female,38
16,100,Medium,Low,Yes,8,72,Medium,Yes,2,High,Low,Public,Neutral,5,No,College,Near,Male,65
20,64,Medium,High,No,7,78,Low,No,1,High,Low,Private,Positive,2,Yes,High School,Near,Female,45
27,67,Low,Low,Yes,6,83,Low,Yes,2,Low,Medium,Public,Negative,1,No,College,Near,Male,57
14,90,Medium,High,Yes,9,95,Low,Yes,1,Low,High,Private,Neutral,2,No,College,Moderate,Male,64
19,75,Low,Medium,Yes,5,58,Low,Yes,2,High,Medium,Public,Neutral,3,No,College,Far,Male,44
24,67,High,Low,Yes,6,48,Medium,Yes,1,Low,Medium,Public,Neutral,5,No,High School,Near,Male,45
6,97,Medium,Medium,Yes,7,52,High,Yes,0,Low,High,Public,Positive,4,No,High School,Near,Male,43
26,85,Medium,Low,No,6,48,Medium,Yes,1,Low,Medium,Public,Positive,4,No,College,Moderate,Male,57
13,76,High,Medium,No,8,56,Medium,Yes,3,Medium,Low,Private,Negative,1,No,High School,Moderate,Female,38
22,67,Medium,High,Yes,8,55,High,Yes,1,Medium,Medium,Public,Positive,4,No,College,Near,Male,53
21,100,High,Medium,Yes,8,67,Low,Yes,2,Low,High,Public,Neutral,3,No,High School,,Male,67
27,80,High,Low,Yes,8,83,Medium,Yes,1,Low,Low,Public,Positive,5,No,College,Near,Male,74
23,95,Low,Medium,Yes,7,80,Medium,Yes,0,Medium,High,Private,Negative,4,No,College,Near,Male,72
6,90,Medium,Medium,Yes,7,64,Medium,Yes,2,Low,Medium,Public,Negative,3,No,Postgraduate,Moderate,Male,41
15,74,Medium,Medium,Yes,8,65,Medium,Yes,1,Medium,Medium,Public,Neutral,1,No,High School,Moderate,Female,42
21,74,Low,Medium,Yes,7,98,Medium,Yes,2,Medium,Low,Private,Positive,4,No,High School,Near,Female,68
19,96,Medium,Medium,No,7,80,High,Yes,0,Low,Medium,Public,Positive,2,No,High School,Far,Male,67
23,96,Low,High,Yes,8,74,Medium,Yes,1,Low,Medium,Private,Positive,4,Yes,College,Near,Male,66
25,60,High,High,Yes,7,74,Medium,Yes,1,Medium,High,Public,Positive,3,No,Postgraduate,Near,Male,66
24,86,Medium,Medium,Yes,7,68,Medium,No,0,Medium,Medium,Private,Positive,2,No,College,,Male,64
19,79,Medium,Low,No,6,98,High,No,2,Low,High,Public,Negative,4,No,College,Near,Female,68
9,69,Medium,Medium,Yes,9,70,High,Yes,2,Medium,Medium,Public,Neutral,3,No,High School,Far,Female,37
17,83,High,Medium,Yes,5,74,Low,Yes,3,Low,High,Private,Positive,1,No,High School,Moderate,Male,58
22,65,Medium,High,No,8,51,Medium,No,2,Low,Low,Public,Neutral,5,No,High School,Moderate,Male,44
13,75,High,High,No,6,64,High,Yes,2,High,High,Private,Neutral,3,Yes,High School,Near,Male,46
24,71,High,High,Yes,9,65,Medium,Yes,3,Medium,High,Public,Negative,4,No,College,Near,Male,62
25,75,Low,Low,Yes,8,78,High,Yes,1,Medium,Medium,Public,Neutral,3,No,College,Near,Female,63
21,79,Low,Medium,Yes,7,62,Medium,Yes,2,Medium,Medium,Public,Positive,2,No,College,Moderate,Female,56
2,69,Low,High,Yes,9,73,Medium,Yes,0,High,High,Public,Neutral,3,No,High School,Near,Female,29
12,97,Medium,Low,No,7,64,Medium,Yes,3,Medium,Low,Public,Neutral,4,No,Postgraduate,Near,Female,54
31,85,Medium,Low,Yes,8,58,Medium,Yes,1,Low,Medium,Public,Positive,6,No,College,Near,Male,70
17,100,Medium,Low,Yes,6,57,Medium,Yes,2,Low,High,Public,Neutral,4,No,Postgraduate,Near,Female,59
8,78,High,Medium,No,8,70,High,Yes,3,High,Medium,Public,Negative,2,Yes,,Near,Male,42
27,74,Low,Medium,No,6,73,Medium,Yes,1,High,Low,Public,Neutral,1,No,High School,Near,Female,60
20,99,High,Low,No,7,69,High,Yes,2,High,Medium,Private,Positive,3,No,High School,Near,Female,73
27,74,Medium,Medium,No,7,61,Low,No,3,Low,Medium,Public,Positive,3,No,College,Moderate,Male,59
22,78,Medium,High,No,8,70,High,Yes,1,Medium,High,Public,Neutral,4,Yes,College,Near,Male,59
23,88,Low,High,Yes,6,68,Low,Yes,1,Medium,Medium,Private,Negative,5,No,Postgraduate,Near,Female,64
22,66,Medium,High,Yes,10,58,High,Yes,2,Medium,High,Public,Neutral,4,No,High School,Moderate,Female,54
24,88,High,High,Yes,5,73,High,Yes,1,High,Medium,Private,Neutral,4,No,High School,Moderate,Male,75
34,86,Medium,Medium,Yes,7,96,High,Yes,0,High,Medium,Public,Neutral,3,No,High School,Moderate,Male,90
26,94,Medium,High,Yes,7,70,Medium,Yes,4,Low,Medium,Private,Positive,4,No,High School,Moderate,Male,80
11,90,Medium,Medium,No,8,53,Low,No,3,Low,Low,Public,Negative,3,No,College,Moderate,Male,37
23,94,Medium,High,No,6,91,High,No,1,Low,Low,Private,Positive,5,Yes,High School,Moderate,Male,73
27,79,Medium,High,No,7,88,Medium,Yes,2,High,Medium,Public,Negative,3,No,High School,Moderate,Male,77
27,71,Medium,Medium,Yes,6,91,Low,Yes,4,High,High,Private,Positive,3,Yes,High School,Near,Female,72
17,100,High,Medium,Yes,10,71,Low,No,0,Medium,Medium,Private,Positive,4,No,High School,Near,Male,59
27,63,Medium,Low,Yes,6,62,Medium,No,2,Low,Medium,Public,Neutral,5,No,College,Near,Male,53
26,64,Low,Medium,No,7,60,High,Yes,0,Medium,Medium,Public,Neutral,4,No,Postgraduate,Near,Female,53
35,86,High,Low,No,6,87,High,Yes,1,Medium,Medium,Public,Neutral,4,No,High School,Near,Male,90
15,98,Medium,Low,Yes,6,93,Medium,Yes,4,Medium,High,Public,Positive,3,No,Postgraduate,Near,Female,78
17,82,High,Medium,Yes,5,60,Medium,Yes,2,Medium,Medium,Private,Neutral,2,No,High School,Near,Male,52
18,91,Medium,Low,Yes,8,40,High,Yes,3,Low,Medium,Public,Neutral,4,No,Postgraduate,Moderate,Female,50
17,60,Low,High,Yes,6,72,Medium,Yes,0,Low,Medium,Private,Neutral,4,No,College,Near,Male,41
15,75,Medium,Medium,Yes,6,60,Medium,Yes,3,Low,Medium,Private,Positive,0,No,High School,Near,Male,43
3,60,Low,High,No,6,63,High,No,2,Medium,Medium,Public,Positive,2,No,High School,Near,Female,22
17,89,High,Medium,No,7,69,High,Yes,2,Low,Low,Public,Positive,4,No,High School,Near,Female,62
22,63,High,Low,No,7,77,Medium,Yes,0,Medium,Low,Public,Negative,2,No,College,Near,Male,50
17,66,Medium,Low,Yes,7,62,Medium,Yes,3,Medium,Medium,Private,Positive,4,Yes,Postgraduate,Moderate,Male,40
32,86,Medium,High,Yes,6,74,High,No,0,Medium,High,Private,Positive,2,No,High School,Moderate,Female,79
20,92,Medium,Low,No,8,70,High,Yes,2,High,Medium,Public,Positive,2,No,High School,Near,Female,67
28,78,Medium,Medium,Yes,6,42,Low,No,1,Medium,Low,Private,Neutral,2,No,High School,Near,Female,45
22,86,Low,Low,No,7,79,High,Yes,2,Medium,Medium,Private,Positive,3,Yes,Postgraduate,Far,Female,62
25,86,High,Medium,No,7,66,Medium,Yes,0,High,Medium,Public,Negative,3,No,High School,Moderate,Female,65
22,78,Medium,Low,No,5,56,Medium,Yes,1,Low,High,Public,Neutral,2,No,Postgraduate,Near,Male,52
28,68,Medium,Medium,Yes,10,63,Medium,Yes,1,Low,Medium,Public,Neutral,2,No,High School,Far,Female,53
20,86,Low,Low,No,8,75,Low,Yes,2,Low,Medium,Private,Negative,2,No,College,Moderate,Female,54
23,87,High,High,No,7,73,Low,Yes,1,Medium,Medium,Public,Neutral,3,No,High School,Near,Male,68
22,90,High,Low,No,7,80,Medium,No,0,Medium,Medium,Public,Neutral,2,No,College,Moderate,Male,64
18,83,Medium,Low,No,10,78,Medium,Yes,0,Medium,Low,Public,Positive,4,No,High School,Near,Female,56
22,67,Medium,Low,Yes,9,57,Medium,No,1,Medium,Medium,Public,Neutral,2,No,Postgraduate,Far,Male,39
33,88,High,High,No,7,40,Medium,No,2,Medium,Medium,Private,Negative,3,No,College,Moderate,Male,65
18,80,Medium,Medium,Yes,6,74,Medium,Yes,1,Low,Low,Public,Neutral,3,No,High School,Near,Male,53
23,75,High,Medium,Yes,6,80,Low,No,2,Low,Medium,Private,Neutral,2,No,High School,Moderate,Female,59
28,77,High,Medium,No,4,69,High,Yes,1,High,High,Private,Negative,4,No,High School,Near,Female,70
27,72,High,High,Yes,6,81,High,No,0,Low,Low,Private,Neutral,3,No,College,Moderate,Female,65
20,90,Low,Low,Yes,8,59,Medium,Yes,2,Low,High,Public,Neutral,3,No,Postgraduate,Near,Female,57
6,64,Medium,High,Yes,8,68,Low,No,0,Medium,Medium,Public,Neutral,2,No,High School,Moderate,Male,23
23,69,High,High,No,8,60,Low,Yes,1,Medium,Low,Private,Neutral,4,No,Postgraduate,Near,Female,53
7,76,Medium,Low,Yes,6,81,Medium,Yes,1,Medium,High,Public,Neutral,1,No,High School,Moderate,Male,39
29,98,High,Low,Yes,8,60,High,Yes,1,Medium,Low,Public,Negative,3,No,High School,Near,Female,71
21,92,Medium,Medium,No,8,99,High,Yes,0,High,Low,Public,Positive,2,No,Postgraduate,Near,Male,81
26,62,High,Low,Yes,4,65,High,Yes,2,Medium,Medium,Private,Positive,2,No,College,Near,Female,59
15,95,Medium,Low,No,7,82,Medium,No,0,High,Low,Public,Neutral,1,No,High School,Moderate,Female,55
11,95,Low,Medium,Yes,10,66,Medium,No,2,High,Low,Public,Negative,2,No,College,Near,Male,44
22,67,Medium,Low,Yes,7,89,Low,Yes,1,Low,Medium,Private,Positive,2,No,College,Moderate,Female,59
20,60,Low,Medium,Yes,4,89,Medium,Yes,1,Medium,Low,Private,Positive,1,No,High School,Far,Female,50
17,79,Medium,Medium,No,6,68,Medium,Yes,1,High,High,Public,Neutral,4,Yes,College,Near,Female,49
21,92,High,Medium,Yes,4,76,Low,Yes,0,Medium,High,Public,Neutral,2,No,College,Moderate,Female,64
37,98,Low,Medium,No,6,89,Low,Yes,1,Low,High,Public,Negative,3,No,College,Near,Female,92
25,70,High,Medium,Yes,5,76,Low,No,1,Low,Medium,Public,Positive,3,No,College,Near,Female,59
26,99,Low,Medium,Yes,8,60,Low,Yes,0,Medium,Medium,Public,Neutral,3,No,High School,Far,Male,62
25,60,Medium,High,No,8,73,High,No,0,Medium,Medium,Private,Neutral,3,Yes,High School,Moderate,Male,47
29,76,High,Medium,Yes,7,62,Medium,Yes,6,Medium,Medium,Public,Neutral,2,No,High School,Near,Female,72
19,75,Medium,Medium,Yes,9,74,Medium,Yes,1,Medium,High,Public,Negative,3,No,College,Near,Female,55
8,93,High,High,Yes,6,62,Low,Yes,1,Medium,Low,Public,Neutral,3,No,High School,Far,Male,43
19,94,High,Medium,No,7,77,Medium,Yes,1,Low,Low,Public,Neutral,4,No,College,Near,Male,68
25,90,Medium,Low,No,10,49,High,Yes,4,Low,Medium,Public,Neutral,0,No,College,Near,Male,61
14,65,High,Low,No,8,57,Medium,Yes,3,Low,Low,Public,Neutral,3,No,High School,Moderate,Female,34
19,89,Low,Medium,Yes,8,62,High,Yes,2,Medium,High,Private,Neutral,2,No,College,Near,Male,60
16,86,Medium,Medium,No,6,70,High,Yes,1,Medium,Low,Public,Positive,2,No,High School,Near,Male,55
29,62,Medium,High,No,6,52,High,Yes,1,High,Medium,Public,Neutral,3,No,College,Moderate,Female,57
24,60,High,Medium,No,6,61,Medium,Yes,5,High,High,Public,Positive,3,No,College,Far,Male,58
24,91,Medium,Low,Yes,9,82,Medium,No,1,Low,Medium,Private,Negative,2,No,High School,Far,Female,63
24,78,Medium,High,No,5,84,Low,Yes,0,Medium,Medium,Public,Neutral,4,No,College,Moderate,Female,66
20,66,High,Medium,Yes,8,40,Medium,No,0,Medium,High,Public,Neutral,4,No,College,Near,Male,36
21,78,Low,High,No,8,64,High,Yes,2,Low,High,Public,Negative,2,No,College,Near,Female,57
13,84,High,High,Yes,5,89,Medium,No,5,Low,Low,Public,Negative,5,No,Postgraduate,Near,Female,64
7,79,Low,Medium,Yes,9,77,Low,Yes,1,High,Low,Public,Negative,2,No,High School,Moderate,Male,34
21,63,Medium,Medium,Yes,7,77,Low,Yes,2,Low,Medium,Private,Positive,2,No,College,Near,Female,54
22,100,Medium,Medium,Yes,5,79,Medium,No,0,Low,Low,Public,Neutral,3,No,Postgraduate,Moderate,Female,67
27,91,Medium,Medium,No,8,60,High,Yes,1,Low,Low,Public,Positive,2,No,High School,Near,Female,67
29,76,Medium,Medium,No,6,75,Low,Yes,5,Medium,Medium,Public,Neutral,3,No,High School,Moderate,Male,74
29,77,High,Low,No,7,78,Medium,No,3,Low,Low,Private,Neutral,3,No,High School,Near,Male,68
14,84,High,Low,No,6,73,Medium,Yes,1,Low,Low,Public,Neutral,3,No,College,Near,Male,49
18,68,Low,Medium,Yes,6,67,Low,Yes,2,High,High,Private,Positive,2,No,High School,Moderate,Male,45
23,84,Low,Medium,Yes,5,71,Low,No,3,Low,Medium,Public,Negative,5,No,Postgraduate,Near,Male,59
35,65,Low,High,Yes,8,57,Low,Yes,1,Medium,Medium,Public,Positive,2,No,High School,Moderate,Male,60
29,79,Medium,Medium,No,7,80,Medium,Yes,0,High,Low,Public,Positive,5,Yes,College,Moderate,Female,68
27,67,Low,High,Yes,7,53,Medium,Yes,2,Medium,Medium,Public,Positive,1,No,Postgraduate,Moderate,Male,56
18,68,Medium,Medium,Yes,6,61,Low,Yes,1,Medium,Medium,Public,Positive,5,No,High School,Far,Male,44
15,98,High,High,Yes,7,81,Medium,Yes,0,High,Medium,Public,Neutral,3,No,College,Near,Female,70
25,81,High,Medium,No,6,76,Medium,No,1,Low,Medium,Public,Positive,3,No,Postgraduate,Near,Female,69
13,82,High,High,Yes,6,66,Medium,Yes,0,High,Medium,Private,Neutral,0,No,High School,Near,Male,49
19,60,Low,Medium,Yes,9,50,Medium,No,1,Low,Medium,Public,Neutral,1,No,College,Near,Male,30
19,73,Medium,High,No,8,71,Medium,Yes,1,Low,Medium,Public,Positive,2,No,Postgraduate,Near,Female,57
30,85,Low,Medium,Yes,6,64,High,Yes,0,Medium,Medium,Private,Neutral,2,No,High School,Near,Male,69
18,82,Medium,Low,Yes,5,78,Low,Yes,4,High,Low,Private,Neutral,4,No,College,Far,Male,58
5,60,Medium,Medium,No,5,65,Low,Yes,2,Low,Medium,Public,Positive,2,Yes,Postgraduate,Near,Male,20
23,82,High,Medium,No,6,49,Medium,Yes,1,Low,Medium,Private,Positive,3,No,Postgraduate,,Female,56
16,84,Medium,Low,No,7,54,Medium,Yes,1,Low,Medium,Private,Neutral,3,No,College,Near,Male,44
20,94,Medium,Medium,Yes,7,66,Low,Yes,2,Low,High,Public,Positive,0,No,College,Near,Female,63
19,73,Medium,Low,Yes,7,73,Low,Yes,2,High,Low,Public,Neutral,3,No,High School,Moderate,Male,49
18,60,High,High,Yes,7,57,High,Yes,2,Medium,Medium,Public,Positive,5,No,High School,Moderate,Female,48
25,69,Low,Medium,No,6,62,High,No,1,Medium,Medium,Public,Positive,4,No,College,Near,Male,55
11,68,High,Low,Yes,9,82,Low,Yes,2,Low,Low,Private,Neutral,4,No,College,Near,Male,41
17,88,Low,High,Yes,7,86,Medium,Yes,1,High,Low,Public,Negative,3,No,Postgraduate,Near,Female,66
24,60,Low,Medium,Yes,7,76,Low,Yes,1,Low,Medium,Private,Positive,5,No,High School,Moderate,Male,52
16,75,High,Medium,Yes,6,68,Low,Yes,2,Low,Medium,Public,Neutral,4,No,College,Near,Female,49
10,96,Low,Medium,Yes,7,64,Low,Yes,3,Low,High,Private,Positive,3,No,High School,Near,Male,51
24,80,Medium,Low,No,10,79,Medium,Yes,2,Medium,Medium,Private,Positive,3,No,High School,Far,Male,66
27,90,Low,Low,No,6,68,Medium,Yes,2,High,High,Public,Negative,4,Yes,High School,Moderate,Male,61
20,62,Medium,High,Yes,5,84,High,Yes,3,Medium,Low,Private,Neutral,4,No,College,Near,Male,61
8,62,Medium,High,No,6,85,Low,Yes,0,Low,Medium,Public,Positive,1,No,Postgraduate,Moderate,Female,37
24,96,High,High,Yes,7,77,Medium,Yes,4,Medium,Low,Public,Neutral,3,No,Postgraduate,Moderate,Female,82
10,81,High,Low,Yes,6,66,Medium,No,0,Medium,Medium,Public,Positive,4,No,Postgraduate,Moderate,Female,41
22,81,Medium,High,Yes,6,67,Medium,Yes,2,Low,Medium,Private,Positive,2,No,Postgraduate,Moderate,Female,64
15,68,Medium,Medium,Yes,7,51,Low,Yes,0,Low,Medium,Public,Neutral,3,No,College,Near,Male,31
13,81,Low,Medium,No,9,71,Low,Yes,2,Low,Medium,Public,Positive,5,No,College,Far,Female,46
17,67,Medium,Low,Yes,7,71,Medium,Yes,0,High,Medium,Public,Neutral,3,No,Postgraduate,Near,Male,48
19,93,Medium,High,Yes,7,54,Low,Yes,0,High,Low,Public,Neutral,2,No,High School,Near,Male,52
16,100,Low,High,No,7,100,Low,Yes,1,High,Medium,Private,Positive,1,No,High School,Near,Male,76
24,85,High,Low,No,8,79,Medium,Yes,0,Medium,Medium,Private,Negative,3,No,High School,Far,Male,63
17,73,Medium,High,No,9,61,Medium,Yes,1,Low,Medium,Public,Neutral,2,No,College,Near,Male,46
26,60,Low,Medium,Yes,7,99,High,Yes,2,Medium,High,Private,Neutral,4,No,College,Moderate,Male,73
22,61,High,Low,Yes,7,66,Medium,Yes,0,High,Low,Public,Positive,2,No,College,Moderate,Male,47
16,97,Medium,Low,Yes,6,83,Low,Yes,1,Medium,Medium,Public,Neutral,4,No,College,Moderate,Male,61
15,69,Medium,Medium,No,8,73,Low,Yes,3,High,Medium,Public,Neutral,3,No,High School,Moderate,Female,48
10,76,Low,Low,No,6,66,High,Yes,0,Low,Medium,Public,Neutral,2,No,College,Near,Male,36
22,87,Medium,Low,Yes,6,68,Low,No,0,Medium,Medium,Public,Neutral,3,No,High School,Near,Female,52
18,96,Medium,High,Yes,7,91,Medium,Yes,0,High,Medium,Private,Neutral,4,No,College,Moderate,Male,75
6,78,Medium,Medium,No,9,83,Medium,Yes,1,Medium,High,Public,Neutral,4,No,High School,Moderate,Female,44
17,76,Medium,High,Yes,8,70,High,Yes,1,Low,Medium,Public,Neutral,3,Yes,Postgraduate,Far,Female,46
15,81,Low,Medium,Yes,7,45,High,Yes,1,Low,Low,Private,Positive,2,Yes,High School,Moderate,Male,31
29,73,Low,Medium,Yes,6,76,Medium,Yes,5,Low,Medium,Public,Neutral,4,No,College,Near,Male,73
10,74,Low,High,Yes,9,56,Low,Yes,1,High,High,Public,Neutral,3,No,College,Moderate,Male,34
11,85,Medium,Low,Yes,7,79,Low,Yes,2,Medium,Medium,Public,Positive,2,No,High School,Near,Female,51
27,82,Low,Medium,Yes,7,63,Low,Yes,0,High,Medium,Public,Negative,2,No,College,Far,Female,56
28,100,High,Medium,Yes,8,64,Low,Yes,3,Low,Medium,Public,Positive,2,No,Postgraduate,Near,Female,81
16,85,Medium,High,No,6,64,High,Yes,6,Low,Medium,Public,Positive,2,No,High School,Near,Male,61
16,93,Low,Medium,No,6,85,Medium,Yes,1,Medium,Medium,Private,Neutral,2,No,Postgraduate,Near,Male,63
24,68,Medium,High,No,6,49,Low,Yes,2,Low,High,Public,Neutral,6,No,College,Near,Male,51
6,86,Low,High,Yes,6,82,High,Yes,1,Medium,High,Public,Positive,1,No,High School,Near,Female,51
9,72,Medium,Medium,Yes,5,76,Low,Yes,2,Low,Medium,Private,Neutral,4,No,High School,Near,Female,37
18,84,High,Medium,Yes,5,71,Medium,No,4,Low,Medium,Public,Positive,4,No,College,Far,Male,61
29,88,Medium,Low,Yes,8,66,Low,Yes,1,Low,Medium,Public,Positive,1,No,High School,Near,Female,65
17,81,Medium,Medium,No,8,78,Medium,Yes,1,High,Medium,Public,Positive,4,No,College,Moderate,Male,61
21,100,Medium,Low,Yes,6,66,Low,Yes,3,Medium,High,Private,Negative,5,No,Postgraduate,Near,Female,66
27,96,Low,Medium,No,8,66,Low,Yes,1,Medium,High,Public,Positive,3,No,High School,Near,Male,70
33,93,High,Low,Yes,7,73,High,Yes,0,Medium,Medium,Public,Negative,4,No,Postgraduate,Far,Male,83
17,88,Medium,High,No,7,94,High,Yes,0,High,High,Private,Neutral,3,No,High School,Near,Male,75
20,99,Medium,Medium,No,5,52,Medium,Yes,4,Medium,Medium,Public,Positive,3,No,Postgraduate,Far,Male,64
31,64,High,Medium,Yes,7,79,High,Yes,1,Medium,Medium,Public,Neutral,1,No,College,Moderate,Male,71
11,95,Medium,Medium,Yes,10,70,Low,Yes,0,Low,Low,Public,Neutral,3,No,High School,Near,Female,43
26,69,High,Low,Yes,7,69,Medium,Yes,1,Medium,Low,Private,Neutral,3,No,High School,Far,Male,55
14,74,Medium,Medium,No,8,52,Low,Yes,2,Low,Low,Public,Positive,2,No,High School,Near,Female,34
21,86,Low,High,Yes,7,49,Low,Yes,3,Low,High,Public,Neutral,5,No,Postgraduate,Far,Male,54
19,94,Low,Medium,No,8,76,Medium,Yes,0,High,High,Private,Negative,3,No,High School,Near,Male,61
14,67,Medium,Medium,Yes,7,55,Medium,Yes,1,Medium,Medium,Public,Negative,3,No,High School,Far,Male,33
14,74,Medium,High,Yes,4,85,Medium,Yes,1,Medium,Medium,Private,Negative,3,No,High School,Far,Female,49
22,81,Medium,Low,No,6,59,Medium,Yes,2,Medium,High,Public,Positive,2,No,High School,Near,Female,57
26,78,Medium,High,Yes,7,79,Medium,Yes,1,Low,Medium,Public,Positive,3,No,High School,Near,Female,70
19,89,Medium,Low,No,9,65,Medium,Yes,0,High,High,Public,Positive,3,No,College,Far,Male,56
20,100,Medium,High,No,7,64,High,Yes,2,Medium,Low,Public,Positive,4,No,College,Near,Male,73
23,85,Medium,High,Yes,7,60,Low,Yes,2,Medium,Low,Public,Neutral,4,No,High School,Moderate,Female,58
14,72,Medium,High,No,6,78,Medium,Yes,1,Low,Medium,Public,Positive,5,No,Postgraduate,Near,Male,53
24,66,High,Low,No,9,81,High,No,3,High,High,Private,Neutral,2,No,High School,Near,Male,64
25,76,Low,Medium,Yes,9,68,Medium,Yes,2,Medium,Medium,Public,Positive,2,No,College,Near,Male,62
36,70,High,High,Yes,6,80,High,Yes,0,Low,Medium,Public,Positive,3,No,High School,Moderate,Female,82
18,85,Low,Medium,Yes,5,72,Medium,Yes,0,High,Low,Public,Negative,3,No,College,Far,Female,51
17,85,Low,Medium,Yes,4,55,High,Yes,0,Medium,Medium,Public,Negative,4,No,Postgraduate,Near,Male,46
25,75,Medium,Medium,Yes,8,77,High,No,5,Medium,Medium,Public,Positive,1,No,College,Near,Male,73
25,100,Low,Low,No,7,68,Medium,No,1,Low,Low,Public,Negative,3,Yes,College,Near,Female,56
17,72,Medium,Medium,Yes,6,40,Low,Yes,1,Low,High,Private,Positive,4,No,College,Moderate,Female,35
18,79,Low,Low,Yes,7,67,Medium,No,1,Low,High,Public,Neutral,4,Yes,High School,Moderate,Female,40
23,87,Medium,Medium,Yes,5,50,Low,Yes,2,Low,Medium,Public,Neutral,4,No,High School,Near,Male,54
15,90,Medium,Medium,Yes,8,56,Low,Yes,2,High,Low,Public,Neutral,3,No,College,Near,Male,48
18,94,Low,Low,Yes,6,69,Medium,Yes,2,High,Medium,Private,Positive,0,No,College,Far,Female,59
21,85,Medium,Low,No,5,71,Medium,Yes,1,Low,Medium,Private,Positive,3,No,High School,Far,Female,57
26,92,Low,High,Yes,6,61,High,Yes,2,Medium,High,Public,Neutral,4,Yes,College,Far,Male,64
16,73,High,Medium,No,6,79,Low,Yes,0,High,Medium,Public,Positive,2,No,High School,Moderate,Female,51
9,90,Low,Medium,Yes,8,71,Medium,Yes,3,Low,High,Public,Positive,3,No,College,Near,Male,52
9,90,Medium,High,No,9,66,Medium,Yes,1,High,Medium,Private,Positive,3,No,College,Near,Female,52
12,97,Medium,Medium,Yes,9,73,Medium,Yes,1,Medium,Low,Private,Positive,1,No,Postgraduate,Far,Male,54
12,62,Medium,Medium,Yes,7,88,Medium,No,2,Low,High,Public,Neutral,4,Yes,College,Near,Female,40
19,70,High,Medium,No,7,44,Low,No,0,High,Medium,Private,Neutral,1,No,College,Near,Female,34
13,89,Medium,Low,Yes,6,89,Low,Yes,2,Low,Low,Private,Positive,4,No,College,Far,Male,58
16,60,Medium,Medium,No,5,64,High,Yes,4,Medium,Medium,Public,Neutral,2,No,College,Near,Female,45
15,85,Medium,Low,No,7,62,Low,Yes,1,Low,Medium,Public,Positive,3,No,Postgraduate,Moderate,Female,47
17,92,Medium,High,No,6,67,Medium,Yes,0,Medium,Medium,Private,Positive,3,No,High School,Near,Male,60
28,74,Medium,Medium,Yes,9,60,High,Yes,1,Medium,Low,Public,Positive,3,No,College,Near,Female,61
24,75,Low,Low,Yes,7,58,Low,Yes,0,Medium,High,Public,Positive,4,Yes,College,Moderate,Female,42
20,68,Low,Medium,No,8,83,High,No,2,Low,High,Public,Negative,4,No,Postgraduate,Far,Female,56
17,74,Low,Low,Yes,6,74,Medium,No,1,High,High,Private,Positive,2,No,College,Near,Male,49
17,75,High,Medium,Yes,6,47,Medium,Yes,2,High,Medium,Public,Neutral,3,No,Postgraduate,Near,Female,46
22,72,High,High,No,8,81,High,Yes,3,High,Low,Private,Positive,4,No,College,Far,Female,71
24,72,Low,High,Yes,7,79,Low,Yes,1,Medium,Medium,Private,Neutral,4,Yes,High School,Near,Male,56
15,77,Medium,Medium,No,7,53,High,Yes,1,Medium,High,Public,Negative,4,No,Postgraduate,Moderate,Female,45
20,77,Medium,Medium,Yes,7,74,Low,Yes,2,High,High,Public,Positive,3,No,College,Far,Male,61
8,100,Medium,Medium,Yes,8,80,Medium,Yes,3,Low,Medium,Private,Neutral,4,No,High School,Near,Female,58
21,76,Medium,Low,Yes,8,51,Low,Yes,0,Medium,Medium,Private,Negative,4,No,High School,Near,Male,40
25,84,Medium,Medium,No,4,76,Medium,Yes,0,Medium,Medium,Public,Positive,3,No,Postgraduate,Moderate,Male,68
18,74,Low,Medium,No,7,63,Low,Yes,0,Medium,Medium,Private,Neutral,3,No,High School,Near,Male,42
31,74,Medium,Low,Yes,8,79,Low,Yes,2,Low,High,Private,Neutral,5,No,College,Near,Male,72
15,61,Low,Low,Yes,6,60,Low,No,1,Low,High,Public,Neutral,3,No,High School,Near,Female,26
21,63,Low,Low,Yes,5,86,Medium,No,2,High,Medium,Public,Neutral,2,No,College,Moderate,Male,51
20,67,Medium,Low,Yes,7,69,Low,Yes,0,Low,Medium,Private,Negative,3,No,College,Far,Male,40
19,82,Medium,Low,Yes,8,64,Medium,Yes,1,High,High,Public,Negative,3,No,High School,Near,Female,52
19,92,High,Medium,No,6,63,Medium,Yes,4,Medium,Medium,Public,Neutral,3,No,College,Moderate,Female,64
21,60,Low,Medium,No,9,83,Medium,Yes,0,Low,Medium,Private,Positive,2,No,High School,Near,Male,48
25,74,Medium,Medium,No,10,63,Medium,Yes,0,Medium,Low,Public,Neutral,3,No,Postgraduate,Moderate,Female,54
28,65,High,Low,No,4,86,Low,Yes,1,High,Low,Public,Positive,4,No,High School,Moderate,Female,64
20,77,Medium,Medium,Yes,6,75,Low,Yes,4,Low,Medium,Public,Positive,1,Yes,High School,Far,Male,52
25,92,High,High,No,4,54,Medium,No,2,Medium,Low,Public,Positive,3,No,College,Near,Male,64
16,75,High,Low,Yes,8,72,Medium,Yes,0,High,High,Public,Negative,2,No,College,Near,Female,49
25,79,High,Medium,No,6,73,Medium,No,2,Low,Medium,Private,Negative,2,No,High School,Near,Female,62
15,96,High,Medium,Yes,6,54,Low,No,3,High,High,Public,Negative,1,No,Postgraduate,Moderate,Male,50
27,85,Medium,Low,No,9,72,Medium,Yes,2,Low,Medium,Private,Positive,3,Yes,High School,Far,Male,61
33,72,Medium,Medium,No,5,79,Medium,Yes,4,Medium,High,Public,Positive,1,No,College,Near,Female,81
19,82,High,Medium,Yes,5,87,Medium,Yes,0,Low,Medium,Private,Negative,3,No,College,Far,Female,61
7,71,High,Medium,No,4,86,High,Yes,1,Medium,Medium,Private,Positive,3,No,High School,Near,Female,47
17,85,Low,High,Yes,9,100,Medium,Yes,1,Low,Medium,Public,Negative,4,No,College,Moderate,Male,66
27,86,Medium,High,No,8,72,High,Yes,0,High,Medium,Public,Positive,0,No,Postgraduate,Near,Male,77
23,65,Medium,Medium,Yes,7,79,Medium,Yes,2,High,Medium,Public,Negative,1,No,High School,Near,Female,57
21,82,High,Medium,No,5,64,High,No,1,High,Low,Private,Neutral,3,No,High School,Moderate,Male,56
26,79,Low,High,No,8,96,High,Yes,1,High,Low,Public,Neutral,3,No,High School,Moderate,Male,78
23,86,Medium,Medium,Yes,10,60,Low,No,2,Medium,Medium,Public,Neutral,4,Yes,College,Near,Female,50
27,89,Medium,High,Yes,7,96,Low,Yes,0,Low,Low,Public,Neutral,3,No,College,Near,Male,79
26,85,Low,High,Yes,5,94,High,Yes,2,High,Medium,Public,Neutral,2,No,College,Near,Female,83
29,77,High,Low,No,9,62,Medium,No,0,Low,Medium,Public,Negative,4,No,Postgraduate,Near,Male,58
22,90,Medium,Low,Yes,5,85,Medium,Yes,0,High,Medium,Public,Neutral,2,No,College,Near,Male,68
25,70,Low,Low,No,6,78,Medium,No,0,Medium,Medium,Private,Neutral,1,No,College,Moderate,Female,53
18,65,Medium,High,Yes,4,67,Medium,Yes,0,Medium,Medium,Public,Negative,3,No,High School,Near,Male,42
16,60,High,Medium,Yes,7,70,High,Yes,2,Medium,Medium,Private,Neutral,3,No,High School,Moderate,Female,46
30,79,Medium,Medium,No,5,75,Medium,Yes,0,Low,Medium,Public,Positive,4,Yes,College,Near,Female,65
21,71,Medium,Medium,No,9,77,High,Yes,0,Medium,Medium,Private,Neutral,2,No,College,Near,Male,57
25,84,Medium,High,Yes,6,91,Medium,Yes,1,Low,Medium,Private,Negative,3,Yes,High School,Near,Female,69
21,60,High,High,Yes,8,79,Low,Yes,0,High,Medium,Private,Negative,2,No,College,Near,Male,52
16,73,High,Low,Yes,7,62,High,Yes,2,Low,Medium,Public,Positive,3,No,High School,Moderate,Male,47
20,85,Medium,Medium,Yes,7,82,Medium,Yes,3,High,Medium,Public,Positive,2,Yes,Postgraduate,Moderate,Male,66
29,69,Medium,Medium,Yes,8,49,High,No,3,Medium,Medium,Private,Positive,3,No,High School,Near,Male,57
23,85,High,High,No,7,67,Low,Yes,4,Medium,Medium,Public,Positive,4,Yes,College,Near,Female,66
10,74,Medium,Medium,Yes,6,68,Medium,Yes,1,Medium,Medium,Public,Negative,3,No,College,Moderate,Female,37
19,80,Medium,Medium,Yes,6,81,Medium,Yes,0,Medium,Medium,Private,Positive,3,No,College,Far,Female,60
31,87,High,High,Yes,8,95,Medium,Yes,4,Medium,High,Private,Positive,5,No,Postgraduate,Moderate,Female,99
19,90,High,Medium,Yes,4,75,High,No,0,Low,Low,Private,Positive,3,No,College,Moderate,Female,59
9,81,Medium,Low,Yes,9,67,High,Yes,3,Medium,High,Private,Neutral,3,No,College,Near,Male,47
31,71,High,High,No,7,63,Medium,Yes,1,Low,Medium,Private,Positive,4,No,College,Far,Female,69
24,75,Medium,Medium,Yes,7,83,High,Yes,3,High,Low,Public,Neutral,3,No,College,Near,Male,73
20,87,Medium,High,No,7,69,High,Yes,3,Medium,Medium,Public,Neutral,3,No,High School,Moderate,Male,68
18,69,Low,Medium,No,6,65,High,Yes,2,Medium,Medium,Private,Positive,3,No,College,Far,Male,49
26,78,Medium,Medium,No,7,84,High,Yes,2,Medium,High,Private,Neutral,3,No,College,Near,Male,77
17,76,Medium,Medium,No,5,87,Medium,Yes,2,Medium,Medium,Private,Neutral,6,No,High School,Far,Male,59
27,79,Medium,Medium,Yes,8,60,High,Yes,2,Medium,Medium,Private,Positive,4,No,College,Far,Male,66
23,69,High,Low,Yes,7,53,Medium,No,2,Low,Low,Public,Neutral,4,Yes,Postgraduate,Near,Male,41
21,60,Low,Medium,No,7,71,Medium,Yes,1,Medium,Medium,Public,Neutral,2,No,College,Moderate,Female,46
21,86,High,Low,No,9,57,High,Yes,0,Medium,Medium,Public,Positive,2,No,Postgraduate,Moderate,Male,56
19,91,Medium,Medium,No,6,55,Low,No,1,Low,Low,Public,Neutral,4,No,College,Moderate,Female,47
26,60,Low,Medium,Yes,7,58,Medium,Yes,4,Low,Medium,Public,Neutral,1,No,High School,Near,Male,49
15,84,Low,Medium,Yes,5,86,Medium,No,3,Medium,High,Public,Positive,2,No,College,Moderate,Male,60
10,92,Medium,Medium,Yes,8,80,Low,Yes,3,Medium,Medium,Public,Positive,4,No,College,Near,Male,59
24,87,Medium,Medium,Yes,7,100,High,Yes,3,Low,Medium,Public,Neutral,4,No,College,Moderate,Male,85
24,75,Medium,Medium,Yes,7,64,Medium,No,3,High,Medium,Public,Negative,3,No,College,Moderate,Male,57
23,70,Medium,Medium,No,7,89,Medium,No,2,Low,High,Public,Neutral,4,No,College,Far,Male,65
22,81,Medium,Medium,Yes,6,78,Medium,Yes,2,Medium,Low,Private,Neutral,6,No,,Moderate,Male,66
18,83,Low,Low,Yes,10,65,Medium,Yes,1,High,Medium,Public,Negative,3,No,Postgraduate,Near,Male,48
25,81,Medium,Medium,No,7,70,Low,Yes,0,Medium,Medium,Public,Positive,6,No,College,Near,Male,64
20,78,Low,High,Yes,7,65,Medium,Yes,0,Low,Medium,Public,Neutral,4,No,College,Far,Female,51
17,68,Low,Medium,No,5,75,Low,No,2,High,Medium,Public,Negative,3,No,College,Far,Female,41
18,85,Low,High,Yes,8,85,High,Yes,3,Medium,High,Public,Negative,5,No,College,Near,Male,71
32,85,Medium,Low,No,7,67,Low,No,3,Low,Medium,Public,Negative,2,No,High School,Near,Female,67
10,82,Medium,Medium,Yes,8,83,High,Yes,4,Medium,Low,Public,Neutral,3,No,College,Near,Male,56
23,81,High,Medium,No,8,89,Low,Yes,1,Low,Medium,Public,Negative,3,Yes,Postgraduate,Moderate,Male,61
10,98,High,Medium,Yes,7,91,Low,Yes,2,Low,Medium,Private,Positive,5,Yes,High School,Near,Female,60
19,73,Medium,Medium,Yes,6,57,High,Yes,1,Low,Low,Public,Positive,3,No,High School,Moderate,Male,46
17,94,Medium,Low,No,4,71,Medium,Yes,2,Low,Medium,Private,Negative,3,No,College,Near,Female,56
7,72,Low,Medium,No,6,81,Medium,No,0,Low,Low,Public,Positive,3,No,Postgraduate,Far,Female,33
22,92,Medium,Medium,Yes,6,58,Medium,Yes,0,Low,Medium,Private,Positive,1,No,College,Far,Male,58
18,94,Medium,Medium,No,5,55,Low,No,4,Medium,High,Public,Neutral,5,No,High School,Far,Male,55
7,77,Medium,Low,No,9,72,Low,Yes,3,Low,High,Public,Neutral,3,No,College,Moderate,Female,38
25,98,High,Low,Yes,8,67,Low,Yes,0,Medium,Medium,Public,Negative,3,No,College,Moderate,Male,64
29,85,Low,High,Yes,4,70,Low,Yes,0,Medium,Low,Private,Neutral,4,No,High School,Near,Male,65
29,70,Low,Medium,No,7,66,Low,Yes,4,High,Medium,Public,Neutral,3,No,High School,Near,Female,62
22,76,High,Medium,Yes,6,100,Medium,Yes,0,Medium,Medium,Public,Neutral,3,No,College,Far,Male,71
20,92,Medium,Low,No,8,66,High,Yes,2,Medium,Low,Private,Negative,2,No,College,Near,Female,60
28,90,Medium,Medium,Yes,6,80,Medium,Yes,2,Medium,Medium,Public,Negative,2,No,Postgraduate,Moderate,Male,78
30,68,Low,Medium,No,6,79,Medium,Yes,0,Medium,Medium,Public,Positive,3,No,High School,Near,Male,67
27,78,Medium,High,No,8,50,Low,Yes,0,Medium,Medium,Public,Negative,2,No,Postgraduate,Far,Male,53
14,82,High,Medium,No,8,91,High,Yes,3,Medium,Medium,Public,Positive,1,Yes,College,Far,Male,59
21,74,Medium,Low,Yes,9,80,Low,Yes,2,Medium,Low,Public,Positive,5,No,High School,Near,Female,58
23,100,Medium,Low,No,7,74,Medium,Yes,1,Medium,Medium,Public,Positive,1,No,College,Near,Male,73
9,83,Medium,Low,Yes,5,86,High,Yes,2,Low,High,Public,Neutral,4,No,College,Near,Female,54
23,79,Medium,Medium,Yes,8,71,Medium,Yes,2,Medium,Medium,Public,Negative,3,No,High School,Moderate,Female,59
34,93,Medium,High,Yes,8,83,Medium,Yes,1,Medium,High,Private,Neutral,4,No,College,Moderate,Male,93
24,76,Medium,Low,No,8,48,Medium,Yes,3,High,Medium,Public,Positive,3,No,College,Near,Female,54
29,91,Low,Medium,Yes,6,83,Low,No,2,Low,High,Public,Neutral,3,No,Postgraduate,Moderate,Male,76
21,62,Medium,Medium,Yes,6,74,Medium,Yes,0,Low,Medium,Public,Positive,4,No,College,Moderate,Male,51
20,75,High,Medium,No,8,75,Medium,Yes,0,Medium,Medium,Public,Negative,3,No,High School,Near,Female,55
22,92,High,Medium,No,6,61,High,Yes,1,High,Medium,Public,Positive,3,No,Postgraduate,Far,Male,69
15,97,High,Medium,Yes,7,69,High,Yes,2,High,High,Public,Neutral,3,No,Postgraduate,,Female,69
14,71,Medium,Low,Yes,10,69,Medium,Yes,2,Medium,Medium,Private,Neutral,4,No,High School,Near,Male,40
28,70,High,Medium,Yes,10,57,Medium,Yes,2,Medium,High,Private,Negative,2,No,High School,Near,Male,59
28,86,High,Medium,Yes,8,77,Medium,No,1,Medium,Medium,Public,Positive,5,No,Postgraduate,Near,Female,78
14,73,Low,Medium,No,6,92,High,Yes,4,Low,High,Public,Neutral,3,No,High School,Near,Male,62
26,77,Medium,Low,No,6,54,Medium,No,2,Medium,,Public,Positive,4,No,High School,Near,Male,55
19,90,Low,Medium,No,8,78,Low,No,3,High,Medium,Private,Positive,2,No,Postgraduate,Moderate,Female,64
22,74,High,High,Yes,9,67,High,No,2,Low,High,Public,Neutral,5,Yes,High School,Near,Male,53
23,60,High,Medium,Yes,6,65,High,Yes,1,Medium,Medium,Private,Negative,4,No,College,Near,Female,53
26,66,High,Low,Yes,6,73,Low,Yes,2,High,Low,Private,Negative,5,No,High School,Moderate,Male,56
20,80,Medium,High,Yes,7,73,Medium,Yes,1,Low,Medium,Private,Neutral,3,No,College,Near,Male,61
28,60,High,Low,Yes,5,74,High,Yes,3,Low,High,Public,Positive,2,No,High School,Near,Male,65
22,77,Low,High,No,5,57,Low,Yes,1,Medium,Low,Public,Negative,3,No,Postgraduate,Near,Female,47
24,65,Low,Low,Yes,5,86,High,Yes,0,Low,High,Public,Positive,4,No,Postgraduate,Near,Male,64
15,98,Medium,High,No,8,73,Low,No,1,Medium,High,Public,Positive,5,No,High School,Near,Male,61
33,100,High,Low,No,7,80,Medium,No,0,Low,Medium,Public,Negative,2,Yes,Postgraduate,Far,Male,75
23,68,High,Medium,No,9,88,High,Yes,1,Medium,High,Public,Positive,4,No,College,Far,Male,69
24,83,Medium,High,Yes,5,47,High,No,0,High,Low,Private,Positive,3,No,High School,Near,Male,54
10,69,Medium,Medium,No,5,80,Low,Yes,0,Medium,Medium,Public,Positive,4,No,High School,Near,Female,39
15,77,Medium,Low,No,8,70,High,No,1,Medium,High,Public,Positive,2,No,,Near,Female,49
27,100,Low,Low,Yes,6,85,Medium,Yes,0,High,Medium,Public,Negative,2,No,College,Near,Male,77
22,75,High,Low,Yes,6,62,High,Yes,1,Low,High,Public,Neutral,1,No,Postgraduate,Moderate,Female,54
9,77,Medium,Low,Yes,8,84,Medium,Yes,3,Low,Medium,Private,Neutral,3,No,College,Far,Female,45
26,70,Low,Medium,No,6,58,High,Yes,1,Medium,Medium,Public,Neutral,4,No,High School,Moderate,Female,53
17,93,Medium,Medium,No,6,77,Medium,Yes,2,Medium,High,Private,Neutral,5,No,Postgraduate,Near,Male,69
28,60,Medium,High,No,7,76,Medium,Yes,2,Low,Medium,Public,Negative,2,No,High School,Moderate,Female,59
19,75,High,High,No,7,70,Medium,Yes,3,Medium,Low,Private,Neutral,4,Yes,High School,Near,Male,53
21,79,Low,High,No,8,59,Medium,Yes,1,Medium,Medium,Public,Neutral,4,No,College,,Female,54
27,73,Low,Medium,Yes,5,67,Low,Yes,5,Low,High,Public,Negative,1,No,High School,Near,Male,58
15,89,High,Medium,Yes,7,84,Low,Yes,1,Low,Medium,Public,Negative,3,No,College,Moderate,Female,59
14,93,Medium,Medium,No,9,91,High,Yes,3,Medium,Medium,Public,Neutral,1,Yes,High School,Near,Male,62
19,64,Medium,Medium,No,10,97,Medium,No,1,Medium,Low,Public,Positive,3,No,High School,Near,Male,56
25,100,Low,Low,Yes,5,79,Medium,No,3,Low,High,Public,Neutral,2,No,College,Moderate,Male,74
12,64,High,High,Yes,7,75,Medium,Yes,1,Low,Medium,Public,Positive,4,Yes,College,Far,Female,40
10,94,Medium,Medium,Yes,7,78,Medium,Yes,0,Low,Low,Public,Neutral,4,Yes,High School,Near,Male,45
25,82,Low,Medium,Yes,7,97,Medium,Yes,1,Low,Medium,Public,Positive,5,No,College,Near,Male,78
16,74,Low,Medium,Yes,6,79,High,Yes,0,Medium,Medium,Public,Neutral,3,No,Postgraduate,Moderate,Male,53
18,75,Low,Low,Yes,8,73,Low,Yes,1,High,Medium,Public,Positive,3,No,High School,Near,Female,49
9,80,Low,Medium,No,8,68,Low,Yes,1,Medium,Medium,Private,Positive,2,No,Postgraduate,Near,Female,41
16,82,Low,Medium,Yes,10,70,Medium,Yes,2,Medium,Medium,Public,Positive,2,No,College,Moderate,Female,53
20,70,Low,High,Yes,5,77,Low,Yes,3,Medium,High,Public,Positive,2,No,High School,Near,Male,58
26,77,Low,Medium,No,5,62,Medium,Yes,3,Medium,Medium,Public,Positive,3,No,College,Moderate,Female,61
15,72,Medium,Medium,Yes,10,64,Medium,No,3,Low,High,Public,Positive,5,No,High School,Moderate,Male,44
30,67,Medium,Medium,No,7,71,Medium,Yes,2,Low,Medium,Public,Neutral,3,No,High School,Moderate,Female,64
16,71,Medium,High,Yes,6,66,High,Yes,2,Medium,Medium,Public,Neutral,5,No,High School,Moderate,Female,52
16,67,High,High,No,7,80,High,Yes,2,Low,Low,Public,Positive,4,No,College,Near,Male,60
29,75,Medium,Medium,Yes,5,81,Medium,Yes,3,High,Medium,Private,Neutral,4,No,College,Near,Female,75
21,85,High,Medium,Yes,8,75,Medium,No,0,Low,Medium,Public,Negative,3,No,High School,Near,Male,58
17,81,High,Medium,Yes,7,78,Medium,No,0,Medium,Low,Public,Positive,3,No,High School,Moderate,Male,54
19,100,High,High,Yes,9,74,Medium,No,1,Low,High,Public,Negative,3,No,College,Near,Male,68
28,60,Low,High,No,8,40,Medium,Yes,1,Medium,Medium,Public,Neutral,2,No,High School,Near,Female,42
29,85,Low,Medium,No,8,61,Low,No,0,Medium,Medium,Private,Negative,2,Yes,College,Moderate,Male,49
15,80,Medium,Medium,Yes,7,81,Low,Yes,3,Medium,High,Private,Neutral,3,No,High School,Moderate,Male,55
20,89,Low,Low,Yes,9,61,Medium,Yes,0,Low,Medium,Public,Negative,3,No,High School,Near,Female,47
21,88,Low,Low,Yes,8,83,Low,Yes,0,Medium,High,Public,Positive,1,No,High School,Moderate,Female,60
14,78,Low,Low,No,6,84,Medium,Yes,3,Medium,High,Private,Positive,2,No,Postgraduate,Near,Male,57
20,82,Medium,Low,Yes,6,69,High,Yes,0,Low,Medium,Public,Negative,4,No,College,Near,Male,56
20,72,High,Medium,Yes,6,64,Medium,No,6,Medium,Medium,Public,Negative,4,No,College,Near,Female,57
27,87,Medium,Medium,Yes,8,72,Medium,Yes,2,Medium,Medium,Private,Negative,1,No,High School,Near,Female,70
27,60,High,Medium,No,5,71,Medium,Yes,1,Medium,High,Public,Positive,3,No,College,Near,Male,61
18,89,High,Medium,No,7,80,Medium,Yes,2,Low,High,Public,Neutral,6,No,College,Moderate,Female,70
19,80,Low,Low,Yes,6,42,Low,Yes,5,Medium,Low,Public,Neutral,4,No,High School,Near,Female,41
24,75,Medium,Medium,Yes,5,62,Medium,Yes,0,Medium,Medium,Public,Positive,2,Yes,College,Moderate,Female,47
16,77,Low,Low,No,5,59,Low,Yes,1,Low,High,Public,Neutral,3,No,College,Moderate,Male,38
24,78,High,Low,Yes,7,40,Medium,Yes,0,Medium,Medium,Public,Neutral,3,No,College,Near,Male,48
19,94,Medium,High,No,8,66,Medium,Yes,1,Low,Medium,Public,Positive,3,No,,Near,Male,65
14,100,Medium,Low,Yes,6,53,Medium,Yes,3,Medium,Medium,Public,Negative,4,No,High School,Moderate,Male,50
14,93,Medium,Medium,Yes,4,67,High,Yes,6,Low,Medium,Public,Positive,4,No,High School,Moderate,Male,63
29,74,Medium,Medium,Yes,10,66,Low,Yes,3,Medium,Low,Public,Neutral,2,No,College,Near,Female,62
19,87,High,Medium,Yes,9,78,Medium,Yes,1,High,Low,Private,Neutral,4,No,High School,Moderate,Male,63
30,87,High,Medium,Yes,8,69,Medium,Yes,1,Medium,Medium,Public,Negative,2,No,College,Moderate,Female,72
17,70,Medium,Medium,Yes,9,50,High,Yes,2,High,High,Public,Negative,3,No,High School,Near,Female,42
22,66,Medium,Medium,Yes,7,77,Low,Yes,0,Medium,Low,Public,Neutral,5,No,College,Near,Female,53
34,79,Low,Medium,Yes,7,100,Medium,Yes,1,High,Medium,Public,Positive,2,No,College,Near,Male,91
14,89,Low,High,Yes,9,86,Medium,Yes,1,High,Low,Public,Negative,4,No,Postgraduate,Near,Female,61
9,62,Low,Low,No,9,81,High,No,2,High,High,Public,Positive,1,No,High School,Moderate,Female,37
28,72,Medium,Medium,No,8,69,Medium,No,5,Low,High,Private,Positive,2,No,High School,Near,Female,68
15,86,High,Low,No,8,66,Medium,No,1,High,Medium,Private,Positive,2,No,High School,Near,Male,49
20,80,High,Low,Yes,5,65,Medium,Yes,0,Low,Medium,Public,Positive,2,No,High School,Near,Female,51
16,96,Low,High,Yes,7,75,Medium,Yes,3,High,High,Private,Positive,1,No,High School,Near,Male,67
22,64,Medium,Medium,Yes,9,57,Low,Yes,1,Medium,Medium,Public,Positive,1,No,College,Far,Male,41
14,100,Low,Low,Yes,8,75,Low,Yes,2,Low,Medium,Private,Neutral,1,No,High School,Near,Female,53
19,63,High,Medium,Yes,5,63,Low,Yes,3,High,Medium,Public,Negative,2,No,High School,Near,Female,44
23,60,High,Low,Yes,6,50,Medium,Yes,3,Medium,Low,Public,Negative,2,No,High School,Moderate,Male,38
14,79,Medium,Medium,Yes,9,63,Medium,No,2,Medium,Medium,Public,Positive,3,No,Postgraduate,Near,Male,47
16,68,Medium,Medium,Yes,8,88,High,Yes,2,High,Medium,Public,Positive,5,No,High School,Near,Male,62
18,80,Medium,High,No,7,74,Medium,Yes,2,High,High,Public,Neutral,4,No,Postgraduate,Moderate,Female,64
11,79,Medium,Low,Yes,7,40,Low,No,1,Medium,Medium,Public,Positive,3,No,College,Moderate,Female,25
17,78,Low,Medium,Yes,7,63,Medium,No,1,Medium,Medium,Private,Positive,2,No,College,Near,Female,47
21,71,Medium,High,No,6,84,Medium,Yes,3,Low,Medium,Public,Neutral,4,No,High School,Near,Male,65
18,85,Low,High,Yes,6,68,Medium,Yes,0,Medium,High,Public,Negative,4,No,College,Moderate,Male,54
18,77,Medium,Low,Yes,8,79,Medium,Yes,0,Medium,Medium,Public,Negative,2,Yes,High School,Near,Male,43
20,92,Medium,Medium,Yes,7,67,Medium,No,0,Medium,Low,Public,Negative,4,No,College,Near,Male,57
16,78,Medium,High,Yes,8,74,High,Yes,3,Medium,High,Public,Neutral,3,No,High School,Near,Male,62
24,69,Medium,Medium,No,8,72,Low,Yes,0,Medium,Medium,Private,Negative,3,No,High School,Near,Male,52
29,61,Medium,Medium,Yes,9,64,High,No,2,Low,High,Private,Neutral,3,Yes,High School,Near,Male,51
17,78,High,Medium,No,8,79,High,Yes,4,Low,Low,Private,Neutral,1,Yes,College,Moderate,Female,54
23,66,Medium,High,No,8,92,Low,Yes,3,Low,High,Private,Negative,2,Yes,,Near,Male,57
19,65,Medium,Medium,Yes,7,77,Medium,Yes,0,Medium,High,Private,Positive,3,Yes,High School,Far,Male,45
22,86,Low,Low,Yes,6,73,Low,Yes,1,Medium,Medium,Public,Positive,2,No,College,Moderate,Male,60
29,60,Medium,Medium,Yes,7,61,Medium,Yes,2,Medium,Low,Public,Positive,4,No,Postgraduate,Moderate,Male,59
23,96,Medium,Medium,No,8,84,Medium,Yes,0,Medium,Medium,Public,Positive,2,No,Postgraduate,Moderate,Female,76
9,82,Low,Medium,Yes,8,65,Low,Yes,4,High,Medium,Private,Positive,2,Yes,Postgraduate,Near,Female,38
23,80,Low,Medium,Yes,9,79,Medium,Yes,1,Medium,High,Public,Negative,4,No,College,Far,Male,60
27,69,Medium,Medium,Yes,6,82,Medium,Yes,1,High,Low,Public,Positive,3,No,College,Near,Female,68
19,88,Medium,Medium,No,7,85,Low,Yes,1,Medium,Low,Public,Positive,4,No,College,Near,Male,66
26,80,Medium,High,No,7,85,Medium,Yes,4,Medium,Medium,Public,Neutral,4,No,College,Far,Female,79
16,72,Medium,Medium,Yes,9,85,Medium,No,1,Low,High,Private,Positive,5,No,College,Near,Female,56
11,82,Medium,Medium,Yes,8,56,Low,Yes,2,Medium,Low,Public,Neutral,2,No,High School,Near,Female,36
21,61,Medium,Medium,No,8,61,High,Yes,0,Low,Medium,Private,Positive,1,No,,Near,Female,46
9,62,Low,Low,Yes,7,54,High,Yes,1,Medium,Medium,Private,Positive,1,No,High School,Near,Male,26
19,68,Medium,Medium,Yes,7,53,Medium,No,3,Low,Medium,Private,Neutral,2,No,College,Near,Female,42
28,84,Medium,Low,Yes,5,92,High,No,4,Low,Medium,Public,Positive,4,Yes,College,Moderate,Male,76
9,80,High,High,Yes,5,59,High,Yes,2,High,Medium,Public,Neutral,4,Yes,Postgraduate,Far,Male,39
12,92,Medium,Medium,Yes,7,57,Medium,Yes,2,Low,Medium,Private,Negative,3,No,High School,Moderate,Female,44
14,70,Medium,Low,No,7,71,High,No,4,High,High,Private,Positive,6,No,High School,Far,Female,50
20,86,High,Medium,No,7,62,High,Yes,3,High,Low,Public,Neutral,1,Yes,High School,Near,Male,56
18,79,High,High,No,8,100,High,Yes,2,Low,Low,Public,Neutral,4,No,,Moderate,Male,74
28,70,Low,Low,Yes,7,68,Low,Yes,0,Low,Low,Private,Neutral,2,No,High School,Near,Female,50
26,84,High,High,No,7,78,High,Yes,0,Medium,High,Public,Negative,5,No,College,Near,Female,77
23,79,Low,Low,No,7,62,Low,Yes,2,Low,Medium,Public,Positive,3,No,College,Near,Male,54
21,73,High,Low,No,7,50,Medium,Yes,1,Low,Medium,Private,Neutral,4,No,High School,Moderate,Female,43
22,80,Low,Medium,Yes,6,63,Low,Yes,1,Medium,Medium,Private,Negative,3,No,High School,Moderate,Male,48
15,79,Medium,Low,Yes,8,63,High,Yes,2,Medium,Medium,Public,Positive,6,No,College,Moderate,Male,52
25,78,High,High,Yes,7,63,High,No,3,Low,Medium,Private,Positive,3,No,Postgraduate,Near,Female,69
13,75,Low,Medium,Yes,7,51,Medium,Yes,2,Low,Medium,Public,Negative,3,No,Postgraduate,Near,Male,36
25,66,High,Medium,Yes,6,74,Medium,Yes,3,Medium,Low,Private,Positive,3,No,College,Near,Female,64
27,81,Medium,Medium,Yes,8,68,Low,Yes,1,High,High,Public,Positive,4,No,High School,Moderate,Female,67
21,71,Low,Medium,Yes,9,52,Low,Yes,1,High,High,Public,Neutral,5,No,High School,Near,Male,43
19,69,High,Medium,No,5,73,High,Yes,0,High,Medium,Public,Neutral,5,No,Postgraduate,Far,Female,54
22,77,Medium,Medium,Yes,8,82,Medium,Yes,0,Low,Low,Public,Neutral,1,No,College,Moderate,Male,58
3,88,High,High,No,7,88,High,Yes,3,Low,,Public,Positive,3,No,High School,Moderate,Male,57
22,82,High,Medium,Yes,7,41,High,No,1,High,Low,Private,Negative,2,No,College,Near,Male,47
19,74,Low,Medium,Yes,8,62,Medium,Yes,0,High,High,Public,Positive,4,No,High School,Near,Male,49
20,74,Medium,Medium,No,4,54,Medium,Yes,0,Low,High,Private,Negative,2,No,College,Moderate,Male,41
24,87,Medium,Medium,No,8,64,Medium,No,2,Medium,Medium,Public,Negative,5,No,College,Near,Female,62
20,60,Medium,Medium,Yes,9,90,Low,No,2,Medium,,Public,Positive,2,Yes,Postgraduate,Near,Female,49
13,89,Low,Medium,Yes,9,63,High,Yes,1,Medium,High,Public,Positive,1,No,High School,Moderate,Male,50
19,60,Medium,Medium,Yes,6,66,High,Yes,0,Medium,High,Public,Neutral,3,No,High School,Near,Male,44
20,64,High,Low,No,7,61,Medium,Yes,1,High,Low,Private,Neutral,4,No,College,Near,Female,46
21,74,Low,High,Yes,6,93,Medium,Yes,1,Low,High,Public,Neutral,2,No,College,Moderate,Male,66
21,100,Medium,High,No,4,42,Medium,Yes,2,High,Medium,Public,Positive,5,No,College,Near,Male,60
26,98,Medium,Medium,Yes,6,65,Medium,Yes,3,Low,High,Public,Negative,2,No,High School,Near,Male,74
13,88,Low,High,Yes,5,61,Medium,Yes,1,Medium,Medium,Private,Positive,3,No,College,Moderate,Male,50
21,84,Low,High,Yes,7,50,Low,Yes,0,Medium,High,Public,Negative,3,No,College,Near,Female,47
28,60,Low,High,No,5,86,Medium,Yes,0,Medium,Medium,Public,Positive,2,No,High School,Far,Female,62
10,82,Medium,Low,Yes,6,49,Medium,No,3,Low,Low,Public,Positive,5,No,High School,Near,Male,33
21,74,Low,Medium,No,6,66,Low,Yes,2,Low,Low,Public,Neutral,1,No,High School,Near,Male,45
16,71,High,Medium,No,8,71,Medium,Yes,0,High,Medium,Private,Neutral,1,No,High School,Moderate,Female,45
18,82,High,Medium,Yes,10,62,Medium,Yes,2,Low,Medium,Public,Positive,2,No,High School,Moderate,Female,52
15,75,Low,Medium,Yes,7,49,High,Yes,1,Low,High,Public,Neutral,2,No,High School,Far,Male,37
19,90,High,Medium,Yes,6,70,High,Yes,1,Low,Low,Public,Neutral,1,No,High School,Near,Male,61
31,60,High,High,No,6,62,Medium,No,1,Medium,Medium,Public,Positive,3,No,Postgraduate,Near,Male,63
12,81,Low,High,No,8,83,Medium,Yes,1,Medium,Medium,Public,Negative,2,No,College,Near,Female,52
13,70,High,Medium,No,5,79,High,Yes,1,Medium,High,Public,Positive,3,Yes,High School,Near,Male,47
12,75,Medium,High,Yes,9,97,Low,Yes,2,Low,Medium,Public,Neutral,2,No,College,Far,Male,55
30,83,Medium,High,No,7,73,Medium,No,0,High,High,Public,Neutral,5,Yes,College,Near,Male,69
17,68,Low,Medium,Yes,7,80,Medium,Yes,2,Low,High,Public,Neutral,1,No,High School,Moderate,Male,50
20,82,High,High,Yes,5,67,Low,Yes,2,High,Low,Public,Positive,4,No,High School,Moderate,Male,61
18,78,High,Low,Yes,8,94,High,Yes,2,Low,Medium,Private,Positive,3,No,College,Far,Male,68
14,73,High,Low,Yes,6,72,Low,No,2,Medium,High,Public,Neutral,2,No,Postgraduate,Near,Female,45
19,75,High,High,Yes,7,71,High,Yes,3,Medium,Medium,Private,Neutral,3,No,High School,Near,Male,63
35,78,Low,Medium,Yes,7,79,Medium,Yes,0,Medium,High,Public,Positive,3,No,College,Far,Male,79
28,72,Medium,Medium,Yes,5,64,Medium,Yes,0,High,High,Public,Neutral,1,No,High School,Near,Male,60
15,80,Medium,High,Yes,7,66,Low,Yes,0,Medium,Low,Public,Neutral,3,No,High School,Near,Male,45
24,77,Low,Medium,No,5,79,Medium,Yes,1,Medium,Medium,Public,Neutral,3,No,College,Near,Female,63
15,73,Low,Low,Yes,6,82,High,No,2,Low,,Public,Positive,4,Yes,High School,Near,Male,46
9,97,High,Low,No,8,80,Medium,Yes,1,Medium,Medium,Public,Positive,4,Yes,High School,Near,Female,52
26,85,Medium,Medium,Yes,8,71,Low,Yes,0,Medium,Low,Private,Positive,5,No,Postgraduate,Moderate,Male,66
27,76,Low,Low,Yes,7,76,Medium,Yes,1,High,Medium,Public,Positive,4,No,College,Near,Male,68
26,82,High,Low,Yes,6,84,Medium,Yes,1,Medium,Medium,Public,Neutral,3,No,College,Moderate,Male,72
17,69,High,High,No,6,58,Medium,Yes,1,Low,Medium,Private,Positive,5,No,College,Near,Female,47
19,75,Medium,Medium,No,6,72,Medium,Yes,2,Low,High,Public,Positive,3,No,High School,Near,Male,57
24,76,Medium,Medium,No,4,40,Medium,Yes,1,Low,Low,Public,Positive,4,No,College,Near,Female,45
22,66,Medium,Low,No,7,82,Low,Yes,0,Medium,Medium,Private,Neutral,3,No,College,Moderate,Male,54
18,84,Medium,Medium,Yes,5,62,Medium,Yes,1,Medium,Low,Public,Positive,3,No,College,Moderate,Female,53
10,74,Medium,Medium,Yes,7,62,High,Yes,1,Medium,Medium,Public,Negative,1,No,College,Moderate,Male,37
21,76,Medium,Medium,Yes,5,70,High,Yes,3,Medium,Low,Public,Negative,3,Yes,College,Near,Male,51
26,74,Low,Medium,Yes,5,80,Medium,Yes,1,Medium,Medium,Public,Negative,4,No,High School,Moderate,Male,61
13,100,Medium,Medium,Yes,8,100,Medium,Yes,1,Medium,High,Public,Neutral,4,Yes,College,Moderate,Male,66
24,73,Medium,Low,No,7,52,Medium,No,3,High,Low,Private,Positive,1,No,College,Far,Male,47
22,60,Medium,Low,Yes,4,61,Medium,Yes,1,Medium,Medium,Public,Neutral,3,No,High School,Far,Female,39
25,62,Medium,Medium,No,6,75,High,Yes,2,Low,High,Private,Negative,2,No,High School,Moderate,Female,57
25,88,Medium,Low,No,7,63,Medium,Yes,0,Medium,High,Public,Negative,3,No,Postgraduate,Moderate,Male,62
16,95,Medium,Low,Yes,6,83,Low,Yes,2,Low,Medium,Private,Negative,0,No,College,Moderate,Female,58
10,73,Medium,Low,No,7,70,Medium,No,0,Low,Medium,Public,Positive,2,No,College,Moderate,Female,34
17,94,Low,High,No,7,84,Low,Yes,1,Medium,Medium,Public,Neutral,3,No,College,Near,Male,66
25,88,High,Medium,Yes,7,69,Medium,Yes,3,Low,Medium,Public,Negative,2,No,Postgraduate,Moderate,Male,71
17,78,Low,Medium,No,6,79,High,Yes,1,Low,Medium,Private,Negative,5,No,High School,Far,Female,53
16,77,Medium,Medium,Yes,7,60,Medium,Yes,1,Medium,Medium,Public,Positive,3,No,High School,Near,Female,48
9,82,Low,Medium,No,7,97,Low,Yes,4,Low,Low,Public,Negative,3,No,College,Near,Female,54
31,90,Medium,Low,Yes,9,50,Medium,Yes,0,High,High,Public,Neutral,1,No,College,Near,Female,65
25,84,Medium,Medium,Yes,7,63,Low,No,0,Medium,Medium,Public,Neutral,2,No,Postgraduate,Moderate,Male,56
25,73,Medium,Medium,No,7,54,Medium,Yes,1,Medium,High,Private,Neutral,4,No,Postgraduate,Moderate,Male,56
26,78,High,Medium,No,7,82,Medium,Yes,1,Medium,Medium,Private,Positive,2,No,High School,Moderate,Female,70
23,100,High,Low,Yes,7,79,Medium,No,1,Medium,Medium,Public,Neutral,3,No,High School,Near,Female,74
19,83,Medium,High,Yes,6,56,High,No,0,Medium,High,Private,Negative,2,No,High School,Far,Female,49
19,90,Medium,Medium,Yes,8,85,Low,Yes,0,High,Low,Public,Neutral,4,No,High School,Near,Female,63
17,86,High,Low,Yes,8,63,Medium,Yes,0,Low,Medium,Public,Positive,2,No,High School,Near,Male,50
36,83,High,High,No,10,77,Medium,Yes,1,Medium,Medium,Public,Positive,2,No,High School,Moderate,Male,86
23,81,Medium,Low,Yes,8,80,Medium,No,2,Medium,High,Public,Neutral,4,No,College,Moderate,Female,65
17,90,High,Low,Yes,8,69,High,Yes,1,Low,Low,Public,Negative,3,No,College,Near,Female,56
23,88,High,Low,Yes,8,84,Medium,Yes,2,Low,High,Public,Positive,1,No,College,Near,Male,75
14,83,High,High,Yes,6,70,Low,Yes,2,Low,Low,Private,Neutral,3,No,High School,Moderate,Female,51
29,72,Low,Low,Yes,5,76,Medium,Yes,2,Low,High,Private,Neutral,1,No,High School,Near,Female,63
16,84,High,High,Yes,6,68,Medium,Yes,4,Medium,Low,Public,Neutral,3,No,Postgraduate,Far,Male,61
23,79,Medium,Medium,Yes,8,48,High,Yes,4,High,Low,Public,Neutral,4,No,High School,Near,Male,57
26,77,Medium,Medium,No,9,70,High,Yes,1,Medium,High,Public,Neutral,2,No,High School,Near,Male,65
22,100,Medium,Medium,Yes,8,61,Medium,Yes,0,Low,High,Public,Neutral,4,No,High School,Moderate,Female,64
21,63,Medium,Low,No,7,90,Medium,Yes,2,Medium,Medium,Public,Positive,4,No,High School,Moderate,Female,60
20,91,High,Medium,Yes,9,54,Medium,Yes,0,Low,Medium,Public,Positive,4,No,College,Moderate,Female,55
20,71,Medium,Medium,No,6,88,High,Yes,1,Low,Low,Private,Neutral,1,No,High School,Near,Female,58
17,81,Low,Medium,Yes,5,70,Medium,No,2,Low,High,Public,Positive,3,No,College,Near,Male,52
17,100,Medium,Low,No,7,77,Medium,Yes,4,Low,,Public,Positive,4,No,High School,Near,Female,73
29,69,Low,High,No,9,54,Medium,Yes,2,High,High,Public,Neutral,2,No,,Near,Female,59
19,72,Medium,Medium,No,6,68,Low,Yes,2,Medium,High,Public,Positive,1,No,High School,Near,Female,50
15,80,Medium,Medium,Yes,5,63,High,Yes,2,Low,Medium,Public,Positive,4,No,High School,Far,Female,48
17,71,Medium,Medium,No,7,99,Low,Yes,1,Medium,Medium,Private,Negative,4,No,College,Near,Female,60
27,90,Low,Medium,Yes,8,63,High,Yes,1,Medium,High,Public,Neutral,5,No,College,Far,Female,69
24,74,Low,Medium,Yes,4,87,Medium,Yes,0,High,Medium,Public,Negative,1,No,College,Near,Female,60
23,87,Medium,Low,Yes,8,87,Low,Yes,1,Medium,High,Public,Negative,3,No,College,Near,Male,68
18,65,Medium,Medium,Yes,5,87,High,Yes,0,High,Medium,Public,Neutral,2,No,College,Moderate,Male,56
23,60,High,Low,Yes,8,64,High,Yes,4,Medium,Medium,Private,Neutral,2,No,High School,Moderate,Male,53
16,77,High,Low,Yes,4,95,Low,No,3,Medium,Medium,Public,Positive,3,No,Postgraduate,Moderate,Female,60
18,63,Medium,Low,No,5,98,Low,Yes,0,Medium,Medium,Public,Positive,3,No,High School,Far,Male,52
26,97,Medium,Low,Yes,8,77,Medium,Yes,0,Low,Medium,Private,Positive,3,No,High School,Moderate,Male,73
25,63,Low,Medium,Yes,9,66,Medium,Yes,0,Medium,High,Public,Negative,5,No,Postgraduate,Moderate,Male,50
14,69,High,Medium,No,7,61,Low,Yes,2,Medium,Medium,Private,Negative,1,No,Postgraduate,Near,Female,40
15,85,Medium,Medium,No,10,78,Medium,No,1,Low,Medium,Public,Neutral,3,No,College,Moderate,Female,52
21,74,Low,Medium,Yes,6,73,Medium,Yes,1,Low,Medium,Private,Positive,1,Yes,College,Near,Female,49
30,63,Medium,Medium,Yes,6,74,High,Yes,0,Low,Low,Private,Neutral,3,No,,Far,Male,58
9,100,Medium,Medium,No,7,54,High,Yes,2,Medium,Medium,Public,Negative,3,Yes,High School,Near,Female,40
22,69,Medium,High,Yes,7,72,Low,Yes,2,Medium,Medium,Public,Positive,5,No,College,Far,Female,59
12,78,Low,High,No,7,87,Medium,Yes,3,Low,Medium,Private,Negative,3,No,Postgraduate,Near,Female,56
16,78,Medium,High,Yes,6,83,Medium,Yes,2,Low,Low,Private,Positive,3,No,High School,Near,Female,59
18,88,Low,High,Yes,8,67,Medium,Yes,1,Low,Low,Public,Positive,0,No,Postgraduate,Moderate,Male,55
17,85,Medium,High,No,8,71,Low,Yes,1,Low,High,Public,Neutral,4,No,Postgraduate,Moderate,Female,57
17,71,High,Medium,Yes,9,53,Medium,Yes,3,Medium,Medium,Public,Positive,4,No,High School,Moderate,Female,45
20,76,High,Medium,Yes,6,63,High,Yes,1,Low,High,Private,Positive,3,No,High School,Near,Male,58
17,78,Medium,Medium,No,7,68,Low,Yes,4,Medium,Low,Private,Negative,3,Yes,High School,Near,Female,44
11,88,Low,Low,No,8,80,Low,Yes,1,Low,High,Public,Negative,2,No,High School,Far,Male,43
25,67,Medium,Medium,Yes,7,63,Medium,Yes,3,Medium,Medium,Private,Neutral,2,No,College,Moderate,Female,55
25,100,Medium,High,Yes,7,59,High,Yes,0,Low,Medium,Public,Positive,2,No,Postgraduate,Near,Male,75
25,72,High,Medium,Yes,4,82,Medium,No,0,Medium,Medium,Public,Positive,2,Yes,High School,Near,Male,55
11,80,Medium,Low,Yes,7,67,Low,No,0,Low,Medium,Public,Neutral,3,No,High School,Near,Male,34
22,67,Medium,Medium,Yes,8,61,High,Yes,0,Medium,Medium,Public,Neutral,5,No,Postgraduate,Near,Female,52
24,66,High,Low,Yes,7,83,Medium,Yes,1,High,High,Public,Negative,2,No,College,Far,Female,61
14,70,Medium,Medium,Yes,6,78,Medium,Yes,0,Medium,Medium,Public,Negative,3,No,High School,Near,Male,44
20,69,Medium,Medium,No,5,69,Low,No,2,Low,Low,Public,Positive,3,Yes,High School,Near,Male,39
19,75,High,Medium,Yes,8,67,Low,Yes,2,Low,Medium,Public,Positive,3,No,College,Near,Female,54
31,69,Low,Medium,Yes,7,77,Medium,No,0,Low,Medium,Public,Positive,3,Yes,High School,Near,Male,58
32,88,Medium,Low,Yes,9,79,High,No,2,Low,Medium,Public,Neutral,5,No,College,Near,Female,80
10,71,High,Medium,Yes,5,75,Medium,Yes,1,Medium,Medium,Public,Positive,3,No,High School,Near,Male,44
35,70,Medium,Low,Yes,6,74,High,Yes,2,Medium,Medium,Public,Negative,4,No,High School,Near,Male,74
15,76,Medium,Medium,No,5,64,Medium,Yes,3,Medium,Low,Public,Neutral,3,No,High School,Moderate,Male,44
26,91,Low,Medium,Yes,8,65,Medium,Yes,1,Low,Medium,Private,Negative,5,No,High School,Near,Female,65
26,82,Medium,Low,No,9,70,Medium,Yes,2,Low,Medium,Public,Positive,5,No,High School,Near,Male,66
14,79,Medium,High,Yes,10,60,Medium,Yes,2,Low,Medium,Private,Neutral,4,No,College,Far,Male,45
23,64,Medium,Medium,Yes,8,58,Low,Yes,3,Medium,Medium,Private,Neutral,4,No,College,Moderate,Male,48
19,67,Medium,Low,Yes,8,71,High,Yes,2,Low,High,Private,Neutral,4,No,,Near,Female,51
23,66,Medium,Medium,Yes,8,85,Low,Yes,1,High,Low,Public,Negative,2,Yes,High School,Moderate,Female,45
21,94,Medium,Low,No,8,45,High,No,1,Low,Medium,Public,Negative,3,Yes,High School,Far,Male,41
27,86,High,Low,Yes,7,67,High,Yes,0,Medium,Medium,Public,Negative,6,No,High School,Near,Female,68
20,71,Medium,High,No,8,76,Low,No,3,High,Medium,Public,Neutral,4,No,High School,Far,Male,55
19,74,Medium,Medium,Yes,10,86,Low,No,2,High,Low,Public,Neutral,2,No,Postgraduate,Moderate,Female,54
27,71,High,High,No,7,95,Medium,Yes,1,Low,Medium,Private,Neutral,1,No,College,Near,Male,76
23,70,Low,Medium,Yes,7,69,Medium,Yes,4,Medium,Medium,Public,Negative,2,No,College,Far,Male,55
24,85,Medium,High,Yes,7,98,Medium,Yes,2,High,High,Public,Positive,2,No,High School,Moderate,Female,84
16,77,Low,High,Yes,7,78,Medium,Yes,2,Low,Medium,Private,Neutral,3,No,College,Near,Female,56
14,100,Medium,Low,Yes,7,83,High,Yes,2,Medium,Medium,Public,Negative,1,No,High School,Near,Female,64
17,94,High,Low,No,7,58,Medium,Yes,0,High,Medium,Public,Positive,1,No,College,Near,Male,56
16,94,Medium,Medium,Yes,9,78,Medium,No,2,High,Medium,Public,Neutral,3,No,College,Moderate,Female,62
25,87,High,Medium,Yes,8,84,High,Yes,0,High,Medium,Private,Neutral,1,No,High School,Near,Female,75
26,75,Low,Medium,Yes,10,63,High,Yes,1,Medium,High,Public,Neutral,3,No,High School,Moderate,Male,59
19,87,Medium,Low,No,7,40,Medium,Yes,4,Medium,High,Public,Positive,5,No,College,Moderate,Female,52
29,76,Medium,High,Yes,7,74,High,Yes,1,Low,Medium,Private,Positive,3,Yes,College,Near,Male,67
28,98,Low,Low,Yes,7,69,High,Yes,0,High,High,Public,Neutral,4,No,High School,Near,Female,76
21,84,Medium,High,No,7,89,High,Yes,0,Medium,Medium,Public,Negative,4,No,High School,Near,Female,71
15,83,Medium,Medium,No,9,65,High,Yes,2,Medium,Medium,Private,Neutral,1,No,Postgraduate,Near,Female,51
29,81,Medium,Low,Yes,5,63,Low,No,2,High,,Public,Neutral,0,No,College,Far,Male,56
20,99,High,High,No,8,57,High,No,2,Low,Medium,Public,Negative,4,No,High School,Moderate,Female,63
21,64,High,Medium,Yes,10,64,High,Yes,1,High,Medium,Private,Neutral,4,Yes,High School,Near,Male,45
18,100,Medium,Medium,No,9,100,Medium,Yes,0,Medium,High,Private,Positive,4,No,College,Near,Male,80
15,78,High,High,No,9,51,Medium,Yes,2,Low,Medium,Public,Negative,3,No,College,Near,Male,44
11,65,Low,Low,Yes,8,55,Medium,Yes,0,Low,Medium,Private,Positive,2,No,College,Far,Male,24
24,72,Medium,Low,No,6,71,Medium,Yes,0,Medium,Medium,Public,Negative,3,No,High School,Far,Female,51
15,62,Medium,Low,No,6,98,Low,Yes,3,Medium,High,Private,Positive,4,No,High School,Near,Male,57
38,87,Medium,Low,No,6,82,Medium,Yes,3,Low,High,Private,Positive,2,No,College,Moderate,Female,93
13,69,Medium,High,No,5,92,Medium,Yes,0,Low,Medium,Public,Positive,2,Yes,High School,Moderate,Female,45
12,82,Medium,High,Yes,8,67,Medium,No,1,Low,Medium,Public,Positive,1,No,,Far,Male,43
23,92,High,Medium,Yes,9,54,High,Yes,2,High,Medium,Public,Positive,1,No,High School,Near,Male,66
29,73,Medium,Medium,Yes,8,66,Low,Yes,1,Low,Medium,Public,Positive,2,No,High School,Near,Male,61
20,77,High,High,No,8,70,High,Yes,2,Medium,High,Public,Neutral,3,No,College,Moderate,Male,64
23,66,Medium,Low,No,7,72,Medium,Yes,3,Low,Medium,Public,Negative,5,No,High School,Moderate,Female,53
9,76,Medium,Low,Yes,8,69,High,No,0,Low,Low,Public,Neutral,2,No,College,Near,Male,31
16,100,Medium,High,No,4,80,Low,Yes,1,High,Medium,Public,Neutral,2,No,College,Moderate,Female,65
14,89,Medium,Medium,No,7,63,Low,No,2,Medium,Medium,Public,Positive,3,No,Postgraduate,Moderate,Male,50
9,77,Medium,Low,No,6,60,Medium,Yes,0,Medium,Medium,Public,Neutral,2,No,High School,Moderate,Male,29
21,73,High,Medium,Yes,7,56,Medium,Yes,3,High,Medium,Public,Neutral,4,No,High School,Moderate,Male,54
7,80,Medium,Low,Yes,7,75,Medium,Yes,3,High,High,Public,Neutral,4,Yes,High School,Moderate,Male,37
12,81,Low,Medium,No,6,73,Medium,Yes,1,High,High,Public,Negative,4,No,High School,Moderate,Female,47
17,75,High,Medium,No,5,86,Medium,Yes,1,High,Medium,Public,Neutral,1,No,College,Moderate,Male,60
15,86,Medium,Low,Yes,6,92,High,Yes,0,Medium,Medium,Public,Negative,2,No,Postgraduate,Moderate,Female,61
22,70,High,High,No,5,56,Medium,Yes,4,High,High,Public,Neutral,4,No,College,Near,Male,60
22,69,Medium,Medium,Yes,5,72,Low,Yes,0,Medium,Medium,Public,Neutral,3,No,College,Near,Male,50
25,84,Medium,Medium,Yes,6,69,High,Yes,1,High,Low,Private,Neutral,0,No,High School,Near,Female,65
25,67,Medium,Medium,No,5,52,Medium,No,3,High,High,Public,Positive,5,No,High School,Near,Male,52
27,88,Medium,Medium,No,8,65,Medium,Yes,4,Medium,Medium,Private,Negative,3,Yes,College,Moderate,Female,64
20,80,Medium,Low,Yes,6,92,Medium,Yes,1,Low,Low,Private,Neutral,3,No,College,Near,Male,62
22,60,Low,Low,Yes,4,64,Medium,Yes,0,High,Medium,Private,Negative,3,Yes,High School,Far,Male,30
23,81,High,Medium,Yes,6,62,Medium,Yes,2,Medium,Medium,Private,Positive,3,No,High School,Near,Female,62
21,61,Medium,Medium,Yes,5,71,Low,Yes,1,High,Medium,Public,Neutral,4,No,High School,Near,Female,45
18,88,Medium,Low,No,9,84,Low,Yes,2,Medium,Medium,Public,Positive,3,Yes,High School,Far,Male,53
18,77,Medium,High,Yes,7,68,Medium,Yes,0,Medium,High,Public,Positive,3,No,High School,Near,Male,57
15,100,Medium,High,No,5,74,Low,Yes,2,High,Low,Private,Neutral,6,Yes,High School,Moderate,Female,57
23,92,Low,Low,No,8,42,High,No,1,Low,Medium,Public,Positive,1,No,High School,Near,Male,49
19,68,Medium,Low,No,7,79,High,Yes,1,Low,High,Public,Neutral,3,No,,Moderate,Female,54
16,60,Low,Medium,Yes,7,75,Low,Yes,1,High,Low,Public,Neutral,3,No,Postgraduate,Near,Male,42
16,72,Low,Low,No,9,84,Medium,Yes,3,Medium,High,Public,Neutral,4,No,,Near,Male,54
13,67,Low,High,Yes,6,48,Medium,Yes,4,Medium,Medium,Public,Positive,5,No,High School,Moderate,Female,38
26,100,High,Medium,Yes,8,68,Low,Yes,2,Medium,Medium,Public,Neutral,3,No,High School,Near,Male,75
20,80,Low,Low,Yes,6,85,Low,Yes,1,Medium,Low,Private,Positive,2,No,High School,Near,Female,57
15,90,High,Medium,Yes,7,65,Medium,Yes,3,Low,Medium,Private,Neutral,3,No,High School,Near,Male,58
25,77,High,Low,Yes,6,73,Low,Yes,3,High,Medium,Public,Negative,3,No,Postgraduate,Moderate,Male,65
17,78,Low,Medium,No,6,67,High,Yes,1,Medium,High,Private,Neutral,4,No,High School,Far,Female,50
12,80,Medium,Low,Yes,6,67,High,Yes,4,High,Medium,Public,Neutral,4,Yes,High School,Far,Female,43
26,92,Medium,High,Yes,4,87,Medium,Yes,1,High,High,Public,Positive,3,No,High School,Far,Female,83
17,83,High,Medium,Yes,7,53,High,Yes,3,Low,Medium,Private,Positive,2,No,Postgraduate,Far,Male,55
18,68,Medium,High,Yes,7,71,Low,Yes,1,High,Low,Private,Neutral,3,No,College,Near,Male,49
20,98,Medium,Low,No,5,75,Medium,No,6,Low,High,Public,Negative,3,No,College,Near,Male,72
27,77,Medium,Medium,Yes,8,84,Low,Yes,2,High,Medium,Public,Neutral,1,No,High School,Moderate,Male,69
20,75,High,High,Yes,9,70,Medium,Yes,0,Medium,Low,Public,Negative,1,No,Postgraduate,Far,Male,53
13,60,Low,Medium,Yes,6,85,Medium,No,0,Low,Low,Public,Positive,4,No,College,Far,Male,38
23,87,High,Medium,Yes,6,71,Low,Yes,3,Medium,High,Public,Positive,2,No,Postgraduate,Near,Male,72
17,81,Low,High,No,9,74,Medium,Yes,2,High,Low,Private,Neutral,1,No,College,Moderate,Male,55
31,81,Medium,High,Yes,8,73,Medium,Yes,0,High,Medium,Public,Neutral,3,No,Postgraduate,Far,Male,75
20,76,Medium,High,No,7,81,Low,Yes,0,Low,High,Public,Neutral,2,No,High School,Moderate,Female,57
7,74,Low,Medium,Yes,8,79,High,Yes,2,Medium,Medium,Public,Positive,3,Yes,Postgraduate,Far,Female,37
22,76,Low,Medium,No,7,58,Low,Yes,1,Low,High,Private,Positive,4,No,High School,Moderate,Female,50
32,85,Medium,Medium,No,9,75,Low,Yes,1,Low,Low,Private,Positive,2,No,High School,Moderate,Female,72
29,87,High,Medium,Yes,7,79,Low,No,1,Low,,Public,Negative,4,No,High School,Far,Male,70
31,77,Medium,Low,Yes,8,91,Medium,Yes,1,Medium,Low,Public,Negative,4,No,College,Near,Male,75
14,90,Low,High,Yes,9,59,High,No,0,Low,Medium,Private,Neutral,2,No,College,Near,Male,45
25,79,Medium,Medium,Yes,4,79,High,Yes,2,Medium,High,Public,Positive,5,No,High School,Near,Male,75
16,74,Low,Medium,Yes,9,67,Medium,Yes,0,High,High,Public,Positive,2,No,High School,Near,Male,45
21,82,Medium,High,Yes,6,74,Medium,Yes,1,Medium,Low,Private,Neutral,3,No,College,Moderate,Female,62
12,65,High,High,Yes,8,58,High,No,1,Low,Medium,Private,Neutral,2,No,High School,Moderate,Male,33
16,83,High,Low,Yes,9,72,High,No,1,High,Medium,Public,Positive,2,No,High School,Moderate,Male,53
16,63,High,Medium,Yes,7,76,High,Yes,3,Medium,,Public,Positive,5,No,High School,Near,Male,56
25,69,Medium,Medium,Yes,6,59,Low,No,3,Medium,Low,Public,Neutral,5,No,High School,Near,Female,50
25,60,Medium,Low,Yes,7,91,Medium,Yes,0,High,High,Public,Positive,4,No,College,Far,Male,64
22,78,High,Low,Yes,5,52,Low,Yes,0,Low,High,Public,Neutral,2,No,College,Near,Female,46
12,98,Low,Medium,Yes,10,79,Medium,Yes,2,Low,Low,Public,Negative,2,No,High School,Moderate,Male,51
18,79,Low,High,Yes,7,40,High,Yes,1,Low,High,Public,Neutral,1,No,High School,Near,Female,41
16,87,Medium,High,Yes,9,69,Medium,Yes,0,Low,High,Public,Positive,3,No,High School,Moderate,Male,55
25,100,High,Medium,Yes,7,78,High,Yes,2,Low,Medium,Private,Positive,1,No,College,Near,Male,84
27,84,Medium,Medium,No,7,81,Medium,Yes,1,Medium,Medium,Public,Positive,3,No,College,Near,Female,76
26,72,High,Low,No,8,71,Medium,Yes,4,Low,Medium,Public,Neutral,4,No,High School,Far,Male,63
15,73,Medium,High,Yes,5,69,High,Yes,2,Medium,Medium,Public,Neutral,2,No,Postgraduate,Far,Male,51
4,80,Medium,High,No,7,79,Low,Yes,5,Low,Low,Public,Positive,3,No,High School,Near,Male,45
9,73,Medium,High,Yes,8,84,Low,Yes,1,Low,Medium,Public,Positive,2,No,Postgraduate,Near,Male,48
29,74,High,Medium,No,7,90,Medium,Yes,1,Medium,Low,Public,Negative,4,No,College,Near,Male,76
18,91,Low,Low,No,6,55,High,Yes,2,Low,High,Public,Negative,3,No,College,Near,Male,52
15,91,High,Medium,Yes,9,69,Medium,Yes,1,High,Medium,Public,Negative,2,No,College,Near,Female,56
30,62,Medium,Medium,Yes,9,43,Low,Yes,3,Low,Medium,Public,Negative,1,No,College,Near,Female,45
28,71,High,Medium,Yes,9,54,Medium,Yes,2,Low,Medium,Private,Positive,5,No,Postgraduate,Near,Female,63
20,75,High,Low,No,6,63,Medium,No,0,Low,Medium,Public,Neutral,2,No,High School,Moderate,Female,44
18,87,Medium,Low,No,6,83,Medium,No,0,High,High,Private,Neutral,2,No,College,Near,Female,59
19,93,Medium,Medium,No,6,66,Low,Yes,1,Medium,Medium,Public,Neutral,4,Yes,High School,Near,Male,52
21,100,Medium,High,No,8,68,Low,Yes,1,Low,Medium,Public,Positive,3,No,Postgraduate,Near,Male,71
30,75,High,Medium,No,5,76,Medium,Yes,2,Medium,Medium,Private,Positive,4,No,High School,Near,Female,74
23,75,High,High,Yes,5,63,Medium,No,2,High,Medium,Private,Positive,3,No,High School,Near,Male,60
24,86,Medium,Low,No,6,46,Low,Yes,0,Medium,High,Public,Negative,3,No,College,Near,Female,48
27,72,Low,Medium,Yes,6,62,High,Yes,3,Low,Medium,Public,Positive,4,No,Postgraduate,Moderate,Male,65
13,78,High,Medium,Yes,8,70,High,No,2,Low,Medium,Private,Neutral,3,No,College,Near,Female,49
25,75,High,Low,No,8,78,Low,No,2,High,Low,Private,Neutral,2,No,High School,Near,Male,59
18,60,Medium,Medium,Yes,6,69,Medium,Yes,1,Low,Medium,Public,Negative,2,No,High School,Near,Male,40
5,81,High,Low,Yes,7,78,Medium,Yes,0,Medium,Medium,Public,Neutral,0,No,Postgraduate,Moderate,Male,40
7,78,Medium,High,No,4,84,Medium,Yes,0,Medium,Low,Private,Positive,4,No,College,Near,Male,47
14,94,Medium,High,Yes,6,87,Medium,Yes,0,Low,High,Public,Positive,2,No,High School,Near,Male,67
23,80,Medium,Low,Yes,9,74,Medium,Yes,1,Low,Medium,Public,Negative,1,No,Postgraduate,Moderate,Male,57
21,66,Low,Medium,Yes,6,57,Medium,Yes,0,High,High,Public,Positive,4,No,College,Moderate,Female,47
21,77,Medium,Medium,Yes,5,56,Low,Yes,2,High,Low,Public,Positive,3,No,College,Near,Male,51
32,60,Medium,Low,No,9,57,Medium,Yes,1,High,Medium,Public,Neutral,4,Yes,High School,Moderate,Male,48
12,67,Low,Medium,No,5,58,Medium,Yes,1,Medium,Medium,Public,Neutral,0,No,College,Moderate,Male,30
20,87,Medium,High,Yes,9,73,Low,Yes,1,Low,Medium,Private,Positive,3,No,Postgraduate,Near,Male,62
22,77,Medium,High,Yes,10,97,Medium,Yes,1,Medium,Medium,Public,Neutral,2,No,Postgraduate,Near,Female,72
16,90,High,Low,Yes,7,75,Low,No,1,Medium,Medium,Public,Neutral,4,No,High School,Far,Female,52
20,60,High,Medium,Yes,9,71,Medium,Yes,0,Medium,Medium,Public,Positive,3,No,College,Near,Female,49
10,77,Medium,Low,Yes,5,85,Low,Yes,1,Medium,Medium,Public,Positive,5,No,High School,Near,Female,47
28,75,High,Low,Yes,5,61,Medium,Yes,1,Medium,Medium,Public,Positive,5,No,College,Near,Female,63
16,91,Low,Low,No,6,86,Medium,No,2,Low,High,Public,Neutral,4,No,College,Moderate,Female,61
32,87,Low,Low,No,8,85,Medium,Yes,3,Low,Low,Private,Positive,3,Yes,High School,Far,Male,73
20,87,Medium,Medium,No,7,73,Medium,No,0,Medium,Medium,Public,Positive,1,No,Postgraduate,Far,Female,59
26,97,Medium,Medium,No,7,99,Medium,Yes,1,Medium,High,Public,Positive,4,No,Postgraduate,Near,Male,95
20,76,High,Medium,Yes,5,86,High,No,2,Medium,Medium,Private,Neutral,6,No,High School,Far,Male,64
20,95,Medium,Medium,Yes,7,73,Medium,Yes,1,Medium,Medium,Public,Negative,5,Yes,High School,Far,Female,57
16,69,Low,Low,Yes,6,70,Medium,Yes,0,High,Low,Public,Positive,2,No,High School,Near,Female,40
21,68,Medium,High,No,6,66,High,Yes,1,Low,Low,Public,Positive,3,No,High School,Moderate,Male,52
22,88,Low,High,Yes,6,70,Medium,Yes,1,High,Medium,Private,Positive,5,No,High School,Near,Female,68
15,63,Medium,Low,No,7,71,Medium,Yes,2,Low,Medium,Private,Positive,2,No,College,Near,Male,44
19,86,Low,Medium,Yes,6,68,Medium,Yes,0,Low,Medium,Public,Neutral,3,No,High School,Near,Female,54
16,81,Medium,Low,No,7,69,Medium,Yes,2,Low,Medium,Public,Neutral,2,No,High School,Far,Female,48
34,92,High,High,Yes,5,56,Low,Yes,0,Medium,Low,Public,Positive,2,No,College,Near,Male,75
19,79,Low,Medium,Yes,8,65,Medium,Yes,1,Medium,,Public,Positive,3,No,Postgraduate,Near,Male,54
29,81,Medium,Low,No,7,51,Medium,Yes,1,Low,Medium,Public,Negative,4,No,High School,Near,Female,56
19,86,Medium,Medium,Yes,7,77,Medium,Yes,2,Low,Low,Public,Positive,2,No,College,Near,Female,64
22,73,Medium,Medium,No,7,73,Low,Yes,1,Low,High,Public,Neutral,4,Yes,High School,Moderate,Male,47
12,72,Medium,Low,No,8,70,High,No,2,Low,Medium,Public,Positive,4,No,High School,Moderate,Male,43
17,85,Medium,Medium,Yes,5,84,Medium,No,2,Medium,Medium,Public,Positive,4,No,High School,Near,Female,62
21,80,High,Medium,No,7,61,Medium,Yes,1,Medium,Medium,Public,Positive,3,No,High School,Near,Male,59
30,76,Low,Low,No,5,63,Low,Yes,4,Low,High,Public,Neutral,5,No,High School,Near,Male,64
21,79,High,Low,Yes,7,53,Medium,Yes,0,Medium,Medium,Private,Positive,2,No,College,Moderate,Female,49
28,98,Low,High,No,7,85,Low,No,3,Medium,High,Private,Positive,3,No,College,Near,Male,86
24,75,Medium,High,No,7,80,Medium,Yes,2,Low,Medium,Public,Negative,3,No,High School,Near,Female,65
30,75,Medium,Medium,Yes,8,89,High,Yes,3,Low,Medium,Public,Positive,3,No,College,Far,Male,81
20,61,Low,Medium,Yes,8,93,Medium,Yes,1,Low,Medium,Public,Negative,4,No,,Far,Male,52
34,80,Low,Medium,Yes,9,66,High,Yes,4,Low,Medium,Private,Neutral,1,No,High School,Near,Male,76
17,87,Low,Medium,Yes,6,63,Medium,Yes,2,Low,High,Private,Positive,3,No,High School,Moderate,Female,53
15,89,Low,Medium,Yes,8,49,Low,No,1,Low,High,Private,Negative,2,Yes,College,Far,Female,28
13,81,Medium,Low,No,8,58,High,Yes,0,Low,Medium,Private,Negative,4,No,High School,Near,Male,39
34,91,Low,Low,Yes,6,68,High,Yes,0,Medium,Medium,Private,Neutral,5,No,College,Near,Male,77
25,88,High,Low,Yes,7,45,Medium,Yes,1,Medium,Medium,Public,Neutral,2,No,High School,Moderate,Male,55
18,92,High,Medium,No,7,58,Low,Yes,2,High,Medium,Public,Neutral,4,No,College,Far,Female,58
27,91,Medium,Medium,Yes,9,71,Medium,Yes,2,High,High,Private,Neutral,6,No,Postgraduate,Far,Male,77
24,97,Low,Medium,Yes,8,84,Low,Yes,3,Low,High,Private,Positive,3,No,High School,Near,Female,78
32,78,Medium,Medium,Yes,7,63,High,Yes,2,High,Medium,Public,Negative,3,No,High School,Far,Male,71
11,65,High,High,No,6,74,Medium,Yes,1,Medium,Medium,Public,Positive,4,No,College,Near,Male,47
18,87,Medium,Low,Yes,8,96,Low,Yes,2,Medium,High,Public,Negative,4,No,High School,Moderate,Male,67
17,89,Low,Medium,Yes,9,49,Low,No,1,Medium,Medium,Public,Negative,5,No,College,Near,Female,41
8,97,High,High,No,7,86,Low,Yes,1,Medium,Medium,Public,Negative,5,No,High School,Moderate,Female,58
26,94,Medium,Medium,Yes,8,77,High,Yes,0,Medium,Low,Private,Positive,2,No,High School,Near,Male,75
18,100,Medium,Medium,No,9,88,Low,Yes,2,Medium,High,Public,Neutral,4,No,High School,Near,Male,74
24,87,High,Low,No,7,85,Medium,Yes,0,High,Medium,Private,Neutral,3,No,High School,Near,Female,72
34,83,High,High,Yes,7,63,Medium,Yes,0,Medium,High,Public,Neutral,3,No,High School,Near,Male,78
18,65,Medium,Medium,Yes,8,72,Medium,Yes,0,Low,Low,Public,Neutral,3,Yes,Postgraduate,Near,Female,38
17,83,Medium,High,No,6,53,Medium,Yes,2,Medium,Medium,Public,Negative,4,No,College,Near,Male,49
21,74,Medium,High,No,9,65,Low,Yes,1,Medium,High,Public,Positive,2,No,College,Near,Male,53
26,82,Low,High,Yes,6,72,Low,No,1,Medium,Medium,Public,Neutral,5,No,Postgraduate,Moderate,Male,64
17,81,Medium,Low,No,7,76,Medium,Yes,1,Low,Medium,Private,Neutral,3,No,High School,Moderate,Male,52
16,85,Low,Medium,Yes,10,82,High,No,3,Low,Medium,Public,Neutral,4,No,High School,Near,Female,58
26,79,Medium,Low,Yes,4,93,Medium,No,1,Medium,Low,Private,Positive,4,Yes,High School,Near,Male,63
22,90,High,Low,No,7,66,Low,No,0,Low,Low,Private,Positive,2,No,High School,Moderate,Female,53
8,60,High,Low,Yes,6,87,Medium,Yes,3,Low,Medium,Public,Positive,2,No,High School,Near,Male,42
13,82,High,Medium,No,7,75,Low,Yes,2,Medium,Medium,Private,Positive,4,No,College,Moderate,Male,55
29,93,Low,Medium,No,5,55,High,No,1,Low,High,Private,Positive,1,No,High School,Moderate,Female,64
22,100,Low,Medium,Yes,6,70,Medium,Yes,2,High,High,Private,Negative,3,Yes,High School,Near,Female,62
15,88,Medium,Medium,No,7,74,High,Yes,2,Low,Low,Public,Positive,2,No,College,Near,Female,60
19,99,Medium,Low,No,7,61,Medium,Yes,2,Low,Medium,Public,Positive,3,No,College,Far,Male,60
20,82,Low,Medium,Yes,8,58,Medium,Yes,2,Medium,Low,Private,Positive,3,No,College,Moderate,Female,53
24,80,High,Medium,No,4,58,Medium,No,1,Low,Medium,Private,Neutral,5,No,High School,Near,Male,54
12,86,Medium,Low,Yes,7,65,Low,Yes,0,Low,Medium,Private,Negative,4,No,College,Near,Male,40
15,80,Low,Medium,Yes,7,61,Low,Yes,1,Low,Medium,Private,Positive,1,No,College,Moderate,Female,42
22,71,Medium,Medium,No,7,88,High,Yes,0,Low,High,Private,Positive,3,No,Postgraduate,Moderate,Female,68
19,74,High,Medium,Yes,7,40,High,Yes,3,Medium,Low,Public,Negative,4,No,High School,Near,Male,44
23,68,Medium,High,No,6,73,Low,Yes,0,Medium,Medium,Private,Positive,3,No,College,Moderate,Male,55
13,86,Low,Medium,Yes,5,79,High,Yes,1,Medium,High,Private,Positive,3,No,College,Near,Female,60
22,80,Medium,Medium,No,7,59,Medium,Yes,0,Low,Low,Private,Negative,2,No,High School,Far,Male,47
27,76,High,High,Yes,6,69,High,No,0,Medium,High,Public,Neutral,4,No,Postgraduate,Moderate,Male,69
23,74,Low,Low,No,8,68,High,No,3,Medium,High,Private,Positive,2,No,College,Far,Female,58
21,86,Medium,Medium,Yes,6,71,High,Yes,5,Medium,Medium,Private,Negative,3,No,College,Far,Male,67
19,89,Medium,High,Yes,8,81,Medium,Yes,2,Medium,Medium,Private,Positive,2,No,High School,Moderate,Female,69
15,68,Medium,High,Yes,7,79,Medium,Yes,1,Medium,Low,Private,Neutral,4,Yes,High School,Near,Female,43
20,66,Low,Medium,Yes,7,64,Medium,Yes,0,Medium,Medium,Public,Positive,2,No,High School,Near,Male,46
28,90,High,Low,No,7,52,Low,No,0,Medium,Medium,Public,Positive,2,Yes,College,Moderate,Male,52
19,65,Medium,Medium,No,6,74,Medium,Yes,2,Low,Low,Private,Positive,3,No,College,Moderate,Male,50
15,86,Low,High,No,7,63,High,Yes,5,Low,Medium,Private,Positive,3,No,High School,,Male,60
17,98,Low,Medium,No,9,65,Low,Yes,1,Low,High,Public,Positive,3,No,College,Near,Male,58
21,98,Medium,Low,Yes,5,75,Medium,Yes,1,Medium,High,Public,Neutral,3,No,High School,Near,Female,67
18,88,Low,Low,Yes,6,66,Medium,Yes,0,Low,High,Public,Positive,1,No,College,Near,Female,52
23,88,High,High,Yes,8,76,Medium,No,1,High,Low,Public,Neutral,4,No,Postgraduate,Near,Male,69
23,100,High,Medium,Yes,8,100,Low,Yes,3,Low,Medium,Public,Positive,3,No,High School,Near,Female,89
25,60,Low,High,Yes,9,81,High,No,3,Low,Medium,Private,Positive,3,No,College,Near,Female,62
29,75,High,Medium,Yes,7,89,High,No,2,High,Low,Public,Positive,0,No,High School,Near,Female,78
26,89,High,Medium,No,5,79,Low,No,1,High,High,Public,Positive,3,No,College,Near,Male,75
14,76,Low,Low,Yes,5,73,Medium,Yes,3,Low,Medium,Public,Positive,2,Yes,College,Near,Female,42
15,94,Medium,Medium,Yes,7,79,Low,Yes,0,Medium,,Public,Positive,2,No,College,Near,Male,59
20,80,High,Medium,No,8,78,Low,Yes,1,Medium,High,Public,Negative,3,No,College,Far,Male,60
17,81,High,Low,Yes,7,83,Medium,Yes,0,Medium,Medium,Public,Neutral,4,Yes,College,,Female,52
13,77,Medium,Medium,Yes,7,73,Medium,Yes,0,Medium,High,Public,Neutral,5,No,High School,Near,Male,49
17,74,High,Low,No,8,55,Medium,No,0,High,Medium,Private,Negative,4,Yes,Postgraduate,Moderate,Male,34
17,74,Medium,High,No,7,53,Medium,Yes,0,Medium,High,Public,Neutral,3,No,High School,Near,Male,43
16,83,Medium,Low,No,6,78,Medium,Yes,1,Medium,High,Private,Positive,5,No,College,Near,Female,59
18,71,Low,Medium,No,6,57,High,Yes,0,Medium,High,Public,Positive,5,No,High School,Moderate,Female,46
27,90,Medium,Medium,No,8,81,High,Yes,2,High,High,Public,Neutral,3,No,College,Far,Male,80
21,87,Medium,Low,Yes,8,89,Low,Yes,2,High,Medium,Public,Negative,1,No,College,Near,Male,68
35,92,Medium,Medium,Yes,6,69,Medium,Yes,1,Medium,High,Public,Neutral,2,No,College,Near,Female,83
21,68,Low,High,No,6,88,Low,Yes,0,Medium,Medium,Private,Neutral,0,No,College,Far,Male,54
18,61,High,Medium,Yes,8,75,High,No,5,Medium,Low,Private,Positive,2,No,College,Moderate,Male,53
20,80,Medium,Medium,Yes,5,72,High,Yes,0,Low,Medium,Private,Neutral,3,No,High School,Near,Female,56
22,100,Medium,High,No,8,73,Medium,Yes,0,High,Low,Private,Neutral,1,No,College,Moderate,Male,69
23,94,Low,High,Yes,7,61,Medium,Yes,1,Low,Medium,Public,Positive,4,No,College,Moderate,Male,66
32,74,Low,High,Yes,5,60,High,Yes,1,Low,Medium,Private,Positive,3,No,High School,Near,Male,66
15,85,Low,Medium,Yes,9,51,Low,No,1,Low,Medium,Public,Positive,1,Yes,College,Near,Female,30
25,88,Medium,Medium,No,7,62,Medium,Yes,2,Medium,Low,Public,Negative,3,No,College,Moderate,Female,62
21,65,Low,Medium,Yes,8,100,Low,Yes,3,Low,Medium,Public,Positive,1,No,College,Near,Female,64
11,95,High,Medium,No,5,53,Low,Yes,0,Medium,Medium,Public,Positive,5,No,College,Moderate,Female,45
25,78,Medium,Medium,No,9,57,Medium,Yes,0,Low,Medium,Public,Neutral,1,Yes,College,Moderate,Female,45
28,79,Low,High,Yes,10,62,Low,Yes,2,High,Medium,Public,Positive,2,No,College,Near,Female,64
15,80,High,Medium,Yes,5,62,Low,Yes,2,High,Medium,Public,Positive,2,No,College,Moderate,Male,49
20,93,Medium,High,Yes,7,76,Low,No,0,Medium,Medium,Public,Positive,3,No,Postgraduate,Moderate,Male,64
10,72,Medium,High,No,9,64,High,Yes,0,High,Medium,Private,Positive,3,No,College,Moderate,Female,42
12,61,Low,Medium,No,6,69,Low,Yes,2,Low,Medium,Public,Positive,1,No,College,Near,Female,33
26,84,Medium,Low,Yes,8,61,Medium,No,0,Medium,Low,Public,Negative,3,Yes,High School,Moderate,Male,44
17,60,Medium,High,Yes,5,66,Low,Yes,1,Low,Medium,Private,Neutral,2,No,College,Near,Male,38
13,77,High,Low,Yes,6,71,High,Yes,0,High,High,Private,Positive,2,No,College,Moderate,Female,50
21,93,Medium,High,No,7,70,Low,Yes,0,Medium,Medium,Public,Positive,5,No,High School,Moderate,Male,66
17,86,High,Low,Yes,6,98,Medium,No,0,Medium,Medium,Private,Positive,3,No,College,Moderate,Female,65
17,91,Medium,Low,No,6,72,Medium,Yes,1,Medium,Low,Public,Negative,3,Yes,High School,Near,Male,47
24,87,High,Low,No,5,69,Medium,Yes,3,Medium,Low,Public,Positive,3,No,High School,Far,Male,64
13,100,Medium,Low,Yes,8,40,High,No,1,Low,Medium,Public,Positive,4,No,College,Far,Male,42
15,74,Medium,High,No,5,75,Low,Yes,3,Medium,Medium,Public,Positive,3,No,Postgraduate,Near,Female,57
21,84,Medium,Low,Yes,9,46,Low,Yes,1,Medium,Medium,Public,Positive,0,No,College,Moderate,Male,44
26,75,Medium,Low,Yes,6,79,Medium,No,1,Low,High,Public,Negative,3,No,High School,Near,Female,59
27,91,Low,Medium,Yes,8,74,Medium,Yes,0,Low,High,Public,Positive,3,No,High School,Near,Female,70
16,79,Medium,High,No,8,82,High,Yes,4,Medium,Low,Public,Neutral,2,No,Postgraduate,Near,Male,66
26,99,Medium,Medium,No,6,64,Low,Yes,0,Low,Medium,Private,Neutral,1,No,High School,Near,Male,64
15,74,Medium,High,Yes,6,72,High,Yes,0,Medium,High,Public,Negative,4,No,College,Near,Female,52
31,95,Low,Low,Yes,6,81,Low,Yes,1,High,High,Public,Negative,3,No,College,Near,Male,81
13,87,Low,High,Yes,6,60,Low,Yes,3,Low,Medium,Public,Negative,2,No,Postgraduate,Far,Female,44
28,80,Low,Medium,No,5,80,Medium,Yes,4,High,High,Public,Negative,3,Yes,College,Far,Female,67
16,86,Low,High,Yes,8,79,High,Yes,2,Medium,Medium,Public,Neutral,4,No,College,Moderate,Female,63
32,83,Low,Medium,No,6,70,Low,Yes,1,Medium,Medium,Private,Negative,4,No,College,Far,Male,67
24,84,Low,High,No,7,93,High,No,2,Low,Medium,Public,Neutral,5,No,High School,Moderate,Male,76
14,78,Medium,Medium,No,8,79,Low,No,0,High,Medium,Public,Positive,3,No,College,Near,Female,49
17,72,Medium,Medium,No,8,50,High,Yes,0,Medium,Medium,Private,Negative,4,No,College,Moderate,Male,39
25,76,High,Medium,No,6,85,Low,Yes,0,Medium,Medium,Private,Neutral,3,Yes,Postgraduate,Far,Female,60
26,61,High,Low,No,8,63,Low,Yes,0,High,Medium,Private,Neutral,4,No,Postgraduate,Near,Male,52
20,89,Low,High,No,8,82,High,Yes,0,Low,Low,Private,Positive,5,No,College,Moderate,Female,69
20,66,Medium,High,Yes,6,76,Low,Yes,1,Low,Medium,Private,Positive,3,No,High School,Moderate,Male,51
25,78,Medium,High,No,6,40,Medium,Yes,0,Low,Low,Private,Positive,1,No,High School,Moderate,Female,45
21,87,Medium,Medium,Yes,8,80,High,Yes,0,High,Medium,Public,Negative,3,No,High School,Near,Male,65
12,89,Medium,High,Yes,8,69,Low,Yes,1,High,High,Private,Neutral,3,No,High School,Moderate,Female,52
15,60,Medium,Medium,Yes,5,66,Medium,Yes,0,Medium,Medium,Public,Positive,4,No,High School,Near,Male,38
21,79,Medium,High,Yes,6,67,Medium,Yes,0,Medium,Medium,Private,Neutral,3,No,High School,Near,Male,56
27,85,Medium,Low,No,8,82,Low,No,0,High,Medium,Private,Negative,3,No,College,Near,Female,66
30,81,Medium,Medium,No,5,60,Low,Yes,1,Low,Medium,Private,Neutral,4,Yes,Postgraduate,Moderate,Female,57
25,95,Medium,Low,Yes,8,86,Low,Yes,2,Low,High,Public,Positive,2,No,College,Near,Female,78
22,71,High,Medium,Yes,10,52,Medium,Yes,1,High,High,Public,Negative,3,No,Postgraduate,Near,Male,51
24,60,High,Medium,Yes,8,76,Medium,Yes,0,Low,Medium,Public,Neutral,3,No,College,Near,Male,55
16,89,Medium,High,Yes,6,82,Medium,Yes,4,Medium,Medium,Public,Neutral,0,No,College,Near,Male,68
19,74,High,High,Yes,7,82,Medium,Yes,1,Medium,Medium,Private,Neutral,3,No,High School,Near,Male,63
15,61,High,Medium,Yes,8,74,Medium,No,1,Low,Low,Public,Neutral,1,No,High School,Moderate,Female,37
13,78,Medium,High,No,7,69,High,Yes,0,Medium,Low,Private,Positive,5,Yes,High School,Far,Female,42
22,94,Low,Medium,Yes,8,65,Medium,Yes,2,High,Medium,Public,Neutral,2,No,High School,Far,Male,63
21,66,High,Medium,Yes,6,56,High,Yes,2,Medium,Low,Public,Positive,2,No,Postgraduate,Near,Male,51
24,100,Medium,Medium,Yes,6,63,Medium,Yes,0,Medium,Medium,Public,Positive,4,No,High School,Near,Female,69
23,71,Low,Low,Yes,8,60,High,Yes,1,Low,Low,Public,Neutral,0,Yes,High School,Near,Male,39
21,81,Medium,Low,Yes,6,57,High,Yes,0,Low,High,Public,Neutral,2,Yes,High School,Near,Female,45
23,67,Medium,Medium,No,4,95,Medium,Yes,2,Low,Medium,Public,Neutral,5,No,College,Near,Female,68
20,80,Low,Medium,Yes,7,50,Medium,Yes,0,Medium,High,Public,Positive,3,No,College,Moderate,Male,48
22,79,High,Medium,Yes,7,87,Low,Yes,3,Low,Low,Public,Positive,1,No,Postgraduate,Moderate,Female,70
16,64,Low,High,Yes,8,56,Medium,Yes,2,High,Low,Private,Positive,2,No,College,Near,Male,41
22,100,Medium,Low,Yes,9,59,Medium,No,0,High,High,Public,Positive,1,No,High School,Near,Female,60
24,75,Medium,High,Yes,7,58,Medium,Yes,0,High,Medium,Public,Neutral,2,No,College,Moderate,Male,56
16,75,Low,High,No,8,58,Low,Yes,2,Low,Low,Public,Positive,3,No,High School,Moderate,Female,42
20,91,Medium,High,Yes,7,84,High,Yes,0,Medium,High,Public,Positive,5,No,College,Far,Male,76
16,100,Medium,Medium,No,7,80,Low,No,2,High,Medium,Public,Neutral,2,No,College,Near,Female,65
17,92,Medium,Low,No,7,69,High,Yes,1,Medium,Medium,Public,Positive,1,No,,Moderate,Male,59
13,67,Medium,High,No,8,100,High,Yes,2,Medium,Medium,Public,Positive,3,No,High School,Near,Female,64
28,82,High,Medium,No,6,72,Low,Yes,1,Low,Medium,Private,Positive,3,No,High School,Moderate,Female,68
26,60,High,High,Yes,10,73,Medium,Yes,1,High,Low,Private,Positive,3,No,High School,Near,Female,59
23,90,Low,Low,No,4,63,Medium,Yes,0,Medium,High,Public,Neutral,3,No,Postgraduate,Moderate,Male,58
32,62,Medium,Medium,No,8,62,High,Yes,1,High,High,Public,Positive,5,No,Postgraduate,Moderate,Male,69
19,71,Medium,Medium,Yes,7,65,High,Yes,0,Low,Medium,Private,Neutral,2,No,High School,Moderate,Male,46
38,80,High,Medium,Yes,8,83,Medium,Yes,1,Medium,Medium,Private,Positive,3,No,High School,Near,Female,90
19,85,High,High,Yes,5,79,High,Yes,4,Low,High,Public,Positive,5,Yes,College,Far,Female,68
22,77,Medium,Low,Yes,5,89,Medium,Yes,0,Low,Low,Public,Negative,5,No,High School,Moderate,Female,57
18,97,High,Low,Yes,8,63,Medium,No,1,High,High,Public,Neutral,3,No,College,Moderate,Male,59
22,88,Medium,Low,Yes,9,80,Medium,Yes,2,Low,High,Public,Neutral,1,No,College,Near,Female,67
25,87,Medium,Low,Yes,7,76,High,No,2,Medium,Medium,Public,Positive,4,No,High School,Moderate,Female,71
19,66,Medium,Low,No,8,78,Low,Yes,1,Medium,Medium,Public,Positive,4,No,College,Near,Female,51
31,99,Medium,Low,Yes,6,61,Medium,Yes,1,High,Medium,Public,Positive,3,No,Postgraduate,Near,Female,79
21,71,Medium,Medium,Yes,7,58,Low,No,1,Medium,High,Private,Positive,2,No,College,Near,Female,47
22,99,Medium,Medium,Yes,9,79,Low,Yes,2,Medium,High,Public,Positive,2,No,College,Far,Male,75
15,100,High,High,Yes,7,83,High,No,2,Medium,Medium,Public,Positive,4,No,High School,Near,Female,74
23,86,High,Medium,Yes,9,64,Medium,Yes,2,Low,High,Private,Positive,4,No,Postgraduate,Far,Male,67
19,91,Medium,Low,Yes,5,80,Medium,Yes,1,High,Medium,Public,Neutral,4,Yes,College,Far,Male,56
16,60,Medium,High,No,6,88,Medium,Yes,0,Low,Medium,Public,Neutral,3,No,College,Moderate,Female,50
15,78,Medium,Medium,No,8,67,Medium,Yes,1,Low,High,Public,Positive,4,No,High School,Moderate,Female,49
36,92,Low,Low,Yes,10,53,Low,No,3,Medium,Medium,Public,Neutral,2,No,Postgraduate,Near,Female,69
18,90,High,Medium,No,7,55,Medium,Yes,2,Medium,High,Private,Neutral,5,No,Postgraduate,Near,Female,61
11,67,Medium,High,Yes,6,63,High,Yes,0,Low,Medium,Private,Positive,5,No,High School,Near,Male,40
16,77,Low,Medium,No,10,66,Low,Yes,1,Medium,Medium,Public,Positive,3,No,College,Moderate,Female,45
20,60,High,High,No,7,72,Low,Yes,1,Medium,Low,Public,Positive,1,No,College,Moderate,Male,50
23,85,Medium,Low,Yes,8,72,Medium,No,0,High,Medium,Private,Positive,4,No,College,Far,Male,60
23,60,Low,Low,No,7,68,Medium,Yes,2,Low,Medium,Private,Negative,5,No,High School,Near,Female,46
24,92,Low,Low,Yes,7,81,Medium,Yes,0,High,High,Public,Positive,3,No,College,Near,Male,73
16,93,High,High,No,6,62,Medium,Yes,0,Medium,Medium,Public,Positive,3,No,College,Near,Female,59
22,75,High,Medium,No,10,88,High,Yes,0,High,Medium,Private,Negative,3,No,High School,Near,Female,64
15,86,Medium,Medium,Yes,9,84,Low,Yes,1,Medium,Medium,Public,Neutral,3,No,College,Near,Male,57
16,78,Low,High,No,9,83,Low,Yes,2,High,High,Private,Negative,4,No,High School,Moderate,Female,55
14,83,Low,Medium,Yes,6,63,Medium,Yes,4,Medium,Medium,Private,Positive,4,No,High School,Far,Female,51
13,67,Medium,Low,No,4,70,Medium,Yes,1,High,Medium,Public,Neutral,2,No,College,Near,Male,40
26,87,Medium,Medium,Yes,7,81,Low,No,2,Medium,Medium,Public,Neutral,3,No,,Near,Female,73
24,62,Medium,Low,Yes,10,69,Medium,Yes,4,Medium,High,Private,Negative,3,No,High School,Near,Male,53
26,60,Medium,Medium,No,7,63,Medium,Yes,2,Low,Medium,Private,Neutral,2,Yes,College,Near,Female,46
20,79,Medium,High,Yes,8,62,Medium,No,0,Medium,Low,Public,Positive,4,No,College,Moderate,Female,52
25,78,Medium,Medium,Yes,6,63,Medium,Yes,0,Medium,Low,Public,Positive,3,Yes,High School,Near,Male,50
9,83,Medium,Medium,Yes,6,57,Medium,Yes,1,Low,Medium,Private,Positive,4,No,College,Near,Female,40
25,73,Low,Medium,Yes,7,100,Medium,No,0,Low,Medium,Public,Positive,4,No,College,Far,Male,69
21,100,Medium,Low,Yes,10,47,High,Yes,4,Low,Medium,Private,Positive,2,No,Postgraduate,Near,Male,64
24,82,Medium,Medium,No,9,59,Medium,Yes,3,Medium,Low,Public,Positive,3,No,Postgraduate,Near,Male,61
22,83,Medium,Medium,Yes,4,80,Medium,Yes,2,High,Medium,Public,Positive,2,No,High School,Near,Female,67
14,82,Low,Low,Yes,8,63,Medium,Yes,2,Low,Low,Private,Negative,5,No,High School,Near,Female,40
11,91,Low,Low,Yes,5,67,Medium,Yes,5,Low,Medium,Public,Neutral,4,No,College,Moderate,Female,50
16,86,Medium,Medium,Yes,6,77,High,Yes,1,Medium,High,Private,Negative,1,No,College,Moderate,Male,58
23,85,Medium,Medium,No,8,85,Medium,Yes,3,Medium,Medium,Private,Positive,3,No,College,Moderate,Female,75
24,88,Medium,Medium,Yes,9,68,Low,Yes,4,Medium,Low,Public,Positive,1,No,College,Moderate,Male,66
12,60,Medium,High,Yes,9,84,Low,Yes,3,High,Medium,Private,Neutral,2,No,Postgraduate,Moderate,Female,46
14,60,Low,Low,No,7,50,Low,Yes,1,Medium,Low,Private,Neutral,3,No,College,Near,Male,23
16,79,Medium,Low,Yes,7,64,Low,No,0,Medium,High,Private,Neutral,4,No,College,Near,Male,43
18,78,Medium,High,Yes,9,78,Medium,Yes,1,High,Medium,Private,Positive,4,No,College,Near,Male,63
12,86,Low,Low,Yes,5,98,Low,No,2,Low,Medium,Public,Neutral,1,No,Postgraduate,Near,Female,55
11,80,High,High,Yes,10,59,Medium,Yes,6,Low,Medium,Public,Positive,3,No,High School,Far,Female,49
15,86,Medium,Medium,No,6,57,Medium,Yes,1,Low,Low,Public,Positive,3,No,High School,Far,Female,45
21,66,High,Medium,No,7,76,Low,Yes,0,Low,Medium,Private,Neutral,3,No,College,Far,Male,51
13,80,Low,Low,No,6,73,Low,No,0,Medium,Medium,Private,Positive,1,Yes,High School,Moderate,Male,30
19,65,High,Medium,Yes,5,63,Low,Yes,2,Low,Medium,Private,Neutral,2,No,Postgraduate,Far,Female,43
26,84,High,High,No,8,56,Medium,Yes,1,High,Medium,Private,Negative,3,No,College,Near,Female,65
12,60,Low,Low,Yes,7,65,Medium,Yes,1,High,Low,Public,Negative,4,No,College,Moderate,Male,29
19,84,Medium,High,Yes,7,79,Medium,Yes,1,High,High,Public,Neutral,2,No,High School,Near,Female,67
26,64,Medium,High,Yes,7,68,Low,Yes,0,Medium,Medium,Public,Positive,2,Yes,College,Near,Male,50
17,76,Medium,Medium,No,9,87,High,Yes,0,Medium,High,Public,Negative,3,No,Postgraduate,Moderate,Male,59
17,90,Medium,Low,No,10,70,Medium,Yes,2,Low,Medium,Public,Positive,1,No,High School,Near,Male,56
27,83,High,Medium,Yes,9,80,Medium,Yes,1,Medium,Medium,Public,Neutral,3,No,High School,Far,Male,71
18,62,Medium,Medium,Yes,7,76,Medium,No,2,Medium,Medium,Public,Positive,3,No,Postgraduate,Moderate,Female,50
27,73,High,Low,No,5,67,Low,Yes,1,High,Medium,Public,Neutral,2,No,College,Moderate,Male,57
23,63,High,High,No,8,83,Medium,Yes,1,Low,Medium,Private,Positive,2,Yes,High School,Moderate,Female,54
18,61,High,Low,Yes,8,56,Medium,Yes,1,Medium,Medium,Public,Positive,2,Yes,College,Moderate,Male,33
23,81,Medium,High,Yes,8,65,Low,Yes,2,Medium,Medium,Public,Neutral,4,No,High School,Near,Male,60
22,86,Medium,Low,Yes,5,67,Low,Yes,2,Low,Medium,Public,Negative,1,No,Postgraduate,Near,Female,54
26,85,High,Low,No,8,77,Medium,Yes,3,High,Medium,Public,Negative,2,No,College,Moderate,Male,72
17,87,Medium,Medium,Yes,9,80,Medium,Yes,1,High,High,Public,Neutral,5,No,College,Near,Male,64
20,80,Low,Low,No,6,61,High,Yes,1,Low,High,Public,Positive,4,No,High School,Near,Female,53
20,77,Medium,Low,Yes,8,60,Medium,No,0,Low,Medium,Public,Neutral,4,No,College,Near,Female,45
24,68,Low,Low,No,6,73,High,Yes,2,Medium,Low,Public,Positive,5,No,Postgraduate,Near,Female,59
14,75,High,High,No,7,52,Low,Yes,2,Low,Low,Public,Positive,2,No,High School,Near,Male,40
26,65,Medium,Low,No,6,85,Medium,No,3,Medium,Medium,Private,Neutral,5,No,College,Near,Female,66
23,71,Medium,Medium,No,7,69,Medium,Yes,0,High,Medium,Public,Neutral,0,No,High School,Moderate,Male,52
12,81,Low,Medium,No,7,57,High,No,0,Medium,Medium,Public,Neutral,2,No,Postgraduate,Moderate,Male,39
27,79,Medium,Medium,Yes,8,57,Medium,Yes,3,High,Medium,Public,Negative,4,No,High School,Far,Male,60
33,100,Medium,Medium,Yes,8,76,Medium,Yes,1,Low,Low,Private,Neutral,3,No,High School,Moderate,Female,82
26,65,Medium,Low,Yes,9,76,Low,No,1,Low,Medium,Public,Negative,3,No,Postgraduate,Near,Female,49
29,79,Medium,High,No,6,62,Medium,Yes,3,Medium,High,Public,Negative,2,No,College,Near,Female,70
21,64,Medium,High,No,8,71,Medium,No,4,Medium,High,Private,Negative,0,No,Postgraduate,Moderate,Male,54
10,76,Medium,High,Yes,5,57,Medium,Yes,2,Medium,Medium,Private,Positive,3,No,Postgraduate,Near,Male,40
9,76,Medium,Medium,Yes,7,69,Medium,Yes,1,Medium,Low,Public,Neutral,4,No,High School,Moderate,Male,38
22,89,Medium,High,No,7,91,Medium,Yes,1,High,Medium,Public,Positive,3,No,Postgraduate,Near,Female,80
16,75,High,High,Yes,6,100,Medium,Yes,3,Low,Low,Private,Positive,3,No,College,Near,Female,72
15,78,High,Medium,No,8,69,Medium,Yes,2,Low,Medium,Public,Positive,3,No,High School,Moderate,Male,52
20,75,High,High,No,7,78,Medium,Yes,3,Medium,Medium,Public,Positive,2,No,College,Far,Male,66
24,65,Medium,Low,No,7,77,Low,Yes,2,Medium,Low,Public,Negative,3,No,College,Moderate,Male,52
11,73,Low,Low,Yes,9,50,Medium,Yes,0,Medium,Medium,Private,Positive,2,No,High School,Near,Female,27
17,76,High,Medium,No,6,57,High,Yes,3,Low,Low,Public,Positive,4,No,College,Moderate,Male,52
29,81,High,Medium,No,8,42,Low,Yes,0,Medium,High,Public,Positive,0,Yes,High School,Near,Male,48
14,86,Low,Medium,Yes,9,78,High,Yes,0,Low,Low,Public,Neutral,3,No,Postgraduate,Near,Male,54
25,77,Medium,Medium,No,9,97,High,Yes,3,Low,Medium,Public,Positive,5,Yes,High School,Far,Female,72
17,77,Medium,Medium,No,7,86,Low,Yes,1,Low,Medium,Public,Negative,4,No,College,Near,Male,56
23,61,Low,High,Yes,6,73,Low,No,0,Medium,High,Private,Positive,2,No,High School,Moderate,Male,48
27,86,High,Medium,Yes,6,71,High,Yes,1,Medium,High,Public,Negative,4,No,College,Near,Male,75
24,72,High,Medium,No,5,67,High,Yes,2,Medium,Medium,Public,Positive,4,No,Postgraduate,Far,Female,63
25,88,High,Medium,No,8,86,Low,No,3,Low,Low,Public,Positive,3,No,Postgraduate,Near,Female,76
13,94,Low,Medium,No,8,75,High,Yes,1,Low,Medium,Public,Neutral,4,No,High School,Moderate,Male,56
27,78,Medium,High,Yes,7,73,Low,Yes,3,Low,Medium,Public,Positive,2,No,High School,Near,Male,69
15,69,High,Medium,Yes,5,58,Medium,Yes,0,Low,Medium,Public,Neutral,2,No,College,Moderate,Male,35
22,80,Medium,Low,No,6,80,High,Yes,2,Medium,Medium,Public,Positive,3,No,High School,Near,Female,66
22,84,Medium,High,Yes,9,70,Medium,Yes,1,Medium,High,Public,Positive,3,No,Postgraduate,Near,Female,69
23,77,Medium,Low,Yes,8,77,Medium,Yes,0,High,Medium,Public,Positive,2,No,High School,Moderate,Male,60
22,74,Low,Medium,No,8,85,Low,Yes,1,High,Medium,Private,Neutral,2,No,High School,Near,Male,58
15,86,Medium,Medium,Yes,10,51,Medium,Yes,2,Low,Medium,Public,Negative,5,Yes,College,Moderate,Female,37
12,85,High,Medium,Yes,7,68,High,Yes,0,Low,Medium,Public,Neutral,3,No,College,Near,Female,51
25,76,Low,High,Yes,4,66,Low,Yes,1,High,Medium,Private,Negative,4,Yes,College,Near,Male,50
21,62,Low,Medium,Yes,5,65,Medium,No,0,Medium,High,Private,Neutral,0,No,College,Near,Female,37
27,85,Medium,Low,Yes,7,57,High,Yes,0,Low,Medium,Public,Positive,4,No,College,Near,Female,63
20,72,Medium,High,No,7,63,High,Yes,2,High,High,Public,Neutral,2,No,Postgraduate,Near,Female,61
12,82,Medium,Low,No,7,58,High,No,1,Low,Medium,Public,Negative,3,No,College,Near,Male,36
26,82,Low,Low,Yes,7,83,High,Yes,0,Low,High,Public,Neutral,3,No,High School,Far,Male,69
18,60,Medium,Medium,Yes,6,77,Low,Yes,2,Medium,High,Private,Neutral,5,No,Postgraduate,Moderate,Male,51
22,81,Low,Medium,No,8,76,Medium,No,1,Low,Medium,Private,Neutral,5,Yes,High School,Moderate,Female,50
16,86,Medium,Medium,No,9,47,Medium,Yes,3,Low,Low,Public,Negative,3,No,Postgraduate,Near,Male,43
30,87,Medium,Medium,Yes,9,97,Medium,Yes,0,Low,Medium,Private,Positive,4,No,High School,Near,Female,85
15,81,Medium,Medium,No,9,67,Medium,Yes,2,Medium,Medium,Public,Negative,2,No,College,Near,Male,49
18,60,Medium,Medium,Yes,6,95,Low,Yes,0,High,Medium,Public,Positive,3,No,College,Near,Male,55
21,94,Medium,High,No,7,82,High,Yes,3,High,Medium,Public,Positive,3,No,High School,Moderate,Female,81
13,85,Medium,Low,Yes,7,69,Medium,No,0,Medium,High,Private,Neutral,3,No,High School,Far,Female,42
22,67,Medium,High,Yes,8,99,Medium,Yes,1,Medium,High,Private,Negative,2,No,High School,Moderate,Male,66
30,71,Medium,Medium,Yes,7,79,Medium,Yes,0,Low,High,Public,Positive,4,No,High School,Moderate,Female,70
17,83,Medium,Medium,Yes,7,69,Medium,Yes,0,Medium,Low,Public,Positive,3,No,High School,Far,Male,51
22,87,Medium,Medium,No,9,67,Medium,Yes,3,Medium,Medium,Public,Neutral,2,No,High School,,Female,63
4,75,Medium,Medium,Yes,7,85,Medium,Yes,3,Medium,Low,Public,Neutral,3,No,College,Near,Male,43
20,89,Medium,Medium,Yes,7,65,High,Yes,2,Low,High,Public,Neutral,2,No,High School,Moderate,Female,63
18,60,Low,High,No,8,67,High,No,3,Medium,Low,Private,Neutral,5,No,Postgraduate,Near,Male,48
15,69,Medium,High,No,8,64,High,Yes,0,Medium,Medium,Public,Positive,5,No,Postgraduate,Near,Female,50
26,60,Low,Medium,Yes,8,62,High,No,3,Medium,Medium,Private,Neutral,4,No,Postgraduate,Near,Male,53
18,70,High,Medium,Yes,9,63,High,Yes,1,Low,Medium,Public,Negative,2,Yes,High School,Near,Female,40
19,97,Medium,Medium,Yes,5,95,Low,Yes,2,Low,Medium,Private,Neutral,5,No,Postgraduate,Near,Female,76
18,100,Low,High,No,7,85,Medium,Yes,4,Low,Medium,Public,Positive,3,No,High School,Near,Female,77
8,83,Medium,Low,No,7,75,Low,Yes,1,Low,Medium,Private,Positive,2,No,High School,Far,Male,38
13,73,Medium,Low,Yes,7,65,Medium,Yes,3,Low,Low,Public,Positive,6,No,High School,Moderate,Female,42
26,78,High,Medium,No,8,65,High,Yes,2,Medium,Medium,Public,Positive,4,No,College,Far,Female,68
7,85,High,Low,Yes,9,67,Medium,Yes,1,Low,High,Private,Neutral,2,No,High School,Moderate,Male,39
15,63,High,Medium,Yes,6,95,Medium,Yes,0,Low,Medium,Private,Negative,3,No,Postgraduate,Near,Male,54
18,74,Medium,Low,Yes,9,76,Medium,Yes,2,High,Medium,Public,Negative,4,No,High School,Moderate,Female,51
30,96,High,Low,No,5,82,Low,Yes,2,Medium,Medium,Private,Negative,3,No,High School,Near,Female,79
25,68,Medium,Medium,Yes,8,75,High,No,1,Medium,Medium,Public,Neutral,3,Yes,College,Moderate,Female,52
17,72,High,Medium,Yes,6,60,Low,Yes,1,Low,Medium,Private,Positive,5,Yes,High School,Far,Female,37
28,80,Low,High,Yes,6,73,Low,Yes,0,Medium,Medium,Public,Neutral,2,No,High School,Far,Female,62
16,83,High,Low,Yes,7,58,Low,Yes,1,Medium,Medium,Private,Neutral,2,No,College,Near,Male,45
26,73,Medium,Low,Yes,6,88,High,Yes,3,Medium,High,Public,Neutral,6,No,High School,Moderate,Female,75
12,81,Medium,Low,No,4,62,Medium,Yes,0,High,Medium,Private,Positive,4,Yes,High School,,Male,33
26,87,High,Medium,Yes,8,65,Medium,Yes,0,Low,Medium,Private,Neutral,4,No,High School,Near,Female,66
18,100,Medium,Low,No,8,83,Medium,Yes,2,Medium,Medium,Public,Positive,5,No,High School,Moderate,Male,70
14,79,High,High,Yes,7,63,Low,Yes,0,Low,Medium,Public,Positive,4,No,College,Near,Female,48
19,80,Low,Low,No,7,69,Low,Yes,5,Low,Medium,Public,Positive,5,No,College,Near,Male,58
22,97,Medium,High,Yes,6,40,Low,Yes,2,Low,High,Public,Neutral,1,No,College,Moderate,Male,55
17,74,Medium,Medium,Yes,5,68,Medium,Yes,1,Medium,Medium,Private,Neutral,4,No,High School,Moderate,Male,48
23,65,Low,Medium,Yes,4,80,Low,No,2,Medium,Medium,Private,Positive,3,No,College,Far,Male,53
17,83,High,Low,No,8,64,Medium,Yes,0,High,High,Public,Neutral,4,No,Postgraduate,Near,Female,55
24,92,Medium,Low,No,8,79,Medium,Yes,3,Low,High,Public,Positive,0,No,College,Moderate,Female,73
23,84,Medium,Medium,No,8,72,Medium,Yes,3,Medium,Medium,Private,Neutral,1,No,Postgraduate,Near,Male,68
20,79,Medium,Medium,Yes,8,86,High,Yes,1,Medium,Medium,Public,Positive,3,No,Postgraduate,Moderate,Female,67
17,64,Low,Medium,No,8,62,Low,Yes,1,Medium,Medium,Private,Positive,4,No,High School,Far,Female,37
21,79,High,Medium,Yes,8,69,Medium,Yes,0,Low,Medium,Public,Negative,1,No,High School,Far,Female,52
23,94,High,Low,No,6,53,Low,Yes,2,Medium,Medium,Private,Positive,2,No,College,Near,Male,61
32,66,Medium,High,Yes,7,71,High,Yes,2,Medium,Medium,Public,Negative,3,No,College,Near,Male,71
26,77,Medium,Low,Yes,7,67,High,Yes,4,High,Medium,Public,Neutral,3,No,High School,Far,Female,66
26,76,Medium,Low,Yes,7,84,Low,Yes,2,Medium,Low,Public,Negative,4,No,College,Near,Female,65
39,72,Medium,Medium,Yes,9,64,Low,Yes,0,Medium,Medium,Private,Neutral,4,No,College,Near,Female,72
23,83,High,Medium,Yes,9,66,Low,No,2,Low,Medium,Public,Neutral,2,No,Postgraduate,,Male,59
23,85,Medium,Medium,Yes,4,63,Low,No,0,Low,High,Private,Positive,3,No,Postgraduate,Near,Male,56
24,85,Medium,Medium,No,7,72,Low,Yes,1,High,High,Private,Neutral,2,No,High School,Moderate,Female,65
14,69,Medium,Medium,Yes,7,98,Low,No,0,Medium,Medium,Private,Neutral,5,No,High School,Near,Male,51
17,62,Medium,Medium,Yes,9,40,Low,Yes,1,Medium,Low,Private,Neutral,4,No,High School,Moderate,Female,25
17,83,High,Low,No,5,71,Low,No,1,High,Low,Public,Neutral,2,No,Postgraduate,Near,Female,51
24,74,Low,Low,No,4,87,Medium,No,1,Low,Low,Private,Positive,5,No,Postgraduate,Moderate,Female,61
19,100,Medium,High,Yes,8,65,Low,Yes,4,Medium,Medium,Private,Negative,1,No,College,Far,Female,64
21,100,Low,Low,Yes,8,79,Medium,Yes,1,Low,Medium,Private,Positive,2,Yes,Postgraduate,Far,Male,61
27,100,Low,Medium,Yes,5,87,High,Yes,1,Medium,High,Public,Negative,2,No,High School,Near,Male,83
25,70,Medium,Medium,No,7,68,Medium,Yes,1,Low,Medium,Public,Neutral,2,No,High School,Near,Female,57
19,86,High,Medium,Yes,9,64,Medium,Yes,0,Medium,Low,Private,Neutral,0,No,High School,Moderate,Female,51
16,90,Medium,Low,No,5,84,High,Yes,4,Medium,Medium,Public,Positive,3,No,High School,Near,Female,69
27,88,Low,High,No,7,78,Medium,Yes,2,Low,Medium,Public,Negative,1,No,High School,Near,Female,72
25,76,Medium,Medium,Yes,8,71,Low,Yes,2,Low,Low,Public,Neutral,2,No,High School,Moderate,Female,58
10,94,High,High,No,5,80,Medium,Yes,2,High,High,Public,Neutral,4,No,High School,Near,Male,63
18,80,Medium,Low,No,6,84,Medium,Yes,0,Low,Medium,Public,Negative,3,No,Postgraduate,Moderate,Female,56
21,81,Low,Medium,No,5,71,Medium,Yes,2,Medium,High,Public,Negative,6,No,College,Moderate,Female,59
25,63,High,Medium,No,7,76,High,No,2,Medium,High,Public,Neutral,4,No,High School,Moderate,Female,62
25,87,Low,High,No,6,79,Medium,Yes,2,Medium,Medium,Private,Positive,4,No,High School,Far,Male,75
22,77,High,Medium,No,7,66,High,Yes,5,Medium,High,Public,Positive,2,No,High School,Near,Female,70
24,85,High,High,Yes,8,87,Medium,Yes,1,High,Medium,Public,Neutral,3,No,High School,Near,Male,78
20,83,High,High,Yes,9,59,Low,Yes,3,Low,Medium,Public,Positive,4,No,High School,Moderate,Male,57
16,82,Low,Medium,No,10,70,Medium,Yes,0,Medium,Medium,Public,Negative,2,Yes,College,Far,Female,38
18,79,Low,Low,Yes,7,82,Medium,Yes,2,Low,High,Public,Negative,3,No,Postgraduate,Moderate,Female,56
20,89,High,Low,Yes,7,58,Medium,Yes,1,Low,Medium,Private,Neutral,4,No,College,Moderate,Female,55
20,78,Medium,High,No,6,83,Medium,Yes,4,Low,Medium,Private,Neutral,3,No,Postgraduate,Near,Male,70
9,64,Medium,High,No,6,74,Medium,Yes,0,High,Medium,Public,Neutral,1,No,High School,Moderate,Male,36
18,86,Medium,Low,No,8,89,High,Yes,1,High,Low,Public,Positive,4,No,Postgraduate,Near,Male,70
20,71,Low,Low,Yes,6,80,Low,No,0,Low,Medium,Public,Neutral,2,No,College,Far,Male,44
18,65,Medium,Low,Yes,8,70,High,No,3,Medium,Medium,Private,Neutral,2,No,Postgraduate,Moderate,Male,47
19,69,High,Low,No,6,75,Low,Yes,1,Low,High,Private,Negative,6,No,High School,Near,Male,49
23,83,Medium,Low,No,6,75,Medium,Yes,2,Medium,Medium,Private,Negative,3,No,College,Near,Male,64
14,79,Medium,High,No,8,98,Medium,Yes,2,High,Medium,Public,Negative,6,No,Postgraduate,Near,Female,66
10,60,High,Low,Yes,7,73,Medium,Yes,2,High,High,Private,Neutral,2,No,Postgraduate,Near,Female,41
18,76,Medium,High,No,4,70,High,Yes,1,Medium,Medium,Public,Negative,2,No,Postgraduate,Near,Male,55
25,93,Low,High,Yes,7,69,Medium,Yes,0,Medium,Medium,Private,Negative,2,No,Postgraduate,Near,Male,68
30,75,Medium,Low,Yes,6,74,Medium,Yes,0,Low,,Public,Negative,3,No,High School,Near,Female,63
25,78,Low,Medium,Yes,9,57,High,No,1,Low,Low,Public,Positive,3,No,High School,Near,Female,52
11,91,Medium,Medium,No,8,67,Low,Yes,0,Low,Medium,Public,Neutral,2,No,High School,Near,Male,42
19,89,Medium,Low,Yes,4,59,Medium,No,2,Low,High,Public,Neutral,4,No,College,Near,Female,51
22,91,Low,Medium,Yes,8,61,Medium,Yes,1,Medium,Low,Public,Neutral,3,No,College,Near,Male,57
21,60,Low,Medium,Yes,8,82,Medium,No,2,Low,Medium,Public,Positive,4,No,High School,Near,Female,52
23,99,Medium,Low,Yes,5,72,Low,Yes,2,Medium,Medium,Public,Neutral,3,No,High School,Moderate,Male,68
14,87,Medium,High,No,8,62,Low,Yes,2,Medium,Medium,Public,Neutral,6,No,High School,Near,Female,51
20,100,Medium,Medium,No,5,70,Low,Yes,0,Medium,Medium,Public,Negative,3,No,High School,Far,Male,58
23,71,Medium,Low,Yes,9,69,Medium,Yes,0,High,High,Private,Positive,4,Yes,High School,Near,Male,49
25,61,Medium,High,Yes,6,73,Medium,No,0,High,Low,Public,Neutral,5,Yes,Postgraduate,Near,Female,48
15,80,High,Low,Yes,5,52,Low,No,0,Low,Low,Public,Positive,2,No,Postgraduate,Moderate,Female,34
18,77,Low,Low,Yes,10,58,Medium,No,0,High,Low,Private,Negative,2,No,High School,,Male,33
4,87,High,Low,Yes,5,53,Low,Yes,2,High,Low,Public,Neutral,2,No,High School,Moderate,Female,26
16,92,Low,Medium,Yes,6,60,High,Yes,1,Low,Medium,Public,Negative,3,No,High School,Near,Male,51
17,79,Medium,Medium,No,6,63,Medium,Yes,1,Medium,Medium,Public,Positive,3,No,High School,Far,Male,48
14,77,Medium,Medium,No,6,59,Low,Yes,2,Low,,Public,Positive,3,No,High School,Near,Male,43
21,86,Low,Medium,Yes,8,82,Medium,Yes,1,Low,High,Public,Positive,5,No,High School,Far,Female,66
20,77,Low,Medium,Yes,7,96,High,Yes,3,High,Medium,Public,Negative,1,No,High School,Far,Female,68
6,76,High,Low,Yes,8,83,Medium,Yes,2,High,Medium,Private,Positive,1,No,College,Near,Female,46
21,91,High,Medium,Yes,8,65,Medium,Yes,0,Medium,High,Public,Negative,2,No,High School,Near,Male,61
14,94,High,High,Yes,5,75,Medium,Yes,2,Low,Low,Public,Negative,2,No,Postgraduate,Near,Female,61
23,92,High,High,No,8,71,Medium,Yes,1,Low,High,Public,Positive,1,No,Postgraduate,Far,Female,73
12,78,Medium,Medium,Yes,7,64,High,No,0,Medium,Medium,Public,Neutral,3,No,College,Near,Female,44
20,60,Low,Medium,Yes,6,89,High,Yes,1,Low,Medium,Public,Positive,3,No,College,Moderate,Male,56
18,78,Low,Medium,No,10,98,Low,Yes,2,Medium,Medium,Private,Negative,3,No,High School,Near,Female,59
22,72,Medium,High,No,8,53,Medium,Yes,1,Low,Medium,Public,Negative,2,Yes,High School,Near,Male,41
21,79,High,High,No,8,91,High,Yes,0,High,Medium,Public,Positive,3,No,College,Moderate,Male,75
18,73,Medium,Medium,No,8,64,Low,Yes,2,Low,Medium,Private,Negative,1,No,College,Moderate,Male,44
11,80,Low,Medium,Yes,6,69,High,No,2,Low,Medium,Public,Neutral,4,No,High School,Moderate,Male,43
11,69,Medium,Low,Yes,8,76,Medium,Yes,0,Low,High,Private,Positive,3,No,High School,Near,Female,41
16,66,High,Low,Yes,7,92,Medium,No,1,Low,Medium,Public,Positive,3,No,Postgraduate,Near,Female,55
20,93,Medium,Low,Yes,6,76,High,No,2,Low,Medium,Public,Neutral,3,No,College,Near,Female,65
16,69,Medium,Medium,Yes,5,77,Medium,Yes,3,Medium,Low,Public,Negative,1,No,College,Near,Male,47
24,80,Medium,Low,Yes,7,83,Medium,No,2,High,Low,Public,Neutral,2,No,College,Far,Male,63
18,90,Medium,Medium,No,8,85,Medium,Yes,1,High,Low,Private,Neutral,5,No,College,Near,Female,68
14,90,Medium,Medium,No,7,79,Medium,Yes,0,Medium,High,Public,Positive,4,No,College,Moderate,Male,62
18,89,High,Medium,Yes,7,85,Medium,Yes,2,High,Medium,Private,Positive,3,No,High School,Moderate,Male,71
21,83,High,Medium,Yes,7,64,Low,Yes,0,Low,Medium,Private,Neutral,4,No,High School,Near,Female,53
22,88,Medium,Low,Yes,7,49,Medium,Yes,0,Medium,Medium,Public,Neutral,4,No,Postgraduate,Moderate,Male,53
31,95,Medium,Medium,Yes,9,96,High,Yes,1,Low,Low,Public,Neutral,5,No,College,Moderate,Female,92
16,85,Low,High,No,7,59,High,Yes,1,Medium,Medium,Private,Positive,4,No,College,Moderate,Male,54
20,60,Low,Medium,No,6,65,Medium,No,2,High,High,Public,Negative,5,No,Postgraduate,Near,Male,45
23,74,Low,High,Yes,4,68,High,Yes,0,Medium,Medium,Public,Neutral,3,No,High School,Near,Male,56
20,88,Low,Medium,Yes,7,65,Low,Yes,4,Low,Medium,Private,Positive,4,No,Postgraduate,Far,Male,61
17,73,Medium,Medium,No,6,63,High,Yes,1,Low,Medium,Public,Positive,2,No,High School,Near,Female,48
11,98,High,Medium,Yes,6,78,Medium,Yes,0,High,Medium,Public,Neutral,4,No,High School,Moderate,Male,57
17,79,Medium,Medium,No,8,78,High,Yes,1,High,Medium,Public,Neutral,3,No,High School,Far,Female,57
14,81,Medium,High,Yes,7,80,High,Yes,3,Medium,Low,Public,Positive,4,No,College,Far,Male,63
10,92,High,Medium,Yes,5,79,High,Yes,0,Low,Medium,Public,Positive,5,No,College,Far,Male,56
15,78,High,High,Yes,8,67,Low,Yes,1,Low,Medium,Public,Neutral,2,No,Postgraduate,Far,Female,49
14,82,Medium,High,Yes,5,67,High,Yes,4,Low,Medium,Private,Positive,5,No,High School,Near,Female,58
24,90,Low,High,Yes,8,87,Medium,No,0,Medium,Low,Public,Positive,4,No,High School,Near,Male,71
24,64,Low,Low,Yes,6,65,Medium,Yes,1,Low,High,Public,Neutral,3,Yes,High School,Far,Female,40
15,77,High,Low,Yes,7,65,High,Yes,3,Low,Low,Private,Neutral,2,No,High School,Near,Female,49
18,89,Low,High,Yes,7,84,Medium,Yes,1,Medium,Medium,Public,Negative,2,No,High School,Near,Male,63
9,81,Medium,Medium,Yes,7,72,Medium,No,1,Low,Medium,Public,Negative,4,No,High School,Far,Female,38
17,96,Medium,High,Yes,7,65,Low,Yes,2,Low,Medium,Public,Neutral,3,No,High School,Near,Male,59
22,63,Medium,Low,Yes,7,66,Medium,No,1,Medium,High,Public,Negative,4,No,Postgraduate,Near,Female,47
25,61,Medium,High,Yes,10,87,Low,Yes,2,Medium,Medium,Public,Positive,4,Yes,High School,Near,Male,57
16,88,High,High,No,7,80,Low,Yes,1,Low,Medium,Private,Neutral,2,No,College,Near,Male,62
26,90,Medium,High,No,7,75,High,No,1,Medium,High,Public,Positive,3,No,High School,Far,Male,75
11,78,High,Medium,No,6,57,Medium,No,0,Low,Medium,Public,Positive,3,No,College,Moderate,Female,36
13,84,Low,Low,Yes,8,75,Low,Yes,0,Low,Medium,Public,Neutral,4,No,High School,Near,Male,45
24,88,High,Medium,No,6,69,Medium,Yes,1,High,High,Private,Neutral,3,No,College,Near,Female,71
30,71,Medium,Medium,Yes,9,60,Medium,No,1,Low,Medium,Private,Neutral,3,No,High School,Near,Female,55
23,72,Low,Medium,No,5,64,Low,Yes,0,Medium,Medium,Public,Neutral,4,No,High School,Near,Male,47
20,82,High,Low,No,6,81,High,No,0,Low,Medium,Public,Positive,3,No,High School,Near,Male,61
7,90,High,High,Yes,5,88,Low,Yes,2,Medium,Low,Public,Neutral,4,Yes,High School,Moderate,Male,46
8,67,High,Low,Yes,8,58,Low,Yes,0,Low,Medium,Public,Negative,3,Yes,High School,Near,Male,20
21,78,High,Medium,No,6,60,Low,Yes,4,Low,Medium,Public,Neutral,5,No,College,Near,Male,57
18,77,Medium,Medium,Yes,8,81,Medium,Yes,0,Medium,Low,Public,Neutral,4,No,College,Moderate,Male,55
13,85,Low,High,No,6,67,Low,Yes,0,High,High,Public,Neutral,3,No,College,Moderate,Female,48
20,80,Low,Medium,Yes,8,79,Medium,Yes,1,Low,Medium,Private,Neutral,5,No,High School,Moderate,Male,59
21,74,High,Medium,No,8,67,High,Yes,0,Medium,Low,Public,Neutral,2,No,High School,Near,Female,53
26,94,High,Low,No,7,80,Medium,No,0,Low,Medium,Public,Neutral,3,No,College,Near,Female,73
21,74,High,Medium,No,7,54,Low,Yes,1,Medium,Medium,Private,Positive,3,No,College,Near,Female,52
27,77,High,Low,No,7,79,High,Yes,0,High,Medium,Public,Neutral,4,No,High School,Near,Female,70
20,62,Medium,High,Yes,6,45,Medium,Yes,0,Medium,Low,Private,Neutral,2,No,College,Near,Male,35
19,72,Low,Medium,Yes,5,84,High,No,1,High,High,Public,Neutral,3,No,High School,Near,Male,57
26,86,Low,Low,No,8,72,Low,Yes,2,High,Medium,Private,Positive,2,No,College,Far,Female,64
14,84,Medium,High,Yes,6,78,Low,Yes,0,High,Medium,Public,Negative,1,No,High School,Moderate,Male,49
37,87,High,Low,Yes,8,75,Low,Yes,1,Low,High,Public,Negative,3,No,Postgraduate,Near,Female,83
22,86,Low,Low,No,9,50,Medium,Yes,2,Medium,Medium,Public,Positive,3,No,Postgraduate,Near,Male,55
22,100,High,Medium,No,6,90,Medium,Yes,1,Low,Medium,Public,Neutral,2,Yes,High School,Moderate,Female,72
23,72,Medium,Low,No,6,76,Medium,Yes,1,Low,Low,Public,Positive,3,Yes,College,Near,Male,50
31,62,Medium,Low,Yes,7,82,Medium,Yes,0,Medium,Medium,Public,Neutral,4,No,College,Moderate,Male,65
25,68,High,High,Yes,7,62,Medium,Yes,1,Medium,Low,Private,Negative,4,No,High School,Near,Female,54
10,72,Medium,High,No,8,75,Medium,Yes,1,Medium,Medium,Private,Positive,4,No,High School,Far,Male,45
28,69,Medium,High,No,7,55,Low,No,3,Low,High,Public,Neutral,2,No,Postgraduate,Near,Male,58
18,81,Medium,Medium,No,10,74,Medium,Yes,2,Low,Medium,Private,Neutral,6,No,College,Moderate,Male,57
21,94,Medium,Low,No,8,60,High,Yes,0,Low,Low,Public,Negative,1,Yes,Postgraduate,Far,Female,47
12,97,Low,High,Yes,8,100,High,Yes,2,High,High,Public,Neutral,3,No,College,Near,Female,76
23,86,Medium,Medium,Yes,7,80,Low,Yes,2,High,Medium,Public,Negative,0,No,College,Near,Male,66
16,100,High,Low,No,8,89,Medium,No,1,Low,Low,Public,Positive,2,No,Postgraduate,Near,Female,68
21,76,High,Medium,No,7,69,Low,No,2,Low,Medium,Public,Neutral,2,No,High School,Near,Female,52
18,62,High,Medium,No,6,77,Medium,Yes,0,Low,Low,Public,Positive,5,No,Postgraduate,Moderate,Male,50
32,92,Low,Low,No,8,84,Medium,Yes,1,Medium,Medium,Public,Neutral,5,No,College,Near,Female,82
32,60,High,Low,Yes,7,58,High,Yes,0,Low,Medium,Private,Neutral,3,No,College,Near,Female,58
20,72,Low,Medium,Yes,7,63,High,Yes,3,Medium,High,Private,Negative,2,No,Postgraduate,Near,Male,54
20,86,Low,Medium,Yes,8,85,Medium,Yes,0,High,Medium,Public,Negative,0,No,,Moderate,Male,60
18,79,Medium,Low,No,7,69,Medium,Yes,1,Medium,Medium,Public,Positive,2,No,High School,Near,Female,52
27,78,High,Medium,Yes,7,62,Medium,Yes,3,Medium,High,Public,Negative,1,No,High School,Moderate,Female,64
18,67,High,Low,Yes,6,64,Medium,Yes,0,Medium,Low,Private,Positive,2,No,High School,Far,Female,40
17,80,High,Medium,No,8,56,Medium,Yes,1,Low,Medium,Private,Positive,3,Yes,High School,Near,Female,42
26,91,Low,Low,Yes,7,47,Low,Yes,1,Medium,Medium,Public,Neutral,3,No,High School,Moderate,Female,54
17,80,Low,Medium,Yes,7,50,Low,Yes,2,Medium,Medium,Public,Positive,3,No,Postgraduate,Near,Male,45
20,71,Low,Medium,Yes,7,73,Medium,Yes,5,Low,Low,Public,Positive,2,Yes,High School,Moderate,Male,50
11,66,Medium,Medium,Yes,7,81,Medium,Yes,1,Low,Medium,Public,Negative,2,No,High School,Moderate,Male,38
24,71,Medium,Low,No,8,100,Medium,Yes,3,Medium,Low,Private,Positive,3,No,Postgraduate,Near,Male,76
32,84,Low,Medium,Yes,7,71,Medium,Yes,0,High,Medium,Private,Positive,4,No,High School,Moderate,Male,74
24,84,Medium,High,Yes,9,55,Low,Yes,1,Low,Medium,Private,Neutral,4,No,High School,Moderate,Male,54
29,71,Medium,Low,Yes,7,72,Low,Yes,1,Low,High,Public,Positive,2,No,College,Near,Female,65
15,60,Medium,Medium,No,8,81,High,Yes,0,Low,Medium,Public,Neutral,3,No,High School,Near,Female,45
21,85,Medium,Medium,No,7,85,Medium,Yes,1,Low,High,Private,Neutral,5,No,Postgraduate,Far,Male,70
14,70,Medium,High,Yes,10,84,Low,Yes,1,Medium,High,Public,Neutral,2,No,College,Near,Male,50
19,88,Medium,Medium,Yes,7,79,Low,Yes,1,Low,,Public,Negative,4,No,High School,Near,Male,60
25,72,Medium,High,Yes,7,73,High,Yes,1,Low,Medium,Private,Positive,4,No,Postgraduate,Moderate,Male,69
21,69,Medium,Medium,Yes,7,82,Medium,Yes,3,High,Medium,Public,Positive,3,No,High School,Near,Male,65
12,82,Low,Medium,Yes,7,57,High,Yes,1,Low,Low,Public,Positive,2,No,High School,Near,Male,39
12,100,High,Low,Yes,7,46,High,Yes,3,Low,Medium,Private,Neutral,1,Yes,High School,Far,Female,40
12,88,High,Medium,No,9,99,Low,Yes,1,Low,High,Private,Neutral,4,Yes,High School,Near,Male,57
23,81,Low,Low,Yes,7,71,High,Yes,1,Medium,Medium,Public,Positive,3,No,High School,Moderate,Male,61
32,84,Medium,Medium,Yes,7,79,Medium,Yes,2,High,Medium,Private,Positive,2,No,High School,Near,Male,82
28,61,Medium,Low,Yes,7,40,Medium,Yes,4,Medium,Medium,Public,Positive,4,No,,Moderate,Female,50
9,68,Low,Medium,Yes,6,92,Medium,No,3,Medium,Low,Public,Positive,3,No,High School,Moderate,Female,45
29,60,Low,High,Yes,7,87,Medium,Yes,1,Medium,Low,Public,Neutral,2,No,College,Near,Male,66
26,99,High,High,No,7,52,Medium,Yes,1,Medium,Low,Private,Neutral,1,No,College,Moderate,Female,68
11,97,Medium,Low,No,9,68,Low,Yes,2,High,Medium,Public,Neutral,2,No,College,Near,Male,49
18,84,Low,High,No,6,75,Medium,No,0,High,Medium,Public,Positive,5,No,High School,Near,Male,59
27,81,High,High,Yes,9,56,Low,Yes,1,Medium,High,Public,Neutral,4,No,Postgraduate,Moderate,Female,64
23,63,Medium,High,Yes,7,78,Low,Yes,3,High,High,Public,Negative,3,No,High School,Near,Male,60
12,78,Medium,Medium,Yes,7,86,Medium,Yes,5,Medium,Medium,Public,Neutral,4,Yes,College,Near,Female,55
24,100,Medium,Low,Yes,6,76,Medium,Yes,1,Medium,High,Public,Neutral,2,Yes,High School,Moderate,Female,67
7,81,Low,High,Yes,8,52,Low,Yes,1,Medium,Low,Public,Negative,2,No,College,Far,Male,25
19,74,Low,Medium,Yes,6,59,Low,Yes,1,Low,Medium,Public,Positive,3,No,Postgraduate,Moderate,Male,45
27,61,High,Medium,Yes,8,70,High,Yes,1,Medium,Medium,Public,Positive,3,No,College,Far,Male,61
20,95,Medium,Low,Yes,7,69,Medium,Yes,4,Medium,Medium,Public,Negative,2,Yes,High School,Far,Male,56
17,79,High,Low,No,7,69,Medium,No,0,High,Medium,Public,Neutral,2,No,College,Near,Female,49
25,61,Low,Low,Yes,4,69,Low,Yes,1,Low,Low,Public,Neutral,3,No,College,Moderate,Female,42
26,70,High,Medium,Yes,10,49,Medium,Yes,1,Medium,Medium,Private,Positive,2,No,College,Near,Female,51
28,66,Medium,Medium,Yes,6,82,High,Yes,2,Low,Medium,Public,Positive,3,No,High School,Near,Male,71
25,79,Medium,High,No,7,80,Low,Yes,2,Medium,Medium,Public,Negative,3,No,College,Near,Female,70
26,82,Medium,Low,Yes,6,79,Medium,Yes,0,Medium,High,Public,Negative,5,No,,Moderate,Female,67
24,74,Medium,Low,Yes,8,78,Low,Yes,1,High,High,Public,Positive,2,No,College,Near,Male,63
22,89,Low,Medium,No,6,68,Low,Yes,1,High,Medium,Public,Positive,4,No,Postgraduate,Near,Female,64
21,81,Low,Low,Yes,6,64,Medium,Yes,1,Medium,Medium,Public,Positive,2,No,High School,Near,Male,53
19,92,High,Medium,Yes,8,59,Medium,Yes,0,Medium,High,Public,Negative,5,No,Postgraduate,Near,Female,60
13,76,Low,Medium,Yes,5,92,Medium,Yes,2,Low,Medium,Private,Neutral,5,No,High School,Near,Male,55
14,100,Low,High,No,6,72,Medium,Yes,0,High,Low,Public,Negative,3,No,High School,Near,Male,55
18,74,High,Low,No,8,50,Medium,Yes,1,Medium,Medium,Public,Positive,1,No,Postgraduate,Near,Male,44
21,70,Medium,Low,No,9,72,Medium,Yes,2,Low,Medium,Private,Neutral,1,No,Postgraduate,Near,Male,52
29,69,Medium,High,No,6,45,Medium,Yes,0,High,Medium,Public,Positive,3,No,High School,Moderate,Male,51
20,78,High,Low,Yes,6,75,Low,Yes,0,Medium,Low,Private,Neutral,3,No,High School,Moderate,Female,51
26,61,Medium,Medium,Yes,7,74,Low,Yes,1,Medium,Medium,Public,Negative,5,No,College,Near,Male,54
26,83,Low,Medium,No,4,65,High,No,2,Low,Medium,Public,Neutral,3,No,College,Moderate,Female,62
19,60,Medium,High,Yes,9,60,Low,Yes,2,Low,High,Private,Positive,2,No,Postgraduate,Near,Male,44
24,82,Medium,Low,Yes,6,79,Medium,Yes,2,Medium,Medium,Public,Positive,4,No,High School,Near,Male,69
19,65,Medium,High,No,6,71,Medium,Yes,1,Low,,Public,Neutral,0,Yes,High School,Moderate,Male,39
28,76,High,High,Yes,7,47,Medium,No,1,Medium,Medium,Public,Neutral,3,No,College,Moderate,Female,56
24,87,High,Low,Yes,7,88,High,Yes,1,Medium,Medium,Private,Negative,3,Yes,College,Near,Female,69
13,100,Low,Medium,Yes,6,60,Medium,Yes,2,Low,Medium,Private,Negative,4,No,College,Near,Male,51
21,68,Low,Medium,No,9,55,Medium,Yes,1,Medium,Medium,Private,Negative,2,Yes,High School,Near,Female,33
30,78,Medium,Low,Yes,4,90,Low,Yes,1,High,Low,Private,Neutral,3,No,College,Near,Female,72
19,72,Medium,High,No,5,86,High,Yes,1,Medium,Medium,Private,Positive,2,No,College,Near,Female,65
23,70,High,Low,Yes,6,67,High,Yes,3,Low,Medium,Public,Neutral,4,Yes,High School,Far,Female,51
23,72,Low,Low,Yes,6,56,High,Yes,2,Medium,Medium,Public,Positive,4,No,High School,Near,Male,52
14,89,Low,Low,No,9,60,High,Yes,0,Medium,Low,Public,Neutral,2,No,Postgraduate,Near,Male,45
23,75,Medium,Medium,Yes,5,66,Medium,Yes,2,Low,Medium,Public,Neutral,4,No,High School,Moderate,Male,55
12,100,High,High,Yes,9,88,Low,Yes,1,Low,High,Public,Neutral,2,No,High School,Far,Female,64
16,85,Low,Medium,Yes,7,89,Medium,No,0,Low,Medium,Public,Positive,3,No,College,Moderate,Female,58
26,69,High,Medium,Yes,5,74,Medium,Yes,1,Low,Medium,Public,Positive,4,No,College,Near,Male,63
22,76,Medium,Low,Yes,4,80,Low,Yes,5,Low,Medium,Private,Positive,2,No,High School,Far,Male,61
18,71,Low,Medium,No,7,69,Medium,Yes,0,High,Low,Public,Neutral,2,No,College,Near,Male,47
23,89,Medium,Medium,Yes,6,61,High,Yes,0,Medium,High,Private,Positive,3,Yes,College,Moderate,Female,59
20,62,Medium,Medium,No,7,52,Low,Yes,2,Low,Medium,Private,Neutral,0,No,High School,Near,Male,36
20,65,Medium,Medium,No,6,76,Medium,Yes,0,Low,Medium,Public,Negative,2,No,High School,Near,Male,46
24,73,Medium,High,Yes,8,84,Medium,No,1,Low,Medium,Private,Negative,3,No,College,Near,Male,63
16,88,Medium,Medium,Yes,7,65,Low,Yes,0,Low,,Public,Positive,3,No,Postgraduate,Far,Male,49
20,94,Low,Medium,Yes,6,87,High,Yes,2,High,High,Public,Positive,3,No,High School,Near,Male,78
18,95,High,Medium,No,8,67,Medium,No,0,Medium,Low,Public,Positive,3,No,High School,Moderate,Female,58
10,86,High,Low,Yes,7,73,Low,Yes,0,High,Medium,Public,Positive,4,No,Postgraduate,Moderate,Male,51
14,79,Medium,Medium,No,8,69,High,Yes,2,Low,Medium,Private,Positive,5,No,Postgraduate,Near,Male,55
29,89,Medium,Medium,Yes,9,88,Medium,No,2,Low,Low,Public,Positive,3,No,High School,Near,Male,77
22,67,High,Medium,No,7,78,Medium,No,0,High,Medium,Private,Neutral,2,Yes,Postgraduate,Far,Male,48
12,60,Low,Medium,Yes,7,71,Medium,No,1,Medium,Medium,Public,Neutral,4,No,College,Near,Male,34
11,85,High,Medium,Yes,8,73,High,Yes,0,Medium,Medium,Private,Positive,3,No,Postgraduate,Near,Female,55
19,69,Medium,Low,No,4,57,Low,Yes,2,Low,High,Public,Negative,2,No,High School,Far,Male,37
29,79,High,Low,Yes,7,43,Medium,Yes,0,Low,Low,Public,Neutral,4,Yes,Postgraduate,Near,Male,48
19,81,Medium,Medium,No,7,65,Medium,Yes,2,Low,Medium,Public,Neutral,3,No,High School,Near,Male,56
28,83,Medium,High,Yes,8,69,High,Yes,2,Low,Medium,Private,Neutral,4,No,High School,Near,Female,74
22,90,Medium,Medium,Yes,6,79,High,Yes,1,Medium,High,Public,Positive,2,No,Postgraduate,Moderate,Female,75
23,89,Low,Medium,Yes,9,70,High,Yes,1,High,High,Public,Positive,3,No,College,Far,Female,69
12,82,Low,Medium,No,6,66,Low,No,1,High,High,Public,Neutral,4,No,High School,Near,Female,41
26,75,High,Low,No,6,40,Medium,Yes,1,Low,High,Public,Positive,0,No,Postgraduate,,Female,51
18,81,Low,Low,No,6,79,Medium,Yes,2,Low,Low,Public,Neutral,2,No,Postgraduate,Near,Male,57
25,73,Low,Low,No,9,75,Medium,Yes,0,High,High,Public,Negative,4,Yes,High School,Near,Male,50
15,78,Medium,High,Yes,4,83,High,Yes,0,Low,Low,Public,Neutral,3,No,High School,Near,Male,54
21,100,Medium,Low,No,10,72,Medium,Yes,2,Medium,Medium,Public,Negative,4,Yes,College,Near,Female,60
22,82,Medium,Medium,No,9,87,Low,Yes,1,Low,Medium,Private,Neutral,2,No,High School,Far,Female,61
19,85,Low,Medium,No,6,65,Medium,Yes,2,Low,Medium,Public,Neutral,3,No,College,Far,Female,53
22,72,High,Medium,Yes,8,71,Low,Yes,2,Low,Low,Public,Positive,3,No,High School,Moderate,Female,56
18,91,High,Low,Yes,7,75,Low,Yes,0,Low,High,Public,Neutral,1,No,College,Near,Female,59
16,88,Low,High,Yes,9,81,Medium,Yes,1,Medium,Low,Public,Neutral,3,No,Postgraduate,Far,Male,59
30,88,High,Medium,Yes,8,77,High,Yes,0,Medium,High,Public,Neutral,2,Yes,College,Near,Female,76
26,82,Medium,High,No,10,78,Medium,No,1,Low,Medium,Public,Negative,2,Yes,High School,Near,Male,58
15,91,Medium,Medium,Yes,5,75,Medium,No,3,Low,Medium,Public,Positive,2,No,Postgraduate,Moderate,Female,59
23,94,High,Medium,No,7,69,Medium,Yes,3,Medium,Low,Public,Positive,5,No,College,Near,Female,76
16,83,High,Medium,Yes,5,84,Low,Yes,0,Medium,High,Public,Neutral,2,No,High School,Moderate,Male,57
13,79,Medium,Medium,No,6,50,Medium,Yes,0,Medium,Medium,Public,Negative,3,No,Postgraduate,Near,Female,37
26,90,Medium,Low,Yes,10,64,Low,Yes,0,Low,Medium,Public,Positive,3,No,High School,Moderate,Female,59
10,70,Medium,Medium,Yes,8,93,High,Yes,2,Medium,Medium,Private,Positive,4,Yes,College,Moderate,Female,49
26,72,Medium,Medium,Yes,8,63,Medium,No,3,Medium,High,Public,Positive,5,No,Postgraduate,Near,Male,64
18,79,Medium,Medium,Yes,8,71,Medium,Yes,1,Low,Medium,Public,Positive,5,No,Postgraduate,Near,Male,59
19,61,Low,Medium,No,8,90,Low,Yes,2,High,High,Public,Positive,2,No,High School,Near,Female,57
22,89,High,Medium,No,6,70,Low,Yes,1,High,Medium,Public,Positive,4,Yes,,Near,Male,61
23,69,Medium,Medium,Yes,6,61,High,Yes,1,Low,High,Private,Positive,4,Yes,High School,Moderate,Female,48
15,75,Low,Medium,Yes,6,88,High,Yes,0,Medium,Medium,Private,Positive,3,No,College,Near,Male,59
24,78,High,Low,No,4,68,High,Yes,0,Low,High,Public,Positive,4,No,High School,Near,Male,62
21,80,Medium,Medium,No,7,69,Medium,Yes,3,High,High,Private,Positive,3,No,High School,Near,Male,65
12,76,Medium,Low,No,7,46,High,Yes,2,Low,High,Public,Neutral,1,No,High School,Near,Male,34
19,79,Medium,Low,Yes,6,70,Medium,No,3,Low,Medium,Private,Neutral,5,No,College,Near,Female,54
28,79,High,High,Yes,7,81,Medium,No,1,Medium,Medium,Private,Positive,1,No,Postgraduate,Near,Male,78
30,75,High,Low,Yes,8,66,Medium,Yes,6,Low,Medium,Public,Positive,1,No,College,Far,Male,72
24,71,Medium,Low,No,8,55,Medium,No,2,High,Medium,Public,Positive,2,No,High School,Moderate,Male,48
13,92,Medium,High,Yes,5,66,Medium,Yes,2,High,Medium,Private,Neutral,4,No,High School,Moderate,Female,56
23,60,High,Medium,No,6,64,Low,Yes,2,High,Low,Public,Positive,4,No,Postgraduate,Moderate,Female,51
25,78,High,High,No,8,69,Medium,Yes,0,Low,Medium,Public,Neutral,5,No,College,Near,Male,65
24,75,Low,Medium,Yes,8,65,Medium,Yes,5,Low,Medium,Public,Negative,4,No,College,Near,Male,62
25,85,Medium,Medium,Yes,9,94,Low,Yes,1,High,High,Public,Negative,3,No,High School,Near,Male,74
22,64,High,High,Yes,9,76,Low,Yes,2,Medium,Low,Public,Negative,4,No,High School,,Male,54
20,75,Low,Low,Yes,10,49,Medium,Yes,3,Medium,Low,Public,Negative,3,No,College,Far,Male,38
16,79,Medium,Low,No,7,73,Medium,Yes,1,Medium,High,Public,Neutral,3,No,Postgraduate,Moderate,Male,53
9,92,Medium,Low,No,9,71,Medium,Yes,1,High,Medium,Public,Positive,2,No,College,Moderate,Female,49
22,84,Medium,High,No,6,88,High,No,2,Medium,Medium,Private,Neutral,4,No,College,Near,Male,75
21,67,Medium,Low,No,10,70,Medium,Yes,3,Medium,,Public,Positive,3,No,Postgraduate,Near,Male,54
23,75,Low,Medium,Yes,8,70,Medium,Yes,1,Medium,Medium,Public,Neutral,1,Yes,High School,Near,Male,48
12,90,High,Medium,Yes,8,96,Low,Yes,3,Medium,Medium,Private,Negative,1,No,High School,Near,Male,62
24,67,Medium,High,Yes,8,58,Medium,Yes,6,Medium,Low,Private,Neutral,2,Yes,High School,Near,Female,52
32,79,High,Medium,Yes,5,82,Low,Yes,1,Medium,Medium,Public,Neutral,4,No,High School,Moderate,Male,77
20,80,Medium,Medium,No,5,73,High,Yes,3,High,High,Public,Neutral,3,No,High School,Near,Male,64
20,76,Low,High,No,7,65,High,Yes,1,Medium,Medium,Public,Neutral,3,No,High School,Near,Female,55
22,100,High,Low,No,7,64,Medium,Yes,3,High,Medium,Public,Negative,3,No,High School,Far,Male,68
32,75,High,Medium,Yes,10,90,Low,No,2,Medium,High,Private,Neutral,4,No,High School,Far,Male,76
14,85,Medium,Low,Yes,6,78,Low,Yes,2,Low,Low,Private,Positive,3,Yes,High School,Moderate,Female,44
21,72,Medium,Low,Yes,9,80,Medium,Yes,0,High,Low,Private,Positive,3,Yes,College,Moderate,Male,49
15,86,Medium,Low,Yes,7,84,High,Yes,3,Low,Medium,Public,Neutral,2,No,College,Far,Female,61
17,90,High,Medium,Yes,7,76,Medium,No,4,Low,High,Private,Neutral,3,No,High School,Far,Female,64
20,74,Medium,Low,Yes,7,58,High,Yes,2,Low,Medium,Public,Neutral,3,No,College,Near,Male,50
28,79,High,High,Yes,7,52,Low,No,1,Medium,Medium,Private,Negative,2,No,High School,Near,Male,56
31,70,Medium,Medium,Yes,8,92,Medium,Yes,2,Medium,Medium,Private,Positive,3,No,College,Moderate,Male,79
23,67,Medium,Medium,Yes,6,75,Low,Yes,1,Medium,Medium,Private,Negative,4,No,High School,Near,Male,53
18,91,Medium,Medium,No,5,73,Medium,Yes,3,Medium,Low,Public,Neutral,5,No,High School,Moderate,Male,62
35,74,Low,High,No,7,95,Medium,Yes,0,High,Low,Public,Neutral,2,No,College,Far,Male,82
17,60,High,Medium,Yes,8,58,Medium,Yes,1,Low,Medium,Public,Positive,1,Yes,College,Near,Female,32
17,99,Low,Low,No,5,40,High,Yes,0,Medium,High,Public,Positive,1,No,College,Near,Male,47
9,71,High,Low,Yes,8,48,Low,Yes,0,Medium,High,Private,Positive,2,Yes,College,Near,Male,20
28,77,Low,High,Yes,9,65,Low,No,1,High,High,Public,Neutral,3,No,High School,Near,Male,60
26,98,Medium,High,No,9,74,Medium,Yes,0,Low,High,Private,Positive,2,Yes,High School,Near,Male,69
35,78,High,Medium,No,7,90,Medium,No,3,Low,Medium,Public,Neutral,1,No,College,Near,Male,87
12,78,Medium,Low,No,4,83,High,Yes,4,Low,Low,Private,Positive,5,No,High School,Near,Female,55
29,66,Low,Medium,Yes,8,40,High,Yes,1,Low,Low,Private,Negative,1,No,Postgraduate,Far,Female,43
20,62,Medium,Medium,Yes,8,100,Medium,Yes,0,Medium,Medium,Public,Neutral,5,No,High School,Near,Male,62
25,78,Low,Medium,No,6,67,Medium,Yes,3,Medium,Medium,Public,Positive,4,No,Postgraduate,Far,Female,65
10,84,High,Low,Yes,7,88,Medium,Yes,2,Medium,High,Public,Positive,5,No,Postgraduate,,Male,61
29,83,Low,Medium,Yes,8,79,Low,Yes,0,High,Low,Public,Positive,2,No,Postgraduate,Far,Female,69
25,75,Medium,Medium,No,10,72,Medium,Yes,4,Medium,Medium,Private,Positive,3,No,Postgraduate,Moderate,Male,68
20,80,Low,High,No,7,69,Low,Yes,1,Medium,Low,Public,Positive,3,No,College,Moderate,Female,55
24,60,Medium,Low,No,8,58,Low,No,1,Low,Medium,Public,Negative,2,No,High School,Near,Male,35
15,85,High,High,Yes,7,55,High,Yes,1,High,Medium,Private,Positive,3,No,High School,Near,Male,56
17,82,High,Medium,No,7,70,Medium,Yes,1,Medium,Medium,Private,Neutral,3,No,,Near,Male,60
17,100,Medium,Medium,No,9,54,High,Yes,3,High,Low,Private,Neutral,2,No,High School,Near,Female,59
9,80,Low,High,Yes,6,93,High,Yes,1,Medium,Medium,Private,Neutral,5,No,High School,Near,Female,57
25,70,Low,Medium,Yes,7,73,High,Yes,1,Medium,Medium,Public,Positive,2,No,High School,Near,Male,61
27,79,High,Low,Yes,7,99,High,Yes,0,Medium,Low,Private,Neutral,4,No,Postgraduate,Moderate,Male,80
16,76,Low,Low,No,5,66,Low,Yes,2,High,Medium,Private,Positive,3,Yes,College,Near,Male,37
22,85,Medium,High,Yes,9,64,Low,Yes,3,Low,High,Public,Positive,3,No,Postgraduate,Moderate,Male,66
18,80,Medium,Medium,Yes,8,80,Medium,No,2,High,High,Public,Positive,0,No,College,Near,Female,62
22,66,High,Medium,Yes,7,69,Medium,Yes,0,Low,Medium,Public,Neutral,3,No,High School,Moderate,Male,51
16,62,Medium,Medium,Yes,7,85,Medium,Yes,1,Low,Low,Private,Positive,3,Yes,High School,Near,Male,43
15,83,Medium,Low,Yes,7,91,High,No,0,Low,Medium,Public,Neutral,3,No,High School,Moderate,Female,56
26,95,High,Low,No,8,86,Medium,Yes,2,Medium,High,Private,Negative,1,No,High School,Near,Female,79
20,81,High,High,Yes,7,90,Low,Yes,2,Medium,Medium,Public,Negative,3,No,High School,Near,Male,69
32,89,Medium,Medium,Yes,6,83,Medium,Yes,1,High,Medium,Public,Negative,4,Yes,High School,Moderate,Male,75
20,91,High,Low,No,6,65,High,Yes,2,Medium,Medium,Private,Negative,4,No,High School,Near,Male,62
14,83,Medium,Medium,No,7,87,High,Yes,0,Medium,Medium,Public,Positive,3,No,College,Moderate,Female,61
27,71,Medium,High,Yes,6,81,Medium,No,3,Medium,High,Private,Negative,4,No,College,Near,Female,70
24,82,Low,Low,Yes,7,64,Low,Yes,1,Medium,Medium,Private,Positive,4,No,High School,Moderate,Female,57
24,93,Medium,Low,No,6,66,High,Yes,3,Medium,Low,Public,Neutral,2,No,High School,Far,Female,65
27,86,Medium,Medium,Yes,6,71,Medium,No,2,Low,High,Public,Positive,3,Yes,High School,Far,Male,62
16,88,Low,Low,No,10,86,Medium,Yes,4,Medium,Medium,Private,Neutral,4,No,College,Moderate,Female,63
19,75,Low,Low,Yes,10,74,High,Yes,2,Medium,Low,Public,Negative,5,No,College,Near,Male,52
19,78,Medium,Low,Yes,7,72,Medium,Yes,1,High,Medium,Public,Neutral,2,No,College,Near,Female,56
12,79,Low,Low,Yes,8,70,High,Yes,3,Low,High,Public,Negative,2,No,College,Near,Male,45
18,79,Medium,Medium,Yes,8,67,High,Yes,1,Low,Medium,Public,Negative,2,Yes,High School,Moderate,Male,42
28,93,Medium,Low,Yes,7,57,Low,Yes,1,Medium,Low,Public,Positive,1,Yes,Postgraduate,Near,Male,59
21,60,Medium,Medium,Yes,7,82,Medium,Yes,0,Medium,Medium,Public,Negative,3,No,High School,Near,Male,52
12,80,Medium,Medium,Yes,7,59,Low,Yes,1,Low,High,Private,Neutral,2,No,High School,Moderate,Male,39
11,79,Medium,Low,Yes,9,73,Medium,No,2,Medium,Medium,Private,Positive,4,No,College,Moderate,Male,45
30,65,Medium,Low,No,9,67,Low,Yes,1,Low,Medium,Private,Positive,2,No,College,Near,Female,56
19,87,Medium,High,No,9,82,Medium,Yes,0,Medium,High,Public,Positive,2,No,College,Moderate,Male,67
16,72,Medium,Medium,Yes,7,68,Low,Yes,2,Medium,Low,Private,Negative,4,Yes,High School,Near,Male,36
18,76,High,Medium,No,10,59,High,Yes,3,Low,Low,Public,Positive,3,No,Postgraduate,Near,Male,55
11,100,Low,Medium,Yes,7,85,Low,Yes,1,Medium,Medium,Public,Neutral,4,No,High School,Moderate,Male,59
29,91,Medium,High,No,10,61,Low,Yes,3,Medium,Medium,Public,Negative,2,No,College,Far,Male,69
18,86,Medium,Low,No,6,74,Low,Yes,1,High,High,Public,Positive,5,No,High School,Far,Male,59
28,84,High,Low,No,5,89,Medium,Yes,2,Medium,High,Public,Positive,3,No,High School,Near,Male,82
20,78,Low,High,No,10,63,Low,Yes,2,Medium,Medium,Public,Negative,2,No,High School,,Male,47
29,100,Medium,Low,No,8,71,High,No,0,Low,Medium,Public,Positive,1,No,High School,Near,Male,74
22,89,Medium,Medium,Yes,8,66,Medium,No,0,Medium,High,Public,Positive,3,No,High School,Moderate,Female,59
25,72,Medium,Low,No,6,74,High,No,4,Medium,High,Public,Positive,4,No,College,Near,Male,68
24,65,High,Medium,Yes,6,71,Low,Yes,3,High,Medium,Private,Positive,4,Yes,Postgraduate,Moderate,Female,55
24,86,Low,Medium,No,6,84,Low,Yes,0,Medium,Medium,Public,Positive,1,No,College,Moderate,Female,66
22,79,Low,Medium,Yes,7,64,High,Yes,0,Low,High,Public,Positive,1,No,College,Moderate,Male,55
19,64,Medium,Medium,Yes,7,89,Medium,No,0,Medium,Low,Private,Neutral,1,No,High School,Moderate,Male,49
31,85,Medium,Low,No,4,93,Low,Yes,1,Medium,Medium,Public,Neutral,2,Yes,High School,Near,Female,71
15,77,Medium,Low,No,9,75,Low,No,1,High,Medium,Public,Neutral,4,No,High School,Moderate,Female,42
20,86,Medium,Medium,Yes,6,62,High,Yes,3,Low,Medium,Public,Positive,3,Yes,College,Moderate,Male,56
20,85,Low,Low,Yes,9,71,Low,No,2,Low,Low,Public,Positive,1,No,High School,Near,Female,49
22,73,High,Medium,No,6,70,Medium,Yes,2,High,Medium,Public,Neutral,1,No,High School,Near,Female,59
17,87,Medium,Medium,Yes,7,95,High,Yes,1,Medium,Medium,Private,Positive,3,No,College,Near,Male,74
22,75,Low,Medium,No,8,71,Medium,Yes,3,Medium,Medium,Private,Positive,4,No,College,Far,Female,60
19,75,Medium,Medium,No,8,90,High,Yes,0,Medium,High,Private,Negative,4,No,College,Far,Male,63
11,74,High,High,No,7,73,Medium,Yes,1,Low,Medium,Public,Neutral,5,No,High School,,Female,47
20,92,High,Medium,Yes,8,73,Medium,Yes,2,Low,Medium,Public,Negative,3,No,High School,Moderate,Female,62
13,77,Low,Low,No,8,67,Medium,Yes,4,Medium,High,Public,Neutral,5,No,High School,Far,Female,45
10,95,Medium,High,Yes,7,69,Low,Yes,1,Low,Medium,Private,Positive,6,No,College,Far,Female,53
21,100,Low,Low,No,5,84,Medium,Yes,3,High,Medium,Public,Positive,3,No,College,Moderate,Male,77
23,72,Low,High,No,6,63,High,Yes,2,High,Medium,Public,Neutral,4,Yes,Postgraduate,Near,Male,54
23,60,High,Low,No,6,84,Medium,Yes,2,Medium,High,Public,Positive,0,Yes,College,Moderate,Male,52
23,91,High,Medium,Yes,7,91,Medium,Yes,0,Low,Medium,Private,Positive,4,No,High School,Near,Female,78
8,76,Low,Medium,Yes,9,64,Medium,Yes,2,Medium,High,Public,Positive,2,No,High School,Moderate,Male,36
12,70,High,Low,Yes,8,88,Medium,No,1,High,High,Private,Positive,4,No,College,Far,Female,50
32,74,Medium,Medium,No,6,86,Medium,Yes,1,High,High,Private,Negative,2,No,College,Near,Female,78
14,75,High,Low,No,10,83,Medium,Yes,1,Low,,Public,Neutral,4,No,High School,Near,Female,50
24,94,High,Medium,No,7,64,Low,Yes,1,Medium,Medium,Public,Neutral,2,No,Postgraduate,Far,Male,67
16,82,Medium,High,Yes,8,70,Low,Yes,3,Low,Medium,Public,Positive,3,No,College,Near,Male,58
20,94,High,Medium,Yes,6,70,Medium,Yes,1,Medium,Medium,Public,Positive,4,No,,Near,Female,70
16,85,Low,Medium,Yes,6,99,Medium,Yes,0,Low,Medium,Public,Neutral,3,No,Postgraduate,Near,Male,65
23,77,Medium,Medium,No,8,72,Medium,Yes,4,High,Medium,Public,Positive,1,No,College,Near,Female,67
21,76,Medium,Low,Yes,6,70,Medium,Yes,0,Medium,High,Public,Neutral,3,No,Postgraduate,Moderate,Male,54
17,86,High,High,Yes,7,57,Medium,Yes,1,Low,High,Public,Neutral,2,No,College,Near,Male,55
14,89,Low,Medium,Yes,8,59,Medium,Yes,1,Medium,Medium,Public,Positive,2,No,College,Moderate,Male,47
22,91,Medium,Medium,Yes,6,63,Medium,No,0,Medium,Medium,Public,Negative,2,No,College,Moderate,Male,54
13,77,High,Medium,No,5,77,Medium,Yes,2,High,High,Private,Negative,4,No,College,Near,Female,55
23,82,Medium,Medium,Yes,8,53,High,Yes,3,Medium,High,Private,Neutral,5,No,College,Near,Female,63
36,86,Low,Low,Yes,10,63,Low,Yes,2,Low,,Public,Neutral,4,No,High School,Moderate,Female,67
28,76,Medium,Low,No,8,48,Medium,Yes,0,Medium,High,Public,Positive,2,No,High School,Moderate,Female,53
24,68,Medium,Medium,Yes,8,90,Medium,Yes,3,High,High,Public,Positive,3,No,College,Moderate,Female,73
19,71,Medium,Low,Yes,6,73,Low,No,0,Medium,Medium,Private,Neutral,3,No,Postgraduate,Near,Female,46
8,77,Medium,Low,Yes,9,76,Medium,Yes,1,High,,Public,Positive,4,No,High School,Near,Male,44
12,87,Medium,Medium,Yes,6,58,Low,Yes,0,Low,Medium,Public,Negative,3,No,Postgraduate,Far,Female,37
28,94,High,Medium,No,9,87,Low,Yes,3,Low,Medium,Public,Neutral,4,No,College,Near,Female,84
15,65,High,Medium,Yes,8,92,Low,Yes,2,High,Low,Private,Positive,3,No,Postgraduate,Near,Female,58
16,73,Low,High,Yes,8,73,Medium,Yes,3,Medium,Low,Public,Positive,4,Yes,Postgraduate,Near,Female,50
19,76,High,Medium,Yes,8,66,Low,Yes,2,High,Medium,Public,Negative,4,No,College,Moderate,Female,52
14,89,High,Low,No,8,79,High,Yes,2,High,Low,Public,Neutral,2,No,High School,Near,Male,60
13,74,Medium,High,Yes,7,82,Medium,Yes,1,Medium,Medium,Public,Negative,3,No,College,Moderate,Male,51
20,75,Medium,Medium,No,8,83,Medium,Yes,2,Medium,Medium,Public,Positive,3,No,Postgraduate,Near,Female,65
15,64,Low,Medium,Yes,6,81,Medium,Yes,2,Medium,Medium,Public,Neutral,4,Yes,College,Near,Female,42
16,85,Medium,High,No,7,85,High,Yes,2,Low,Medium,Public,Positive,3,No,High School,Near,Male,68
15,78,Medium,Low,No,9,63,Medium,Yes,1,Medium,Medium,Public,Positive,2,No,College,Near,Male,43
23,73,Medium,Medium,Yes,7,84,Low,Yes,4,High,Medium,Public,Positive,2,No,Postgraduate,Far,Male,69
19,77,Low,Low,Yes,7,66,High,Yes,2,Medium,Medium,Public,Positive,3,No,College,Moderate,Male,55
19,92,Low,Low,Yes,8,40,Medium,Yes,5,Low,Medium,Public,Negative,4,No,Postgraduate,Far,Male,48
24,69,Medium,Medium,No,8,66,High,Yes,1,Low,Medium,Public,Negative,2,No,High School,Far,Female,52
19,71,Low,Low,Yes,5,65,Medium,Yes,1,Medium,High,Public,Neutral,2,No,College,Moderate,Male,45
18,94,Medium,Low,Yes,8,75,Medium,No,1,Medium,Medium,Public,Negative,2,No,Postgraduate,Moderate,Female,59
23,81,High,Medium,No,7,83,High,Yes,1,Medium,Medium,Public,Neutral,2,No,High School,Far,Male,71
24,87,Medium,Medium,No,8,75,Low,Yes,1,Medium,High,Public,Neutral,2,No,College,Moderate,Male,68
19,84,Low,Medium,Yes,7,98,Medium,Yes,4,High,High,Public,Positive,3,No,High School,Near,Female,79
20,80,Low,Low,Yes,8,65,Medium,Yes,0,Low,High,Private,Neutral,4,No,High School,Near,Female,50
15,76,Medium,Medium,No,4,46,Low,Yes,1,High,Medium,Public,Positive,2,No,College,Moderate,Male,34
15,89,High,Medium,No,6,76,Low,Yes,0,Medium,High,Public,Neutral,1,Yes,Postgraduate,Moderate,Female,49
25,93,Medium,Medium,Yes,8,65,Low,Yes,1,High,Medium,Public,Positive,3,No,Postgraduate,Near,Male,71
23,92,High,Medium,Yes,10,58,Low,Yes,3,Medium,Medium,Public,Positive,1,No,College,Near,Male,63
23,67,High,High,Yes,8,68,Medium,Yes,3,Medium,Medium,Public,Positive,5,No,Postgraduate,Moderate,Female,66
22,94,Low,Low,Yes,6,62,Medium,Yes,0,Low,High,Public,Neutral,3,No,College,Far,Male,56
20,76,Medium,Medium,No,7,63,Low,Yes,2,Medium,Medium,Public,Neutral,3,No,College,Moderate,Female,50
24,72,Medium,High,No,6,92,Low,Yes,3,Low,Medium,Private,Neutral,4,No,College,Moderate,Male,70
26,78,Medium,Medium,No,9,74,High,Yes,3,Medium,Low,Public,Neutral,3,No,,Near,Male,69
25,89,Medium,High,Yes,7,69,Low,Yes,3,Medium,High,Public,Positive,3,No,High School,Moderate,Female,74
19,86,Medium,Medium,Yes,8,93,High,Yes,2,High,Medium,Private,Neutral,3,No,High School,Near,Male,74
28,77,Medium,Medium,No,7,68,Low,Yes,3,Medium,Medium,Private,Positive,5,No,College,Moderate,Male,69
21,89,Medium,Low,Yes,9,56,High,Yes,1,Medium,Medium,Public,Neutral,5,No,College,Near,Female,57
24,82,Medium,Low,Yes,5,55,Medium,Yes,2,Low,Medium,Private,Positive,3,Yes,High School,Moderate,Female,48
22,74,Low,Medium,No,7,71,Low,Yes,1,Low,Low,Public,Positive,5,No,High School,Near,Male,54
21,72,Medium,Medium,No,8,51,Medium,Yes,0,Low,Low,Public,Positive,0,No,High School,Near,Male,40
16,85,Medium,High,Yes,7,57,Medium,Yes,2,Low,Medium,Public,Positive,3,No,High School,Near,Male,52
24,79,Medium,High,Yes,8,67,Low,Yes,0,Low,Low,Public,Positive,4,No,High School,Moderate,Male,56
37,65,Low,Low,No,7,87,Medium,Yes,2,High,Low,Public,Negative,1,Yes,College,Far,Female,66
18,89,Medium,Medium,No,8,89,Medium,Yes,0,Low,Medium,Private,Positive,6,No,Postgraduate,Far,Male,68
20,75,High,High,No,8,81,Medium,Yes,2,Medium,High,Public,Neutral,5,No,College,Moderate,Male,69
17,98,Medium,High,Yes,8,72,Low,Yes,2,Medium,Low,Public,Negative,3,No,Postgraduate,Near,Female,63
17,65,Low,High,No,8,65,Medium,Yes,1,Low,High,Private,Positive,6,No,High School,Moderate,Male,45
29,78,Medium,Medium,No,5,77,Low,Yes,1,Low,Medium,Public,Negative,4,No,College,Near,Male,67
16,72,Medium,High,No,6,95,Low,Yes,2,Low,Low,Public,Positive,3,No,College,Near,Male,60
17,69,Medium,Medium,Yes,5,74,Low,Yes,1,Low,Medium,Private,Positive,4,No,High School,Near,Female,48
10,75,Low,Low,Yes,8,66,Medium,Yes,4,High,Medium,Public,Positive,2,No,High School,Moderate,Female,40
15,99,Medium,Low,No,8,70,Low,Yes,2,High,Low,Private,Positive,3,No,College,Near,Male,59
10,82,High,Medium,Yes,9,69,Low,Yes,1,High,Low,Public,Positive,2,No,High School,Far,Female,43
24,71,Medium,High,Yes,7,79,Medium,Yes,1,Low,Low,Public,Neutral,3,No,College,Near,Female,63
37,60,Medium,Medium,Yes,6,62,High,No,0,Low,High,Private,Positive,3,No,College,Near,Female,66
18,61,Low,Medium,Yes,7,77,Medium,Yes,0,Medium,Low,Public,Negative,3,No,High School,Near,Female,41
10,74,Low,Medium,Yes,4,79,High,Yes,3,Low,Medium,Public,Neutral,3,No,High School,Moderate,Male,44
25,73,High,Medium,Yes,6,76,Low,Yes,0,Low,Medium,Private,Negative,6,No,College,Near,Male,62
16,78,High,Low,No,4,58,High,No,5,Medium,Medium,Public,Positive,1,No,College,Near,Male,50
28,60,Low,Medium,Yes,7,70,Low,Yes,1,Low,Low,Private,Negative,1,No,High School,Near,Female,49
18,79,High,Low,Yes,7,65,Low,No,0,Low,Medium,Public,Neutral,2,Yes,College,Near,Male,38
16,91,Low,Medium,No,7,71,Low,Yes,1,Medium,High,Public,Neutral,3,No,College,Far,Male,54
19,98,Medium,Medium,Yes,6,63,Medium,Yes,0,Medium,High,Public,Neutral,3,No,High School,Moderate,Male,60
25,60,Medium,Medium,No,6,88,Low,No,3,Medium,Medium,Public,Negative,1,No,College,Near,Female,56
19,71,Medium,Medium,Yes,8,74,Medium,Yes,1,Low,Medium,Private,Neutral,5,No,College,Moderate,Female,52
17,71,Medium,High,No,5,51,Medium,No,1,Low,High,Private,Negative,4,No,High School,Near,Male,38
19,82,Medium,High,No,8,55,Medium,No,2,Low,Medium,Public,Neutral,3,No,College,Moderate,Male,49
12,67,Low,Low,No,6,88,High,Yes,2,Low,Medium,Public,Neutral,2,No,High School,Near,Male,45
22,99,High,Low,No,5,70,Low,Yes,2,Medium,High,Public,Neutral,3,No,College,Near,Male,70
9,80,Low,Low,No,9,67,Low,Yes,0,Low,Medium,Public,Positive,2,No,Postgraduate,Far,Male,32
17,79,Low,Low,Yes,9,87,Low,Yes,4,Low,High,Private,Neutral,3,No,High School,Near,Male,58
25,98,High,Low,Yes,6,70,Low,No,2,Medium,Medium,Public,Neutral,1,No,Postgraduate,Near,Female,69
22,80,Medium,High,Yes,6,56,Low,Yes,2,Low,Medium,Private,Neutral,2,No,High School,Near,Female,52
24,84,Medium,High,No,7,57,Low,Yes,2,Medium,Medium,Private,Negative,4,No,College,Moderate,Male,59
20,72,Medium,Low,Yes,6,80,Medium,Yes,5,Low,Medium,Public,Negative,2,No,High School,Moderate,Female,57
27,65,Low,High,Yes,6,98,High,Yes,2,Low,Medium,Private,Positive,4,Yes,High School,Near,Female,71
26,73,Medium,High,Yes,8,83,High,Yes,1,Low,High,Public,Neutral,3,No,High School,Moderate,Male,69
23,100,Medium,Medium,Yes,10,67,High,Yes,1,High,Medium,Private,Positive,3,No,High School,Far,Male,70
26,87,Medium,High,Yes,7,69,Low,No,1,Medium,Medium,Public,Neutral,2,No,Postgraduate,Near,Female,67
25,83,Medium,High,Yes,8,73,Low,No,1,Low,High,Private,Neutral,3,No,College,Near,Female,65
17,69,High,High,No,7,46,Medium,Yes,2,Medium,High,Public,Positive,3,No,High School,Near,Female,45
12,90,High,Medium,Yes,5,72,Medium,Yes,1,High,Medium,Public,Negative,0,No,High School,Moderate,Male,50
23,65,Medium,Medium,No,7,80,Low,No,1,Low,Low,Public,Positive,4,No,College,Moderate,Male,54
23,63,High,Low,Yes,7,95,High,Yes,1,Medium,Low,Private,Neutral,3,No,Postgraduate,Near,Female,70
27,74,High,High,Yes,9,86,High,No,1,Medium,Medium,Public,Positive,1,No,High School,Near,Female,73
14,100,High,Low,Yes,9,97,Medium,No,0,Medium,High,Private,Positive,3,Yes,Postgraduate,Near,Female,66
15,100,Medium,Medium,No,8,94,High,No,1,Low,Medium,Private,Neutral,3,No,High School,Near,Female,71
23,75,Low,Low,Yes,9,90,Low,Yes,1,Low,High,Public,Negative,2,No,College,Moderate,Male,58
20,73,Low,Medium,Yes,7,72,Medium,No,3,Medium,Medium,Public,Positive,4,No,College,Near,Male,57
9,62,High,Low,Yes,9,76,Low,Yes,2,Medium,High,Public,Positive,5,No,Postgraduate,Near,Female,39
22,81,Medium,High,Yes,7,50,Medium,Yes,2,Medium,Medium,Public,Neutral,2,No,High School,Near,Female,54
9,82,High,Medium,No,9,74,Low,Yes,2,Medium,Medium,Private,Positive,2,Yes,Postgraduate,Near,Female,43
14,89,Medium,Medium,Yes,9,79,Medium,Yes,3,High,Medium,Private,Neutral,2,No,High School,Far,Male,58
28,90,Low,Medium,Yes,8,68,Low,Yes,1,Medium,Low,Public,Positive,0,No,Postgraduate,Moderate,Male,67
31,78,Medium,Medium,Yes,6,52,Medium,No,2,High,High,Public,Neutral,4,No,Postgraduate,Near,Male,66
13,86,High,High,Yes,6,93,Medium,Yes,0,Medium,Medium,Private,Negative,5,No,College,Moderate,Female,63
18,72,Low,High,Yes,8,77,Medium,Yes,1,Medium,Low,Public,Negative,3,No,Postgraduate,Far,Male,51
20,86,Medium,High,No,8,94,Medium,Yes,1,High,High,Public,Positive,3,No,College,Near,Female,78
31,74,High,Medium,No,7,82,High,Yes,2,Medium,Medium,Public,Positive,3,No,High School,Moderate,Male,81
17,85,Low,High,No,7,90,High,Yes,1,Low,High,Public,Positive,2,No,,Near,Female,69
17,84,Medium,Medium,Yes,7,87,High,Yes,2,High,High,Public,Neutral,2,Yes,High School,Near,Female,62
29,81,Medium,Medium,Yes,7,63,Low,Yes,1,Low,Medium,Public,Positive,6,No,College,Moderate,Female,66
18,89,High,Medium,Yes,7,65,Medium,Yes,2,Low,High,Public,Neutral,4,No,High School,Near,Female,61
24,63,Medium,Medium,Yes,10,66,High,Yes,2,Medium,High,Private,Neutral,4,No,College,Far,Female,55
11,68,Low,Medium,Yes,6,59,High,Yes,1,Low,Medium,Private,Neutral,6,No,Postgraduate,Moderate,Male,37
19,77,Low,Medium,Yes,8,95,Low,Yes,1,Low,Medium,Private,Positive,3,No,College,Near,Female,62
10,64,Medium,Medium,Yes,7,73,High,No,0,High,Medium,Public,Neutral,2,No,High School,Near,Male,35
14,76,Medium,Medium,Yes,5,78,Medium,Yes,3,Low,Low,Public,Positive,2,Yes,College,Near,Female,46
25,76,Low,Medium,Yes,5,55,High,Yes,2,Medium,Medium,Public,Neutral,5,No,College,Near,Female,57
20,94,High,Medium,Yes,7,83,Medium,Yes,2,Low,Low,Public,Neutral,4,No,College,Moderate,Female,72
18,82,Low,High,Yes,4,67,Medium,Yes,1,Low,High,Public,Negative,3,No,High School,Near,Male,51
16,91,High,Low,Yes,10,88,Low,Yes,1,Medium,Medium,Public,Positive,2,No,High School,Far,Female,62
19,83,High,Low,No,6,63,Low,Yes,0,High,Low,Public,Positive,3,No,College,Moderate,Female,50
22,74,Medium,Medium,Yes,6,89,Medium,Yes,2,Medium,High,Public,Positive,3,No,Postgraduate,Moderate,Female,71
26,81,Medium,Low,Yes,9,84,Medium,Yes,2,Medium,High,Public,Neutral,5,No,High School,Near,Male,72
4,88,Low,Low,Yes,7,66,Medium,Yes,1,Medium,Medium,Private,Neutral,3,No,High School,Near,Female,34
15,93,Medium,Medium,Yes,8,90,Medium,Yes,0,Low,Low,Public,Neutral,2,Yes,High School,Moderate,Male,55
21,79,Medium,Low,Yes,6,87,Medium,No,0,Medium,High,Public,Positive,1,No,College,Moderate,Female,60
19,62,Low,Medium,No,7,78,Low,Yes,1,High,High,Private,Negative,4,No,College,Moderate,Male,48
22,61,Medium,Low,Yes,8,59,Low,Yes,1,Low,Low,Public,Positive,4,No,College,Far,Male,39
22,76,Low,Low,No,6,82,Medium,Yes,2,Low,Medium,Private,Neutral,5,No,High School,Near,Male,61
18,60,Medium,Medium,No,8,73,Medium,Yes,0,Low,High,Private,Positive,6,No,College,Near,Male,48
17,100,Medium,High,No,4,73,High,No,5,Low,High,Public,Positive,1,No,College,Near,Female,72
19,87,Medium,Medium,Yes,9,73,High,Yes,0,Medium,High,Public,Neutral,3,No,High School,Near,Female,61
27,73,Low,Medium,Yes,6,72,Medium,Yes,1,Low,Medium,Public,Neutral,3,No,College,Near,Male,60
16,68,Low,Medium,Yes,7,61,Low,Yes,2,Low,Medium,Public,Positive,3,Yes,High School,Moderate,Male,33
20,91,Medium,Medium,Yes,7,52,High,No,2,Low,Medium,Public,Positive,2,No,High School,Moderate,Female,55
21,68,Medium,Medium,No,6,50,Low,Yes,2,Medium,Medium,Public,Neutral,3,No,College,Near,Female,43
29,69,Medium,Low,Yes,6,76,Medium,Yes,1,Low,Medium,Public,Neutral,1,No,College,Moderate,Female,63
18,72,Low,Low,Yes,8,40,High,No,2,Medium,Medium,Public,Negative,4,No,Postgraduate,Far,Male,33
26,81,Medium,Medium,Yes,8,81,High,Yes,2,High,High,Public,Positive,4,No,High School,Near,Female,79
27,87,High,Medium,No,6,79,High,Yes,0,Low,Medium,Private,Positive,2,No,College,Moderate,Female,77
20,93,Medium,High,Yes,8,68,Low,No,0,Low,Medium,Private,Neutral,4,Yes,Postgraduate,Moderate,Male,51
19,91,Medium,Medium,Yes,8,85,Medium,Yes,2,Medium,Medium,Public,Neutral,3,No,High School,Near,Male,71
18,80,Medium,Medium,No,6,69,High,Yes,4,Low,Medium,Public,Neutral,4,No,High School,Moderate,Male,59
18,91,High,Medium,No,5,77,Low,Yes,2,High,High,Public,Neutral,3,No,Postgraduate,Moderate,Male,68
25,73,High,Medium,No,7,47,High,Yes,2,Low,High,Private,Neutral,2,No,High School,Far,Female,54
21,60,Low,Medium,Yes,8,43,Medium,Yes,2,Low,High,Public,Neutral,3,No,College,Moderate,Male,34
21,73,Low,Low,Yes,7,69,High,Yes,3,Low,Low,Public,Positive,2,No,High School,Near,Male,53
13,71,Low,High,No,6,77,Medium,Yes,1,Low,Medium,Public,Neutral,4,No,Postgraduate,Far,Female,47
14,73,High,Medium,No,8,84,Low,Yes,1,Low,Medium,Private,Neutral,3,Yes,High School,Near,Female,43
33,69,Low,Medium,Yes,9,70,High,Yes,1,Medium,Medium,Public,Positive,4,No,High School,Near,Male,71
19,75,High,Medium,Yes,6,75,Medium,Yes,0,Low,Medium,Private,Positive,4,No,High School,Moderate,Female,55
15,87,Low,High,Yes,7,82,Medium,No,0,Medium,Medium,Public,Negative,3,No,Postgraduate,Moderate,Male,56
29,99,Medium,Low,No,10,70,High,No,0,Low,High,Private,Positive,3,No,High School,Moderate,Male,74
22,61,Medium,High,Yes,7,80,Medium,Yes,1,Low,Low,Public,Negative,4,Yes,High School,Moderate,Male,46
23,66,Medium,Low,Yes,5,57,Medium,Yes,0,Medium,Medium,Private,Neutral,4,No,High School,Far,Male,41
19,71,Medium,Low,No,6,50,Medium,Yes,1,Low,Medium,Private,Positive,4,Yes,College,Near,Female,35
18,88,Medium,High,Yes,6,65,High,No,3,Medium,Medium,Public,Positive,2,No,College,Far,Male,61
19,78,Medium,Low,No,8,82,Medium,Yes,1,High,Medium,Public,Positive,2,No,High School,Near,Male,59
12,72,Medium,Medium,No,7,63,Medium,Yes,0,High,High,Public,Negative,3,No,College,Near,Female,39
19,88,Medium,Medium,Yes,6,80,High,Yes,0,High,Low,Private,Neutral,3,No,High School,Moderate,Female,64
22,91,High,High,Yes,10,59,Low,No,1,Low,Medium,Public,Negative,2,No,High School,Near,Male,53
31,80,High,High,No,7,64,High,No,4,Low,Medium,Public,Neutral,5,No,College,Moderate,Female,78
21,71,Medium,Medium,No,6,75,High,Yes,1,Medium,Medium,Public,Neutral,2,No,College,Far,Female,57
6,83,Medium,High,No,5,63,Low,Yes,2,High,Medium,Public,Positive,4,No,Postgraduate,Moderate,Female,41
19,77,High,Low,Yes,6,66,Medium,Yes,4,High,Medium,Public,Neutral,5,No,College,Moderate,Male,59
36,77,Medium,Medium,No,5,40,High,No,1,Medium,Low,Private,Positive,2,No,College,Near,Female,62
25,74,High,High,Yes,7,83,Medium,Yes,2,Medium,High,Private,Neutral,0,No,High School,Far,Female,70
15,90,High,Medium,No,6,70,Low,Yes,4,Low,Medium,Public,Positive,2,No,Postgraduate,Near,Male,62
24,83,Low,Medium,Yes,8,60,Low,Yes,1,Low,Medium,Private,Neutral,2,No,Postgraduate,Near,Female,55
16,91,Low,High,Yes,6,96,Low,Yes,2,High,Medium,Public,Neutral,1,No,High School,Near,Female,70
12,95,Medium,Medium,No,8,62,Medium,Yes,2,High,Medium,Public,Neutral,4,No,College,Near,Male,54
18,85,Medium,High,Yes,8,65,Medium,Yes,1,Medium,High,Private,Positive,4,No,Postgraduate,Moderate,Male,62
21,74,Medium,Low,Yes,8,59,Medium,Yes,1,Low,Low,Public,Positive,4,No,College,Moderate,Female,46
9,91,High,Medium,No,8,86,Medium,No,1,Low,Medium,Public,Positive,2,No,High School,Near,Male,54
13,85,Medium,High,Yes,10,91,Medium,Yes,2,Low,Low,Public,Negative,4,No,High School,Near,Female,59
20,100,Medium,Medium,Yes,6,89,Medium,No,2,Low,Low,Public,Positive,2,Yes,High School,Moderate,Female,66
18,83,Medium,Medium,Yes,8,89,High,Yes,1,Low,High,Private,Negative,2,No,College,Near,Male,66
22,88,Low,High,Yes,8,64,High,Yes,0,Low,High,Private,Neutral,2,No,High School,Moderate,Male,61
13,83,Medium,Medium,No,8,94,Medium,No,3,Low,Medium,Public,Negative,2,No,College,Near,Male,59
24,79,High,Low,No,7,69,Medium,Yes,2,High,Medium,Private,Neutral,3,No,Postgraduate,Moderate,Male,65
13,77,Low,Low,Yes,9,52,High,Yes,1,Low,Medium,Private,Positive,2,Yes,College,Moderate,Male,29
30,83,High,Medium,Yes,5,66,High,Yes,0,Low,Medium,Public,Neutral,2,No,High School,Near,Male,69
10,86,High,Medium,Yes,6,76,High,Yes,0,Medium,High,Public,Positive,5,No,High School,Moderate,Male,55
13,93,Low,Low,Yes,6,64,Medium,Yes,1,Medium,Medium,Private,Positive,2,No,Postgraduate,Near,Male,52
23,83,High,High,No,7,74,Medium,Yes,0,Medium,Medium,Public,Neutral,4,No,Postgraduate,Far,Female,69
30,75,High,Low,No,7,79,Medium,Yes,2,Medium,Low,Public,Positive,3,No,College,Near,Female,75
22,76,Medium,High,Yes,6,77,Medium,Yes,2,Medium,High,Public,Positive,4,No,College,Near,Male,69
23,65,Low,High,No,6,81,Medium,Yes,1,Low,Medium,Public,Positive,3,No,College,Moderate,Male,60
20,98,Medium,Medium,Yes,6,70,Medium,Yes,1,Medium,Medium,Public,Neutral,3,No,College,Near,Male,68
14,74,Medium,High,No,5,63,High,No,0,Low,Low,Public,Positive,3,No,College,Moderate,Male,42
17,91,Low,Low,No,7,53,Medium,Yes,1,Medium,Low,Public,Negative,2,No,High School,Near,Male,44
13,83,Medium,Medium,No,7,71,Medium,Yes,0,High,Low,Private,Positive,3,No,College,Near,Female,51
12,83,High,High,Yes,8,65,Medium,Yes,2,Low,Medium,Public,Neutral,2,No,College,Near,Female,51
22,79,Medium,High,No,7,70,Medium,No,1,Low,Medium,Public,Negative,1,No,High School,Moderate,Female,54
13,71,Medium,Low,Yes,10,45,Low,No,2,High,Medium,Public,Positive,3,No,High School,Near,Female,27
22,69,High,Low,Yes,8,52,Medium,Yes,2,High,Low,Private,Positive,3,No,College,Near,Female,48
12,99,Low,Low,No,8,79,Medium,Yes,0,Medium,Medium,Private,Neutral,3,No,College,,Male,55
22,81,Low,High,Yes,8,51,Low,Yes,0,Low,Medium,Public,Neutral,3,No,Postgraduate,Far,Male,46
17,92,Medium,Low,No,8,70,Medium,Yes,1,Medium,Low,Private,Positive,4,No,High School,Near,Male,57
28,95,Medium,Medium,Yes,7,61,Low,Yes,1,Medium,Low,Public,Negative,4,Yes,High School,Near,Male,59
22,75,Low,Medium,Yes,7,60,Low,Yes,1,Low,Medium,Public,Positive,3,No,High School,Near,Female,48
27,85,High,Medium,Yes,10,73,Medium,Yes,0,Medium,High,Private,Positive,3,No,Postgraduate,Near,Male,75
15,80,Low,Medium,Yes,7,72,High,Yes,1,Low,Low,Private,Positive,5,No,College,Near,Female,54
20,67,Medium,Medium,No,5,79,Low,No,0,Medium,Medium,Public,Neutral,2,No,College,Moderate,Female,47
14,78,Medium,Medium,Yes,8,58,Medium,No,2,Medium,Low,Public,Neutral,1,No,High School,Moderate,Female,38
18,86,Medium,Medium,No,8,61,Medium,Yes,0,Low,Low,Public,Negative,4,No,College,Near,Male,48
18,75,Medium,Medium,Yes,7,87,Medium,No,1,Medium,Low,Public,Neutral,4,No,High School,Near,Female,56
16,76,Low,Medium,No,4,69,Medium,No,3,Medium,Medium,Public,Neutral,6,No,College,Moderate,Male,48
13,78,High,Medium,No,9,77,Medium,No,1,Medium,Medium,Public,Neutral,3,No,High School,Near,Female,48
12,100,High,High,Yes,7,66,High,Yes,2,Medium,Medium,Public,Neutral,3,No,College,Far,Male,63
6,60,Medium,Medium,Yes,7,78,Medium,Yes,3,Medium,Medium,Private,Neutral,4,No,High School,Near,Female,37
14,86,Low,Medium,No,9,40,High,Yes,3,Medium,Medium,Public,Neutral,4,No,Postgraduate,Near,Female,44
24,77,Medium,Low,Yes,4,87,Low,Yes,3,Low,Medium,Public,Positive,4,No,High School,Near,Male,66
10,73,Medium,Low,Yes,7,66,High,Yes,1,Medium,Low,Public,Negative,3,No,High School,Moderate,Male,33
12,77,Low,High,No,6,56,Medium,Yes,4,Low,Medium,Public,Positive,5,No,High School,Far,Male,44
31,87,Low,High,Yes,9,58,Medium,Yes,2,Low,Low,Private,Negative,2,No,College,Moderate,Female,66
16,88,Low,Low,Yes,7,69,Medium,Yes,3,High,Medium,Public,Positive,2,No,Postgraduate,Far,Male,57
22,82,Medium,Medium,Yes,6,71,Medium,Yes,0,Medium,Medium,Public,Neutral,5,No,Postgraduate,Near,Female,62
24,92,Medium,Medium,Yes,9,74,Low,Yes,3,Low,Medium,Private,Positive,4,No,High School,Near,Female,71
24,94,High,Medium,No,4,56,Medium,Yes,4,Low,Low,Public,Positive,2,No,College,Moderate,Male,66
11,89,Medium,Low,Yes,8,83,Medium,Yes,0,Medium,Medium,Public,Neutral,3,Yes,Postgraduate,Near,Male,47
19,74,Medium,High,Yes,5,65,Medium,Yes,0,Medium,High,Private,Positive,5,No,College,Near,Male,56
10,85,Low,Low,Yes,6,65,Medium,Yes,0,Medium,Medium,Public,Negative,3,No,High School,Far,Male,35
35,85,High,High,No,7,69,Medium,Yes,0,Medium,Medium,Private,Positive,2,No,College,Near,Female,84
10,71,Low,Low,Yes,8,81,High,Yes,1,High,Low,Private,Positive,3,No,High School,Near,Female,43
14,63,Low,Medium,Yes,10,72,Medium,No,4,Medium,Medium,Private,Positive,4,No,College,Near,Female,43
14,60,Medium,Low,Yes,5,65,Medium,Yes,2,Medium,Low,Private,Positive,3,No,College,Near,Female,36
11,81,Medium,Low,No,8,68,High,No,4,High,Medium,Public,Negative,4,No,High School,Near,Male,45
28,83,High,High,Yes,10,88,Low,No,4,Medium,Low,Public,Positive,2,No,High School,Far,Male,78
35,67,Medium,Medium,No,6,86,Low,No,4,Low,Medium,Public,Neutral,2,No,High School,Near,Male,75
17,92,Medium,Low,Yes,6,77,High,Yes,2,Medium,High,Private,Neutral,4,Yes,Postgraduate,Far,Female,59
12,82,Medium,High,No,7,74,Medium,No,4,High,Low,Public,Neutral,2,No,High School,Near,Female,53
7,95,Medium,Low,Yes,8,100,Medium,No,1,Medium,Medium,Public,Negative,2,No,College,Moderate,Male,53
19,84,Medium,Low,Yes,8,78,Low,Yes,3,Medium,Low,Public,Negative,2,No,High School,Moderate,Female,55
18,68,Medium,Low,No,6,74,Medium,Yes,3,Medium,Medium,Private,Negative,2,No,High School,Moderate,Male,47
16,85,Low,Medium,Yes,6,69,High,Yes,0,Low,High,Public,Neutral,2,No,College,Near,Male,53
21,87,High,High,No,9,77,Medium,Yes,1,Medium,Low,Private,Positive,1,No,Postgraduate,Near,Female,69
22,74,Low,Low,No,6,40,High,Yes,1,Medium,Medium,Private,Positive,5,No,High School,Moderate,Male,42
22,64,Medium,Medium,No,4,85,Medium,Yes,2,High,Medium,Public,Negative,1,No,High School,Far,Male,55
18,81,High,Low,Yes,5,55,Medium,Yes,2,Low,High,Public,Positive,6,No,High School,Far,Male,50
13,69,Medium,Low,Yes,6,63,Low,Yes,2,High,Low,Public,Neutral,4,No,College,Moderate,Female,36
24,92,Medium,Medium,No,9,54,Medium,Yes,2,Low,Medium,Public,Neutral,6,No,Postgraduate,Near,Female,64
20,76,Medium,Medium,Yes,5,62,High,Yes,1,Low,Low,Private,Neutral,2,No,College,Near,Male,49
25,99,Low,Medium,No,9,68,Low,No,2,Medium,Medium,Public,Negative,3,Yes,College,Moderate,Male,57
25,60,High,Low,No,9,84,Medium,Yes,0,Low,Medium,Public,Neutral,5,Yes,Postgraduate,Moderate,Male,51
11,81,Medium,Low,Yes,7,89,Medium,Yes,0,Medium,Medium,Private,Neutral,2,No,College,Moderate,Male,51
11,96,High,Medium,Yes,4,97,Medium,Yes,2,Medium,Low,Private,Positive,4,No,High School,Far,Female,66
15,70,Low,Medium,Yes,5,73,Low,Yes,4,High,Medium,Public,Positive,3,No,High School,Far,Male,47
14,78,Medium,Medium,Yes,6,69,Medium,Yes,2,High,High,Public,Neutral,4,Yes,College,Near,Male,47
25,76,Medium,Low,Yes,9,82,High,No,1,Low,Medium,Public,Positive,5,Yes,High School,Moderate,Female,58
22,72,Low,High,No,6,61,Low,Yes,1,Medium,High,Public,Positive,2,No,High School,Moderate,Male,51
27,83,Medium,Low,No,6,59,Low,Yes,1,High,Medium,Private,Positive,2,No,High School,Far,Female,58
22,66,High,Medium,Yes,7,67,Low,Yes,1,Low,Medium,Public,Negative,1,No,High School,Near,Female,47
21,79,Low,Medium,Yes,5,72,Medium,No,2,Low,High,Public,Positive,1,No,College,Moderate,Female,57
27,86,High,Low,No,7,45,Low,Yes,1,Low,Medium,Public,Neutral,2,No,Postgraduate,Near,Female,56
23,78,Medium,Medium,No,6,86,High,No,0,High,Medium,Private,Neutral,3,Yes,College,Far,Female,59
20,69,Medium,Medium,No,10,75,Medium,Yes,2,High,,Public,Positive,2,No,High School,Near,Male,54
29,91,Medium,Medium,Yes,6,82,Medium,Yes,1,Medium,Low,Private,Neutral,3,No,High School,Near,Male,79
21,88,Medium,High,No,10,52,Low,Yes,1,Low,Medium,Private,Positive,4,No,College,Moderate,Female,53
18,69,Medium,Medium,Yes,5,63,Medium,Yes,2,Medium,Medium,Private,Positive,2,No,Postgraduate,Moderate,Female,48
15,66,Medium,Low,Yes,7,63,High,Yes,3,High,Medium,Public,Positive,3,Yes,College,Moderate,Male,40
24,70,Medium,Medium,Yes,8,69,Medium,Yes,4,Low,Medium,Private,Neutral,4,No,College,Moderate,Male,61
27,86,Medium,Medium,No,7,72,Medium,Yes,1,Medium,Medium,Public,Positive,3,No,College,Moderate,Female,71
20,83,Medium,Medium,No,7,83,Medium,Yes,0,Low,Medium,Public,Neutral,3,No,College,Moderate,Female,63
28,89,Medium,High,No,8,73,High,Yes,1,High,Low,Private,Neutral,2,No,College,Near,Female,77
8,76,Low,Low,No,8,62,Medium,Yes,1,Medium,High,Private,Neutral,4,No,High School,Moderate,Female,34
20,70,Low,Low,Yes,7,100,High,Yes,5,Medium,Medium,Public,Negative,3,No,College,Near,Male,70
20,90,Medium,Low,Yes,6,69,Low,Yes,1,Low,Medium,Public,Negative,1,No,College,Moderate,Female,53
16,74,High,High,No,7,60,Medium,Yes,0,Medium,Low,Public,Negative,1,No,College,Moderate,Male,44
34,82,Low,Medium,Yes,7,47,Medium,Yes,2,Medium,High,Private,Positive,2,No,College,Near,Male,69
20,63,Medium,Medium,Yes,7,73,Medium,No,0,Low,Medium,Public,Negative,2,No,High School,Near,Male,42
18,74,Medium,Medium,Yes,7,81,Low,Yes,3,Medium,Medium,Public,Positive,3,No,Postgraduate,Near,Male,63
20,91,Medium,High,No,5,57,Medium,Yes,3,Medium,Medium,Public,Positive,1,No,Postgraduate,Near,Female,65
8,72,Medium,High,No,6,80,Low,Yes,2,Medium,Medium,Public,Neutral,3,No,Postgraduate,Near,Male,45
15,89,Medium,Medium,No,8,73,Medium,Yes,3,Medium,High,Public,Negative,2,No,Postgraduate,Near,Male,61
26,60,Medium,High,Yes,4,49,Low,Yes,1,Low,Medium,Public,Positive,4,No,Postgraduate,Moderate,Female,45
16,74,High,High,No,9,80,Medium,No,2,Medium,Medium,Private,Positive,2,No,High School,Near,Male,57
15,78,Low,Medium,Yes,6,69,Medium,No,1,Medium,Medium,Public,Positive,4,No,High School,Moderate,Male,45
28,99,Medium,Medium,Yes,9,57,Low,Yes,1,Low,High,Public,Neutral,3,No,High School,Far,Male,66
28,67,Medium,Medium,No,9,84,Medium,No,1,Low,Medium,Public,Neutral,2,No,High School,Moderate,Female,62
23,87,High,Medium,No,7,84,Medium,Yes,1,Low,Medium,Public,Neutral,1,No,College,Near,Female,71
17,92,High,High,No,7,57,Medium,No,1,High,Medium,Private,Neutral,2,No,High School,Near,Male,56
19,72,Low,Medium,Yes,9,76,High,Yes,3,Medium,High,Private,Neutral,5,Yes,High School,Near,Male,51
15,76,Low,Low,Yes,9,75,High,No,0,Medium,Medium,Public,Positive,3,No,College,Near,Male,47
14,82,Medium,Medium,No,8,71,Medium,Yes,0,High,Medium,Public,Positive,2,No,High School,Near,Female,51
14,64,High,Medium,No,9,65,Medium,Yes,2,Medium,High,Public,Neutral,3,No,College,Near,Male,44
16,75,Low,Low,Yes,5,70,Medium,Yes,2,Low,Medium,Private,Positive,2,No,College,Near,Male,46
14,94,Medium,Medium,Yes,7,84,Medium,Yes,0,High,Low,Private,Positive,2,No,High School,Near,Female,62
11,86,Medium,Low,No,6,77,Medium,Yes,2,High,Medium,Private,Positive,2,No,College,Near,Male,53
21,78,Medium,High,Yes,5,47,Low,No,2,High,High,Public,Positive,4,No,College,Near,Male,49
21,81,Medium,Low,No,7,44,High,Yes,3,Low,Medium,Public,Neutral,3,No,College,Near,Male,51
30,86,Low,Low,No,6,48,Low,Yes,1,Medium,Medium,Public,Neutral,4,No,College,Near,Male,58
16,88,High,High,No,7,54,Medium,Yes,0,Medium,Medium,Public,Positive,2,No,High School,Near,Male,50
22,74,Low,Low,Yes,6,62,Low,Yes,3,Medium,High,Private,Neutral,2,No,Postgraduate,Near,Female,53
22,97,High,Medium,Yes,5,66,Low,Yes,1,Low,Low,Public,Negative,5,No,College,Moderate,Female,63
18,94,Low,Medium,Yes,9,71,Low,Yes,2,Low,Medium,Public,Positive,2,No,College,Near,Male,61
24,87,Medium,High,No,7,72,Medium,Yes,1,Low,High,Public,Positive,3,No,College,Near,Male,71
25,71,Medium,Low,No,5,71,Medium,No,0,Low,Low,Public,Neutral,4,No,College,Near,Male,52
22,69,Medium,Low,No,7,87,High,No,1,Medium,Medium,Public,Positive,2,No,College,Moderate,Male,61
18,76,Medium,Low,No,9,50,Medium,Yes,3,Low,High,Public,Neutral,5,No,College,Moderate,Female,44
18,81,Medium,High,Yes,8,76,High,Yes,2,Medium,Low,Public,Positive,2,No,College,Far,Female,64
12,61,Low,High,Yes,6,76,Medium,Yes,0,Low,Low,Public,Negative,4,No,High School,Near,Male,34
15,85,Medium,Low,No,6,56,Low,Yes,3,Medium,Medium,Public,Neutral,5,No,College,Moderate,Male,46
16,94,High,Low,No,6,79,High,Yes,0,High,Medium,Public,Neutral,3,No,College,Moderate,Male,63
13,86,Medium,Low,No,6,77,Medium,Yes,2,Medium,Medium,Public,Positive,3,No,High School,Near,Female,53
23,73,Medium,Low,Yes,6,71,High,No,1,Low,High,Public,Negative,4,No,High School,Near,Male,54
27,71,Medium,Low,Yes,5,41,Low,Yes,3,Low,Low,Private,Negative,0,No,College,Moderate,Male,41
15,83,Medium,High,Yes,6,85,Medium,Yes,1,High,Low,Public,Positive,5,No,High School,Near,Male,64
22,78,High,Low,No,7,75,Medium,No,3,Medium,High,Public,Neutral,3,No,Postgraduate,Near,Male,66
14,85,Medium,High,No,6,77,Medium,No,0,Medium,Medium,Public,Positive,3,No,College,Far,Male,52
18,87,High,Low,No,7,40,Medium,Yes,1,Medium,Medium,Public,Positive,3,No,High School,Moderate,Female,45
16,92,High,High,No,9,65,High,Yes,3,Low,High,Public,Positive,1,No,College,Near,Male,67
24,68,Medium,Medium,Yes,10,53,High,Yes,3,Low,Low,Public,Positive,4,No,College,Moderate,Male,52
16,82,Medium,Low,No,7,89,High,Yes,1,Medium,Medium,Public,Negative,3,No,College,Moderate,Male,59
26,76,Medium,High,No,8,58,High,Yes,1,Low,Medium,Public,Negative,2,No,College,Near,Male,60
19,79,High,Low,No,7,91,High,Yes,0,Medium,Medium,Public,Negative,3,No,College,Moderate,Male,64
16,90,Low,High,No,6,84,Medium,Yes,3,Low,Medium,Public,Positive,4,No,College,Moderate,Female,67
12,91,Low,High,Yes,5,75,Medium,Yes,2,Medium,Low,Public,Positive,2,No,High School,Near,Female,56
22,95,Low,High,Yes,7,87,Low,No,4,Medium,Medium,Public,Neutral,5,No,College,Near,Female,78
25,85,High,High,Yes,9,60,High,Yes,1,Medium,Low,Public,Neutral,3,Yes,High School,Moderate,Male,58
22,79,Medium,Low,No,5,62,Medium,Yes,1,Low,Medium,Public,Positive,3,No,College,Far,Male,52
33,77,Low,Medium,Yes,7,84,Low,Yes,3,Low,Medium,Private,Neutral,4,Yes,High School,Near,Male,71
29,61,Medium,Medium,Yes,7,60,Medium,Yes,3,Medium,Medium,Public,Positive,2,Yes,High School,Near,Male,53
18,95,High,Medium,Yes,7,55,High,Yes,2,Medium,High,Public,Negative,2,No,High School,Near,Male,59
18,76,High,Medium,No,7,68,Medium,Yes,1,Medium,Medium,Public,Positive,2,No,College,Moderate,Female,56
23,86,Low,Low,No,8,61,Low,Yes,0,Medium,Medium,Public,Positive,3,No,Postgraduate,Moderate,Female,54
15,87,Medium,Medium,No,10,96,Medium,Yes,0,Medium,Low,Public,Positive,3,No,College,Far,Male,62
27,66,Medium,Medium,No,6,82,Medium,Yes,1,Low,Low,Public,Negative,3,No,High School,Moderate,Female,59
22,70,Medium,Low,Yes,6,65,Medium,Yes,2,Low,Medium,Public,Neutral,4,No,College,Far,Male,50
22,97,Low,High,Yes,7,59,Low,No,2,Medium,Medium,Public,Positive,4,Yes,Postgraduate,Far,Female,56
24,83,Low,High,No,9,76,Medium,Yes,1,Medium,Medium,Public,Neutral,3,No,College,Moderate,Male,66
30,74,High,Medium,Yes,5,87,Medium,No,1,Low,Medium,Public,Negative,5,No,Postgraduate,Near,Male,75
21,79,Medium,Low,No,7,76,Low,Yes,1,Low,Medium,Public,Neutral,2,No,High School,Near,Female,55
19,92,Low,Medium,No,7,60,Medium,Yes,2,Medium,Medium,Public,Positive,4,No,High School,Near,Male,59
29,90,Medium,Low,Yes,8,53,Medium,Yes,1,Low,Medium,Public,Positive,4,No,High School,Moderate,Male,63
26,64,Low,Medium,No,8,67,Medium,Yes,3,Low,High,Public,Positive,5,No,College,Moderate,Male,59
18,98,Medium,High,Yes,7,76,High,Yes,1,Low,Low,Public,Positive,3,No,High School,Near,Female,71
20,91,Medium,Low,Yes,8,66,High,Yes,1,High,Medium,Public,Neutral,3,No,High School,Near,Female,61
21,78,Low,Low,No,6,85,Medium,Yes,1,Low,Low,Private,Negative,3,No,College,Near,Male,57
22,67,Low,Low,No,8,79,Medium,No,2,High,Low,Public,Neutral,3,No,Postgraduate,Near,Female,53
12,92,High,Medium,No,9,75,Low,Yes,1,Low,Low,Public,Neutral,2,No,High School,Far,Male,48
11,85,High,Medium,Yes,7,79,Medium,Yes,1,Medium,Medium,Public,Neutral,3,No,College,Near,Female,55
15,64,Low,Low,No,6,54,Medium,Yes,0,Medium,Low,Private,Neutral,5,No,Postgraduate,Near,Male,30
14,77,Medium,High,Yes,7,66,Medium,Yes,1,Low,High,Public,Positive,1,No,Postgraduate,Near,Female,51
16,100,Low,Medium,No,8,58,High,No,2,High,,Private,Neutral,0,Yes,College,Moderate,Female,49
24,80,High,Low,Yes,7,77,Low,Yes,1,High,Medium,Public,Neutral,1,No,High School,Near,Female,62
19,72,High,Medium,No,5,59,Medium,Yes,1,Medium,Medium,Private,Positive,2,No,High School,Near,Male,48
21,69,Medium,Medium,Yes,8,73,Medium,Yes,0,Medium,High,Private,Positive,2,No,High School,Far,Male,52
13,99,Medium,Medium,Yes,6,70,Medium,Yes,3,Medium,Low,Public,Negative,2,No,High School,Moderate,Female,57
17,89,Medium,Medium,No,8,80,Low,Yes,2,Low,Low,Public,Neutral,2,No,College,Near,Female,58
24,95,Low,Low,No,4,56,Medium,Yes,1,Medium,Medium,Public,Positive,4,No,College,Far,Female,59
24,83,Medium,Low,Yes,7,78,Low,Yes,2,Medium,High,Public,Neutral,2,No,High School,Moderate,Male,66
16,94,Low,Low,Yes,7,58,Medium,Yes,1,Medium,Low,Private,Neutral,2,No,High School,Near,Male,46
21,71,Medium,Low,Yes,4,59,High,Yes,1,High,Medium,Public,Negative,1,No,High School,Near,Male,45
33,82,Medium,Medium,No,7,70,Medium,Yes,0,Medium,Medium,Public,Neutral,4,No,High School,Moderate,Female,73
20,83,Low,High,Yes,5,88,Low,Yes,0,Low,High,Public,Neutral,5,No,Postgraduate,Near,Female,66
16,95,Medium,Medium,No,7,61,High,Yes,0,Low,Medium,Private,Neutral,3,No,College,Moderate,Male,54
19,84,High,High,Yes,6,49,Low,Yes,1,Low,High,Public,Positive,3,No,High School,Far,Male,50
21,73,Medium,Medium,Yes,5,60,Low,Yes,2,Medium,Medium,Public,Positive,4,No,High School,Moderate,Female,49
19,81,Medium,Low,Yes,6,67,High,Yes,0,High,Low,Private,Positive,4,No,High School,Moderate,Female,53
20,62,High,High,Yes,6,96,High,Yes,1,High,Medium,Public,Negative,2,No,Postgraduate,Far,Female,65
11,60,Low,Low,No,8,77,Medium,Yes,2,Medium,High,Private,Neutral,3,No,High School,Moderate,Female,35
14,89,Medium,Low,Yes,8,62,Medium,No,3,Low,Medium,Private,Positive,4,No,High School,Far,Male,46
19,76,Medium,High,No,10,70,Medium,Yes,3,High,Low,Private,Positive,2,No,High School,Far,Male,55
19,77,Low,Medium,No,6,92,High,Yes,1,High,Low,Private,Positive,3,No,College,Near,Female,68
17,89,High,High,Yes,6,69,Medium,No,2,Medium,Medium,Public,Neutral,4,No,Postgraduate,Near,Male,62
19,95,Medium,Low,Yes,7,69,Medium,Yes,1,Low,Low,Public,Positive,6,No,College,Near,Female,63
20,86,Medium,High,Yes,7,67,Low,Yes,2,Low,Low,Private,Neutral,4,Yes,Postgraduate,Moderate,Male,53
25,100,Low,Low,Yes,6,81,Low,Yes,3,Medium,Medium,Public,Neutral,1,No,High School,Near,Female,74
19,86,High,Medium,Yes,7,65,Low,No,1,Low,Medium,Public,Positive,2,No,High School,Near,Male,54
22,83,High,High,Yes,8,83,Medium,Yes,2,Medium,Medium,Public,Neutral,4,Yes,Postgraduate,Near,Female,70
17,83,Low,Medium,Yes,4,86,Medium,Yes,1,Medium,High,Public,Neutral,2,No,College,Near,Female,60
23,66,Medium,Medium,No,6,80,Medium,No,5,High,Medium,Private,Positive,4,No,High School,Moderate,Male,64
22,91,Low,High,Yes,5,69,Low,Yes,1,Medium,Medium,Public,Positive,5,No,College,Near,Male,65
25,60,Medium,High,Yes,7,54,Medium,Yes,3,Low,High,Public,Neutral,4,No,High School,Far,Male,51
24,74,Medium,Low,Yes,8,69,Low,Yes,2,Low,Medium,Public,Neutral,5,No,College,Near,Male,57
24,80,Low,Low,Yes,9,63,High,Yes,3,Low,Low,Public,Negative,2,No,High School,Moderate,Male,54
19,71,Medium,High,Yes,6,62,High,No,3,Low,Medium,Public,Neutral,1,No,Postgraduate,Moderate,Female,50
21,75,High,Medium,Yes,7,69,Medium,Yes,3,Medium,Medium,Private,Neutral,2,No,College,Moderate,Female,61
26,100,Medium,Medium,Yes,5,78,High,Yes,4,Medium,High,Public,Neutral,3,No,College,Near,Male,86
16,92,Low,Low,Yes,6,64,Medium,Yes,3,High,Medium,Public,Neutral,2,No,High School,Near,Male,54
16,72,High,Low,Yes,7,54,Medium,Yes,2,Low,Medium,Public,Negative,2,No,High School,Near,Male,38
21,75,Low,High,Yes,5,60,Medium,Yes,1,Medium,Medium,Public,Neutral,3,No,Postgraduate,Near,Female,52
22,66,Medium,Medium,Yes,9,94,Low,Yes,0,Medium,Medium,Public,Positive,2,No,High School,Near,Male,60
15,88,Medium,High,Yes,8,79,Low,No,4,Low,High,Public,Positive,4,No,Postgraduate,Near,Male,65
20,77,Low,Low,Yes,6,60,Medium,Yes,2,Medium,Low,Public,Positive,3,No,High School,Near,Male,48
19,60,Low,Low,Yes,5,89,Low,Yes,2,Low,High,Public,Neutral,2,No,College,Near,Male,49
7,81,Low,Medium,No,6,69,High,Yes,2,Low,Medium,Private,Positive,4,No,Postgraduate,Moderate,Male,45
19,85,Low,High,Yes,6,100,Low,Yes,2,Medium,High,Public,Positive,6,No,Postgraduate,Moderate,Male,77
19,91,Medium,Low,Yes,5,75,Medium,Yes,1,Medium,Medium,Public,Positive,4,No,College,Near,Female,65
19,79,High,Medium,Yes,5,79,Medium,Yes,2,Medium,Low,Public,Negative,2,No,College,Near,Male,59
28,76,Low,Medium,Yes,7,83,Low,No,1,Medium,Medium,Public,Negative,1,No,High School,Near,Female,62
13,100,Medium,Low,Yes,8,91,Low,Yes,1,Low,Medium,Public,Positive,3,No,Postgraduate,Moderate,Male,66
15,80,Medium,Medium,Yes,6,66,Medium,Yes,1,Low,High,Private,Neutral,2,No,High School,Near,Male,49
4,88,Low,Medium,No,8,90,Low,Yes,2,Medium,Medium,Public,Neutral,4,No,High School,Near,Female,46
17,74,Medium,Low,Yes,7,64,Low,Yes,1,Low,Medium,Public,Negative,5,No,College,Moderate,Female,42
18,88,Medium,Medium,No,8,67,Low,Yes,4,Medium,Medium,Private,Negative,2,Yes,College,Near,Male,52
17,64,Medium,Low,Yes,6,72,Medium,Yes,1,Low,Low,Private,Positive,2,Yes,High School,Far,Female,33
27,75,Medium,Medium,No,7,84,High,Yes,2,Medium,Medium,Public,Neutral,4,No,High School,,Male,74
25,67,Medium,High,Yes,7,68,High,Yes,1,High,Medium,Public,Neutral,2,No,College,Near,Male,62
20,73,High,High,Yes,9,93,Medium,Yes,1,Medium,High,Private,Neutral,1,No,College,Moderate,Female,69
18,94,Low,Medium,No,8,89,Medium,No,0,Medium,Medium,Public,Negative,4,No,College,Near,Female,65
26,73,High,Medium,Yes,7,73,High,Yes,0,Low,Medium,Public,Positive,1,No,High School,Near,Female,65
20,88,Low,Medium,Yes,5,59,Medium,Yes,2,Low,High,Public,Negative,3,Yes,High School,Near,Male,46
15,97,Low,Medium,Yes,6,85,High,Yes,2,High,High,Private,Positive,3,No,High School,Moderate,Male,70
10,80,Low,Low,Yes,6,45,High,Yes,2,High,Medium,Private,Neutral,2,No,High School,Far,Male,31
17,91,High,Medium,Yes,6,82,Low,Yes,1,Low,Low,Public,Positive,4,No,College,Moderate,Female,63
25,86,Medium,Low,No,7,61,Medium,Yes,1,Low,Medium,Public,Neutral,1,No,High School,,Male,58
34,81,High,Medium,Yes,7,88,High,Yes,1,Low,Low,Public,Positive,3,No,College,Near,Male,90
20,88,Medium,Medium,Yes,7,54,Low,Yes,1,Low,High,Public,Positive,2,Yes,High School,Near,Female,45
15,100,Medium,Medium,Yes,9,63,Low,Yes,1,Medium,High,Private,Positive,3,No,College,Moderate,Female,57
13,73,High,Medium,No,8,78,Low,Yes,0,High,Medium,Private,Neutral,2,Yes,High School,Far,Female,36
23,69,High,Medium,Yes,5,80,Low,Yes,3,Low,High,Public,Negative,3,No,High School,Far,Female,60
9,69,High,Medium,No,7,64,Low,No,0,High,Medium,Public,Positive,4,Yes,College,Far,Male,25
23,91,Medium,High,Yes,8,68,Medium,Yes,1,High,Low,Public,Neutral,3,Yes,High School,Far,Male,57
25,92,High,Medium,No,9,84,High,Yes,2,Medium,Medium,Public,Neutral,3,No,College,Moderate,Male,82
23,74,Low,Low,No,7,85,Low,Yes,3,Medium,High,Private,Neutral,2,No,High School,Near,Male,62
19,60,High,High,No,7,67,High,Yes,5,Low,High,Public,Positive,3,No,High School,Near,Male,58
23,73,High,Low,Yes,9,64,High,Yes,1,Medium,Medium,Private,Positive,4,No,Postgraduate,Moderate,Male,58
21,86,Medium,Low,Yes,7,54,Medium,No,0,Low,High,Private,Negative,3,No,College,Near,Male,48
15,79,Low,Low,Yes,5,75,High,Yes,0,Medium,Medium,Public,Positive,5,No,High School,Moderate,Female,50
31,82,Low,Medium,No,4,83,Medium,No,1,High,Medium,Public,Positive,3,No,Postgraduate,Moderate,Male,77
18,74,High,Medium,Yes,10,74,Low,Yes,0,Low,Medium,Public,Negative,5,No,College,Near,Female,48
25,91,High,Medium,Yes,5,60,Low,Yes,1,Medium,Medium,Public,Positive,1,Yes,College,Moderate,Female,59
5,84,Medium,High,No,7,95,Medium,Yes,3,Medium,Medium,Public,Neutral,2,No,College,Near,Male,57
28,86,High,Medium,Yes,8,45,High,Yes,1,Low,Medium,Public,Positive,2,No,,Near,Male,64
29,82,Medium,Low,Yes,5,83,Low,Yes,2,Low,High,Public,Positive,3,No,Postgraduate,Near,Male,75
20,86,High,Medium,Yes,5,75,Medium,Yes,3,Medium,High,Private,Neutral,4,No,High School,Far,Male,65
23,85,Low,Medium,No,5,78,High,Yes,1,High,Medium,Private,Negative,6,No,College,Far,Male,68
23,70,Low,Medium,Yes,10,62,High,Yes,0,Low,Low,Private,Positive,3,Yes,Postgraduate,Moderate,Female,42
16,84,Medium,Medium,No,10,70,High,Yes,2,Medium,Medium,Public,Positive,4,No,College,Moderate,Male,57
23,89,Medium,Medium,Yes,6,76,Low,Yes,3,Medium,Medium,Public,Positive,2,No,College,Near,Male,71
15,93,Medium,Medium,Yes,8,71,Low,Yes,4,Low,Medium,Public,Positive,3,No,High School,Near,Female,61
16,85,High,Medium,Yes,7,49,Low,Yes,1,Low,Medium,Public,Positive,4,No,College,Far,Male,44
27,69,Low,High,No,7,94,Low,Yes,1,High,Low,Private,Positive,1,No,High School,Near,Male,70
26,71,Medium,Low,No,5,80,High,No,2,Low,Low,Private,Positive,2,No,Postgraduate,Near,Female,64
16,75,Low,Low,No,10,72,Medium,Yes,1,High,Medium,Public,Neutral,3,No,Postgraduate,Near,Male,47
16,82,High,Medium,Yes,4,73,High,Yes,0,High,High,Public,Positive,3,No,High School,Near,Female,60
16,79,Low,High,No,7,94,Medium,Yes,0,High,High,Public,Neutral,3,No,College,Near,Male,65
24,68,Medium,Medium,Yes,6,62,Medium,No,0,Low,Low,Public,Negative,1,No,High School,Near,Male,44
14,68,Medium,Medium,No,8,59,Low,Yes,1,Medium,Medium,Public,Neutral,3,No,College,Moderate,Male,36
22,60,Medium,High,Yes,8,83,Medium,No,2,Low,High,Public,Neutral,3,No,Postgraduate,Near,Male,59
24,60,Medium,Medium,Yes,6,78,High,No,0,Low,High,Public,Neutral,3,No,High School,Moderate,Male,52
19,79,Low,Medium,No,6,59,Medium,Yes,1,High,High,Private,Negative,4,No,High School,Near,Male,49
26,100,Medium,Medium,Yes,5,86,High,Yes,2,Medium,High,Private,Negative,3,No,College,Moderate,Male,85
18,100,Low,Medium,Yes,7,76,High,Yes,1,Low,Medium,Public,Neutral,2,No,High School,Moderate,Male,65
19,69,Low,Medium,Yes,8,60,Low,Yes,3,Low,High,Public,Negative,3,Yes,College,Near,Male,37
14,82,Medium,High,Yes,6,78,Low,Yes,1,Low,High,Private,Positive,1,No,College,Moderate,Male,55
26,64,Low,Low,No,7,76,Medium,Yes,0,Low,Medium,Public,Neutral,3,No,College,Far,Female,52
15,66,Low,Low,No,10,71,Medium,No,2,Low,Low,Public,Positive,4,No,High School,Near,Male,36
22,67,Medium,Medium,Yes,8,77,Low,Yes,0,Low,Low,Public,Neutral,3,No,High School,Near,Male,48
20,78,Medium,Medium,Yes,9,80,Low,Yes,0,Medium,Medium,Public,Neutral,4,No,High School,Near,Female,55
14,78,Medium,Medium,No,4,84,High,Yes,2,Low,Medium,Public,Positive,1,No,Postgraduate,Near,Male,59
16,83,Medium,High,No,8,73,High,Yes,2,Low,Medium,Public,Positive,6,No,College,Moderate,Male,63
28,87,Medium,Medium,Yes,7,68,Medium,Yes,2,Low,Low,Public,Neutral,2,Yes,College,Moderate,Male,63
21,76,Medium,High,Yes,5,75,Medium,Yes,2,Medium,Medium,Public,Neutral,0,Yes,College,Near,Female,53
14,80,Medium,Low,Yes,6,87,Low,Yes,1,Low,High,Private,Positive,1,No,Postgraduate,Far,Male,53
22,68,Medium,Low,No,7,80,Low,No,3,Low,Low,Private,Neutral,6,Yes,Postgraduate,Near,Male,50
19,65,Medium,Medium,Yes,5,68,Medium,No,2,Medium,High,Public,Positive,4,No,College,Near,Male,49
41,64,Medium,High,Yes,6,73,Medium,Yes,3,Low,Medium,Private,Positive,1,Yes,High School,Moderate,Male,76
22,87,High,Low,Yes,6,94,High,Yes,3,Low,Low,Private,Neutral,4,No,College,Near,Female,79
18,76,Medium,Low,No,8,82,Low,Yes,0,Low,Medium,Public,Negative,5,No,College,Far,Female,49
29,60,Medium,Medium,No,6,74,Medium,Yes,1,Low,High,Public,Positive,1,No,College,Near,Male,63
9,79,Medium,Medium,No,6,87,High,Yes,2,High,Medium,Private,Neutral,4,No,High School,Moderate,Male,54
21,66,High,Medium,Yes,8,65,Low,No,1,High,High,Public,Positive,3,No,College,Near,Male,50
32,98,Medium,High,No,5,76,Medium,Yes,4,Medium,High,Private,Negative,4,No,High School,Far,Female,89
19,74,Medium,Low,No,7,96,Medium,Yes,0,Low,High,Public,Negative,4,No,High School,Near,Male,60
10,87,High,Medium,No,8,80,Low,Yes,1,Medium,Medium,Public,Neutral,4,No,College,Near,Female,52
18,92,Medium,Low,Yes,8,93,Low,No,0,Low,Low,Public,Neutral,3,Yes,College,Near,Male,54
29,69,Medium,Low,No,6,71,High,Yes,2,Medium,High,Public,Neutral,2,No,Postgraduate,Near,Female,67
22,81,Medium,Medium,Yes,6,66,Medium,Yes,2,Medium,Medium,Private,Neutral,4,Yes,Postgraduate,Far,Female,54
15,86,Low,Medium,Yes,9,87,Low,Yes,2,Medium,Medium,Public,Positive,4,Yes,High School,Near,Female,53
16,81,High,Medium,Yes,6,48,Medium,Yes,1,Low,High,Private,Negative,4,No,College,Near,Female,43
17,84,Medium,Medium,Yes,5,74,High,Yes,0,Low,Medium,Public,Neutral,3,No,High School,Far,Male,54
22,65,Low,High,Yes,7,85,Medium,Yes,0,Low,Medium,Public,Neutral,4,No,College,Near,Female,61
28,86,Low,Low,No,6,79,High,Yes,2,Medium,Medium,Public,Neutral,1,No,High School,Far,Female,71
26,75,High,Medium,No,8,45,High,Yes,2,High,High,Private,Neutral,4,No,College,Far,Female,59
23,84,Medium,Medium,No,7,55,Low,Yes,1,Medium,Medium,Public,Positive,3,No,College,Near,Male,57
12,90,Medium,Low,No,9,71,Low,Yes,1,Low,Low,Public,Positive,4,No,College,Near,Female,48
12,87,High,Medium,No,8,78,Medium,No,1,Medium,Medium,Public,Positive,3,No,Postgraduate,Moderate,Female,56
23,84,Medium,Low,Yes,6,79,Medium,Yes,0,Low,Medium,Public,Positive,4,No,High School,Moderate,Female,64
12,87,High,Low,No,9,72,Medium,Yes,1,Low,High,Public,Neutral,4,No,College,Near,Female,52
19,88,Medium,Low,Yes,6,81,Medium,Yes,2,Medium,High,Public,Positive,3,No,High School,Moderate,Female,66
22,96,Medium,Low,No,7,78,Low,Yes,2,Medium,High,Public,Negative,2,No,College,Near,Female,70
13,80,High,High,Yes,8,70,High,Yes,0,Medium,Medium,Public,Negative,4,No,High School,Near,Male,51
14,82,High,High,Yes,7,79,Medium,Yes,1,Medium,High,Private,Neutral,3,No,High School,Moderate,Male,59
19,90,Low,Medium,No,6,64,Medium,Yes,2,Medium,Low,Public,Positive,3,No,High School,Near,Female,57
23,75,Low,Medium,No,5,80,Medium,No,1,Medium,Medium,Public,Positive,4,No,Postgraduate,Near,Female,62
26,65,High,High,Yes,7,61,Medium,Yes,2,High,High,Private,Neutral,4,No,High School,Near,Female,62
24,85,Medium,Medium,Yes,6,78,High,Yes,1,Medium,Low,Private,Positive,5,No,High School,Moderate,Male,72
20,78,Medium,Medium,No,7,78,Low,Yes,1,Low,High,Public,Neutral,3,No,College,Moderate,Female,58
16,67,Low,Medium,No,6,68,Medium,Yes,1,Low,Medium,Private,Neutral,4,No,College,Moderate,Female,42
14,86,High,High,Yes,6,80,Medium,Yes,1,Low,Low,Public,Negative,5,No,College,Near,Male,60
17,96,Medium,High,Yes,7,92,High,No,2,Medium,Medium,Public,Positive,2,No,High School,Moderate,Female,75
22,62,High,Low,Yes,7,59,Medium,Yes,2,Medium,Low,Public,Negative,2,No,College,Moderate,Male,42
22,91,Medium,Medium,No,8,84,Low,Yes,0,Low,Medium,Private,Positive,3,No,College,Near,Female,70
7,60,High,Low,Yes,8,86,Medium,Yes,1,Medium,High,Private,Neutral,3,No,High School,Moderate,Male,36
15,76,Medium,Low,Yes,10,69,Medium,Yes,2,Medium,High,Public,Neutral,3,No,Postgraduate,Near,Male,50
27,100,Medium,Medium,Yes,7,82,Low,Yes,2,Low,High,Private,Neutral,4,No,High School,Moderate,Male,81
20,76,Medium,Medium,Yes,6,69,Medium,Yes,1,Low,High,Private,Neutral,4,Yes,Postgraduate,Moderate,Female,50
11,81,Medium,Low,No,7,88,Medium,Yes,1,High,Medium,Public,Neutral,6,No,High School,Far,Female,53
34,88,Medium,Medium,Yes,8,40,Medium,Yes,2,Low,Low,Public,Positive,5,No,High School,Near,Female,67
20,61,Low,Medium,Yes,8,91,Low,Yes,3,High,Medium,Public,Positive,2,No,High School,Near,Male,58
22,81,Medium,Low,Yes,9,58,High,Yes,2,High,Low,Public,Negative,4,No,High School,Near,Male,53
22,81,Medium,High,Yes,6,73,Low,No,2,Medium,High,Public,Negative,3,No,High School,Near,Male,59
18,100,Low,Medium,Yes,9,61,Medium,Yes,5,Medium,Medium,Public,Positive,4,No,College,Moderate,Male,66
16,66,Medium,Medium,No,7,91,Medium,No,0,Low,High,Public,Positive,3,No,College,Near,Male,53
33,76,Medium,Low,No,6,69,Low,Yes,0,Low,High,Private,Positive,1,No,Postgraduate,Moderate,Female,70
26,70,Medium,High,Yes,7,65,Low,Yes,4,Low,Medium,Public,Neutral,2,No,Postgraduate,Near,Male,63
25,69,Medium,High,No,9,87,High,Yes,0,Medium,Medium,Public,Neutral,3,No,Postgraduate,Near,Male,70
23,92,Low,Low,Yes,8,82,Medium,Yes,0,High,Medium,Public,Positive,4,No,College,Moderate,Female,69
14,80,High,Medium,No,5,68,Low,Yes,0,Low,Medium,Public,Neutral,2,No,High School,Moderate,Male,42
28,74,High,High,No,5,59,Low,No,0,Low,Medium,Public,Neutral,5,No,College,Near,Male,56
15,74,Medium,Low,No,5,57,Low,Yes,0,Low,Medium,Public,Neutral,4,No,High School,Far,Male,33
22,74,Medium,Medium,Yes,6,89,Medium,Yes,2,Medium,Medium,Public,Positive,2,No,Postgraduate,Moderate,Male,69
10,75,Low,High,No,7,77,Medium,Yes,1,Medium,Medium,Public,Neutral,3,No,College,Near,Female,46
8,66,High,Medium,Yes,5,74,Low,Yes,0,High,Medium,Public,Positive,4,No,Postgraduate,Near,Female,37
22,77,Low,High,No,6,78,High,Yes,1,Low,Medium,Private,Positive,4,No,High School,Near,Male,66
15,76,High,Low,Yes,9,47,Medium,Yes,2,Medium,,Public,Positive,1,No,High School,Near,Male,39
8,72,High,High,Yes,9,68,High,Yes,0,Medium,Medium,Public,Positive,2,No,High School,Near,Female,42
23,82,Low,High,Yes,9,68,Medium,Yes,0,High,Medium,Public,Neutral,4,Yes,College,Near,Female,54
33,83,Medium,Low,Yes,4,85,High,No,2,Medium,High,Public,Neutral,2,No,College,Near,Male,82
28,74,Medium,Medium,Yes,9,53,Medium,Yes,1,Low,Medium,Public,Neutral,4,No,Postgraduate,Near,Female,58
18,78,Medium,Medium,Yes,7,86,Low,Yes,2,Low,Medium,Public,Negative,3,No,High School,Moderate,Male,56
20,100,Low,High,No,7,95,Low,Yes,0,Medium,High,Public,Positive,3,No,College,Near,Male,81
25,100,Medium,Low,No,8,50,Low,Yes,3,Medium,Medium,Public,Neutral,0,No,High School,Near,Female,60
27,68,Low,Medium,Yes,8,72,High,Yes,2,Low,Medium,Public,Positive,4,No,High School,Moderate,Female,63
18,70,High,High,Yes,4,78,Medium,Yes,3,Low,Medium,Public,Positive,2,No,College,Far,Female,57
20,68,Medium,Medium,Yes,6,83,Low,Yes,3,Low,Medium,Public,Neutral,2,No,Postgraduate,Moderate,Male,57
22,92,Medium,Medium,Yes,6,44,Low,Yes,1,Low,High,Private,Negative,4,No,High School,Near,Male,51
23,76,High,Medium,No,5,76,Medium,Yes,1,Low,High,Public,Positive,3,No,High School,Near,Male,65
19,83,Medium,High,No,8,69,Medium,No,0,Low,Medium,Public,Neutral,3,No,College,Near,Male,54
19,100,Medium,Low,Yes,9,68,High,Yes,2,Low,Low,Public,Positive,3,No,College,Near,Female,66
28,80,Medium,High,Yes,7,99,High,Yes,1,Low,Medium,Public,Neutral,2,No,High School,Moderate,Female,83
27,88,Medium,Medium,Yes,7,69,Medium,Yes,1,Low,Medium,Public,Negative,2,No,High School,Near,Female,66
23,86,Medium,High,Yes,7,78,Low,Yes,0,Low,Low,Public,Positive,4,No,High School,Near,Female,66
30,74,High,Low,No,7,70,Medium,Yes,2,Medium,Medium,Public,Positive,2,No,College,Moderate,Female,70
18,92,Medium,Medium,No,9,75,Medium,Yes,5,Medium,High,Public,Positive,2,No,Postgraduate,Near,Female,73
30,71,Medium,High,No,5,79,High,Yes,1,High,Medium,Public,Positive,3,No,College,Moderate,Female,76
23,95,High,High,No,8,84,Low,Yes,3,Medium,Low,Private,Neutral,4,No,College,Near,Male,80
40,74,Medium,Low,Yes,7,62,Medium,Yes,0,Low,Low,Private,Neutral,2,No,College,Near,Male,72
13,75,High,Medium,Yes,6,74,Medium,Yes,0,Low,Medium,Public,Neutral,2,No,High School,Near,Male,46
16,68,Low,Low,Yes,6,74,Medium,Yes,0,Medium,Low,Public,Positive,3,No,College,Near,Female,43
23,70,Low,Low,Yes,10,51,Medium,Yes,1,Medium,Medium,Public,Positive,2,No,High School,Moderate,Male,40
22,75,Medium,Medium,No,5,60,Low,Yes,4,Low,Medium,Public,Neutral,3,No,College,Far,Male,52
32,60,Medium,High,Yes,7,84,High,No,2,Medium,Medium,Private,Neutral,0,No,College,Far,Female,71
16,77,High,Medium,No,9,66,Low,Yes,2,Medium,Medium,Public,Neutral,5,No,High School,Near,Female,50
25,74,Medium,Low,No,5,100,Medium,Yes,0,Medium,Medium,Public,Neutral,3,No,Postgraduate,Near,Male,70
27,89,Low,Low,Yes,6,85,Medium,No,0,Medium,Medium,Public,Positive,1,No,Postgraduate,Moderate,Female,71
24,85,Medium,Medium,No,7,78,Medium,No,1,Low,Medium,Public,Neutral,2,No,College,Moderate,Male,65
14,72,Medium,Low,No,8,92,Medium,Yes,1,Medium,Medium,Public,Positive,3,No,Postgraduate,Near,Male,56
28,75,Medium,High,Yes,7,82,Medium,Yes,1,Low,Medium,Public,Negative,3,Yes,High School,Near,Male,64
27,77,Medium,Low,Yes,6,74,Medium,No,2,High,Medium,Public,Neutral,1,No,High School,Moderate,Male,63
24,96,Medium,Low,No,8,54,Low,No,0,Low,Medium,Public,Positive,4,No,High School,Near,Male,54
21,71,High,Medium,Yes,7,81,Medium,Yes,1,Medium,Medium,Public,Negative,4,No,Postgraduate,Near,Male,61
21,72,Medium,Low,No,8,90,Medium,No,2,High,Low,Private,Positive,1,No,High School,Moderate,Male,59
20,68,Medium,Medium,Yes,8,64,High,Yes,2,Low,Low,Public,Negative,3,No,Postgraduate,Near,Female,48
24,64,Low,Medium,Yes,5,48,Low,Yes,3,Low,Medium,Public,Negative,2,No,College,Near,Male,40
20,83,High,Low,Yes,8,58,Medium,Yes,0,Low,High,Public,Negative,1,No,Postgraduate,Near,Female,51
15,82,Medium,Medium,Yes,7,95,Low,Yes,1,Medium,Medium,Public,Neutral,2,No,High School,Moderate,Male,59
14,94,Medium,Medium,No,8,73,Low,Yes,2,Low,Medium,Public,Neutral,4,No,High School,Moderate,Male,55
15,91,Medium,Medium,No,8,91,Medium,No,1,Medium,Medium,Public,Positive,2,No,High School,Near,Male,64
21,100,Low,Low,Yes,10,72,High,Yes,1,Medium,Low,Private,Positive,3,No,College,Near,Female,67
20,79,Medium,Medium,No,7,66,Medium,No,2,Low,High,Public,Neutral,1,No,High School,Near,Female,52
21,77,Low,Medium,No,6,100,Low,Yes,1,Medium,High,Public,Positive,4,No,High School,Near,Female,70
23,66,High,Low,Yes,6,67,High,No,1,High,Medium,Public,Positive,3,No,College,Near,Male,56
16,88,Medium,Low,No,6,69,Medium,Yes,3,High,Low,Private,Neutral,3,No,High School,Moderate,Female,55
29,81,High,Low,Yes,8,78,Medium,No,2,Low,High,Public,Neutral,1,No,Postgraduate,Moderate,Female,71
18,87,Medium,Low,Yes,5,68,Medium,No,0,High,Low,Public,Positive,6,No,High School,Far,Male,51
17,67,Low,Low,Yes,8,82,Medium,No,5,Medium,Low,Public,Neutral,5,No,High School,Near,Female,49
23,84,Medium,High,Yes,7,78,High,Yes,3,High,Medium,Public,Negative,0,No,High School,,Male,70
9,82,Low,Medium,Yes,5,78,Low,Yes,1,Low,Medium,Public,Neutral,4,No,Postgraduate,Near,Male,44
15,82,High,Medium,Yes,9,64,Medium,Yes,1,Medium,Medium,Public,Positive,3,No,College,Near,Male,53
26,72,Low,Low,Yes,4,50,Medium,Yes,0,Medium,Medium,Public,Neutral,4,No,College,Near,Female,46
10,93,High,Low,Yes,7,61,High,Yes,2,High,High,Private,Neutral,3,Yes,Postgraduate,Near,Female,46
27,100,Low,High,Yes,7,62,Medium,No,3,Low,High,Private,Negative,4,No,College,Near,Male,76
29,68,Medium,Medium,Yes,4,76,Low,Yes,2,Medium,Medium,Public,Neutral,2,No,High School,Near,Female,62
18,88,Low,High,Yes,8,61,High,Yes,2,Medium,Medium,Public,Positive,1,No,High School,Moderate,Male,58
22,60,Medium,Low,Yes,6,53,Medium,Yes,2,High,High,Public,Positive,2,No,Postgraduate,Near,Male,46
27,87,Medium,Low,Yes,7,57,Medium,Yes,2,High,Medium,Private,Positive,2,No,College,Moderate,Female,66
17,60,High,Medium,Yes,9,77,Low,Yes,1,High,High,Private,Neutral,3,Yes,High School,Far,Female,38
25,74,Medium,Medium,No,7,81,High,Yes,4,Medium,Low,Public,Neutral,3,No,College,Near,Male,71
16,66,Low,Low,No,7,65,Medium,Yes,2,Low,Low,Public,Neutral,2,No,High School,,Female,38
17,78,High,Medium,No,7,67,High,Yes,0,Medium,Low,Public,Neutral,2,No,College,Near,Female,53
15,89,Medium,Low,Yes,9,80,Medium,No,4,High,Medium,Private,Positive,4,No,College,Moderate,Male,61
22,60,High,High,No,8,74,Low,Yes,1,Low,High,Private,Negative,2,No,College,Near,Female,52
27,76,Medium,High,No,6,87,High,No,2,Medium,Low,Public,Positive,4,No,College,Near,Male,78
19,74,Medium,Medium,No,6,70,Low,Yes,3,Low,High,Public,Neutral,3,No,High School,Far,Male,52
12,97,Low,Medium,Yes,5,61,Medium,No,1,Low,Medium,Public,Positive,2,No,Postgraduate,Moderate,Male,47
14,85,High,High,No,6,86,High,Yes,2,Low,Medium,Private,Negative,2,No,Postgraduate,Near,Male,65
22,67,Low,Medium,Yes,9,68,High,Yes,4,Medium,Medium,Public,Positive,5,No,College,Near,Male,60
31,75,High,High,Yes,7,62,High,Yes,0,Medium,Medium,Private,Neutral,1,Yes,High School,Far,Male,61
22,97,Low,Medium,Yes,5,84,Low,Yes,1,Low,,Public,Negative,4,Yes,High School,Near,Male,61
18,88,High,High,Yes,8,91,Medium,Yes,3,High,High,Public,Neutral,3,No,High School,Near,Female,79
25,70,High,Low,No,6,74,Medium,Yes,1,Low,Low,Private,Neutral,3,No,College,Near,Female,58
19,77,High,Medium,Yes,8,59,Medium,Yes,3,High,Low,Public,Positive,1,No,College,Near,Male,55
18,77,Medium,High,Yes,7,92,Medium,Yes,4,Low,Medium,Public,Positive,2,No,College,Moderate,Male,71
14,74,Medium,High,No,9,77,Medium,Yes,2,Medium,Medium,Public,Positive,6,No,High School,Near,Female,55
28,61,High,High,No,6,75,Medium,Yes,2,Medium,Low,Private,Positive,4,No,High School,Moderate,Male,66
5,73,Medium,Medium,Yes,5,67,Medium,Yes,0,Low,Medium,Public,Neutral,4,No,High School,Far,Female,29
25,95,Medium,Medium,Yes,8,87,Low,Yes,0,Medium,High,Public,Positive,4,No,High School,Near,Female,79
17,76,Low,Low,Yes,4,58,High,No,2,Low,Medium,Public,Neutral,3,No,College,Moderate,Male,38
18,79,Medium,Medium,Yes,7,56,High,Yes,1,Low,Medium,Private,Neutral,5,Yes,Postgraduate,Near,Female,46
30,82,Medium,Low,Yes,8,97,Medium,Yes,2,Medium,Medium,Private,Positive,3,No,High School,Moderate,Male,84
16,100,Medium,Medium,Yes,4,61,High,Yes,2,Medium,Medium,Private,Negative,6,No,High School,Near,Male,59
16,80,Low,High,No,7,84,High,Yes,3,High,Medium,Private,Positive,5,No,College,Near,Female,70
19,92,Medium,High,No,5,90,High,No,1,Medium,Medium,Public,Positive,3,No,High School,Far,Male,71
22,73,High,Medium,No,4,75,High,Yes,3,High,Medium,Public,Positive,4,No,College,Near,Male,69
17,77,Medium,Low,No,6,61,Medium,Yes,2,Low,High,Public,Positive,3,No,College,Moderate,Female,50
11,80,High,Medium,No,7,80,High,Yes,1,High,Medium,Private,Negative,5,No,Postgraduate,Moderate,Female,56
15,71,Low,Low,Yes,6,90,Low,Yes,1,Low,Medium,Public,Neutral,2,No,High School,Moderate,Male,46
28,78,Medium,Low,Yes,9,76,High,Yes,1,Low,Low,Public,Neutral,4,No,High School,Near,Male,66
20,90,Medium,High,No,7,62,Medium,Yes,2,Medium,Low,Private,Positive,3,No,High School,Near,Female,61
23,71,Medium,Medium,Yes,6,76,Medium,Yes,4,Medium,Low,Public,Neutral,2,No,College,Far,Male,61
18,80,Medium,Low,Yes,5,54,Medium,Yes,2,Medium,Medium,Private,Positive,4,No,College,Near,Female,47
16,88,Low,Medium,No,7,59,Low,Yes,0,Low,Medium,Public,Neutral,0,No,,Near,Female,41
30,71,Medium,Low,No,10,69,Low,Yes,0,Medium,Low,Public,Negative,4,No,College,Near,Male,55
19,92,Low,Medium,Yes,6,73,Low,No,1,Medium,Medium,Public,Positive,5,No,College,Near,Female,59
17,81,Medium,Low,Yes,6,56,Medium,No,1,Low,High,Public,Neutral,2,No,Postgraduate,Near,Male,42
27,78,High,Low,Yes,6,75,Medium,Yes,0,Low,Medium,Public,Positive,3,Yes,High School,Near,Female,59
16,60,Low,Medium,No,9,79,High,Yes,3,Medium,Medium,Public,Positive,3,No,High School,Moderate,Female,49
16,76,Medium,Medium,Yes,8,69,High,Yes,2,Medium,High,Private,Positive,4,No,High School,Near,Male,57
20,84,Medium,Medium,Yes,6,44,Medium,Yes,2,Medium,Low,Public,Positive,5,No,High School,Far,Female,49
20,99,Medium,High,No,6,73,High,Yes,1,Medium,Medium,Public,Negative,5,No,College,Moderate,Male,72
22,86,Low,High,Yes,6,96,Medium,Yes,2,Medium,Medium,Private,Neutral,4,No,College,Near,Female,77
33,92,Medium,High,Yes,7,78,High,Yes,3,Low,Medium,Public,Positive,3,No,High School,Near,Male,93
22,67,High,High,No,8,72,Medium,Yes,0,Medium,High,Public,Neutral,1,No,High School,Near,Male,57
6,79,Medium,High,Yes,7,67,Medium,Yes,1,High,Medium,Public,Neutral,3,No,College,Near,Female,41
22,93,Medium,High,No,9,80,Low,Yes,0,Low,Low,Private,Positive,4,No,High School,Near,Male,67
20,70,Medium,Low,Yes,6,75,High,No,0,Medium,Medium,Public,Negative,4,No,College,Moderate,Female,48
20,91,High,Low,Yes,4,81,High,Yes,2,Medium,Medium,Public,Negative,3,No,College,Moderate,Male,67
21,88,Low,Medium,No,10,58,Low,Yes,2,Medium,Low,Public,Positive,1,No,High School,Near,Male,51
20,83,Low,High,Yes,7,74,Low,Yes,0,Medium,Low,Public,Neutral,4,No,Postgraduate,Near,Male,59
20,76,Medium,High,No,8,66,High,Yes,5,Low,High,Public,Negative,2,No,High School,Near,Female,62
24,69,Medium,Medium,No,6,77,High,Yes,1,Medium,High,Public,Positive,2,No,Postgraduate,Near,Male,67
17,100,Medium,High,No,5,47,Medium,Yes,3,Low,Medium,Public,Negative,4,No,College,Near,Male,55
14,87,Low,Medium,Yes,7,67,Low,Yes,1,Low,Medium,Public,Positive,3,No,High School,Near,Male,47
38,84,Low,Medium,Yes,4,79,Medium,No,1,Low,High,Private,Negative,4,No,Postgraduate,Near,Female,82
16,75,Medium,Low,No,7,81,Low,Yes,1,High,Medium,Private,Neutral,1,No,High School,Moderate,Female,49
21,80,Medium,Medium,Yes,8,72,High,Yes,1,High,Medium,Public,Positive,3,No,High School,Near,Male,63
11,82,Medium,Low,Yes,8,44,Low,Yes,0,Low,Medium,Public,Neutral,1,No,High School,Moderate,Male,23
21,84,Medium,Low,Yes,7,80,Medium,Yes,2,Low,Medium,Public,Neutral,4,Yes,High School,Near,Female,58
14,88,Low,Medium,No,9,93,Medium,Yes,0,Medium,High,Private,Neutral,4,No,College,Far,Male,60
17,71,Medium,Low,No,8,61,Medium,No,3,Medium,Low,Public,Positive,2,No,High School,Near,Male,43
26,64,High,High,Yes,4,66,High,No,1,Low,Medium,Public,Positive,3,No,College,Near,Male,59
23,81,High,Medium,No,7,82,Medium,Yes,1,Low,Medium,Private,Neutral,4,No,Postgraduate,Moderate,Male,70
23,61,Low,Medium,Yes,10,83,Low,Yes,0,Medium,High,Public,Neutral,2,No,High School,Near,Male,50
9,76,Medium,Low,Yes,7,86,Low,Yes,2,Low,Medium,Public,Neutral,1,No,High School,Near,Female,43
31,74,High,High,Yes,10,85,Medium,Yes,2,Medium,Medium,Private,Neutral,3,No,College,Near,Female,78
13,85,Medium,Medium,No,8,52,Low,Yes,3,High,High,Public,Positive,4,No,High School,Near,Male,48
29,100,Medium,Medium,Yes,6,66,Medium,Yes,2,High,Medium,Public,Neutral,2,No,College,Near,Female,80
26,60,Low,Medium,Yes,5,80,Medium,Yes,3,Medium,High,Public,Neutral,5,No,College,Moderate,Male,63
23,100,Medium,Medium,Yes,7,71,Medium,Yes,4,Low,Low,Public,Positive,3,Yes,High School,Near,Female,68
15,77,High,Medium,No,9,77,Low,No,1,Medium,Medium,Private,Positive,5,No,Postgraduate,Near,Male,54
21,84,High,Medium,No,5,70,High,Yes,4,High,Medium,Public,Neutral,2,No,College,Near,Female,69
17,64,High,High,No,7,66,Medium,No,1,Medium,Low,Private,Positive,2,No,Postgraduate,Moderate,Male,46
20,91,Medium,Medium,No,4,69,Medium,Yes,2,High,Medium,Public,Negative,2,No,High School,Near,Female,60
19,80,Medium,High,Yes,7,57,Medium,Yes,3,Medium,High,Public,Positive,5,No,College,Far,Female,58
8,79,Low,Medium,Yes,5,63,Medium,No,2,Medium,Low,Private,Positive,3,No,College,Near,Male,34
27,60,Low,Low,No,8,71,Medium,Yes,1,Medium,Medium,Public,Neutral,3,No,High School,Near,Male,53
20,81,Low,Medium,Yes,6,71,High,Yes,3,Medium,High,Public,Negative,5,No,High School,Near,Male,63
17,89,High,Medium,Yes,9,79,Medium,No,4,Low,Low,Public,Negative,2,No,High School,Near,Female,60
17,77,Low,Medium,Yes,6,68,Low,Yes,3,High,Low,Public,Positive,3,No,College,Moderate,Male,50
22,93,Medium,High,Yes,6,94,High,No,0,High,Medium,Public,Neutral,3,No,High School,Far,Female,76
15,92,Medium,Medium,Yes,5,88,Medium,Yes,4,Medium,High,Public,Neutral,5,No,College,Moderate,Male,72
6,73,Medium,High,Yes,8,65,Low,Yes,1,Medium,Medium,Public,Positive,4,No,Postgraduate,Near,Male,37
22,98,Medium,Low,No,8,75,Low,No,1,Low,High,Private,Neutral,2,Yes,College,Near,Female,58
23,80,Low,Medium,Yes,8,88,Medium,No,0,Medium,High,Public,Positive,5,No,High School,Moderate,Female,65
19,81,Medium,Low,No,8,64,Medium,No,0,Low,Medium,Public,Positive,3,No,High School,Moderate,Male,46
13,81,Medium,Medium,Yes,8,62,High,Yes,2,Low,Low,Public,Neutral,4,No,College,Moderate,Female,47
21,81,High,Medium,Yes,8,89,Low,Yes,4,Medium,Low,Public,Neutral,3,No,High School,Far,Female,68
11,60,Medium,Medium,No,8,81,Medium,Yes,0,Low,Medium,Public,Neutral,5,No,College,Near,Female,40
14,78,High,Medium,No,8,86,Low,Yes,0,Low,Medium,Public,Positive,0,No,High School,Moderate,Male,50
15,65,Medium,Low,No,5,76,Medium,Yes,7,Low,Medium,Private,Neutral,4,Yes,High School,Moderate,Male,44
25,98,Low,Low,Yes,6,69,High,Yes,2,Medium,High,Private,Neutral,6,Yes,High School,Far,Male,66
18,97,Medium,Medium,Yes,5,55,Low,Yes,2,Medium,Medium,Private,Positive,1,No,High School,Near,Female,53
17,89,High,Low,Yes,7,74,High,Yes,2,Medium,Medium,Private,Positive,2,No,College,Near,Male,68
32,77,Low,Medium,No,9,88,Low,Yes,2,Low,Medium,Private,Positive,3,No,College,Near,Male,78
22,69,Low,Medium,No,8,88,Medium,Yes,0,Medium,Medium,Public,Negative,5,No,High School,Near,Male,59
22,73,High,High,No,6,86,Medium,No,1,Low,Medium,Public,Neutral,3,No,College,Near,Male,65
18,100,High,High,Yes,8,82,Medium,Yes,0,High,High,Public,Positive,3,No,College,Far,Female,75
16,72,Low,Medium,No,7,100,High,Yes,1,High,Medium,Public,Positive,3,No,College,Near,Male,66
7,60,High,High,Yes,7,52,Medium,Yes,2,High,Medium,Private,Neutral,3,No,High School,Near,Male,28
26,91,Medium,High,Yes,5,75,High,Yes,2,Medium,Medium,Public,Neutral,2,No,High School,Near,Female,79
23,97,Medium,Low,Yes,9,60,Medium,No,2,High,Medium,Private,Positive,1,No,College,Moderate,Female,63
19,98,Medium,High,No,5,92,Medium,Yes,2,Medium,Low,Public,Positive,6,No,High School,Near,Male,79
19,91,High,Medium,Yes,6,65,Low,Yes,1,Low,High,Public,Positive,3,Yes,College,Moderate,Female,53
24,93,Low,Medium,No,8,85,Medium,No,0,High,Medium,Private,Negative,2,No,High School,Near,Male,69
11,81,High,Medium,Yes,6,66,High,Yes,1,Low,Medium,Public,Neutral,4,No,College,Moderate,Female,47
16,60,Low,High,Yes,7,77,Medium,Yes,2,Medium,Medium,Public,Positive,0,No,Postgraduate,Near,Female,49
13,80,Medium,High,No,7,71,High,Yes,1,High,Medium,Private,Positive,1,No,High School,Near,Female,55
31,87,Medium,High,Yes,7,72,High,Yes,2,Low,Medium,Public,Negative,3,No,High School,Moderate,Male,80
25,79,High,Medium,No,7,76,Low,Yes,3,Low,High,Public,Positive,3,Yes,Postgraduate,Far,Female,65
7,78,High,High,No,7,84,Medium,Yes,1,Low,Medium,Private,Negative,4,No,High School,Near,Female,48
11,69,High,Medium,Yes,7,71,High,Yes,2,Medium,High,Private,Neutral,2,Yes,High School,Moderate,Female,40
19,69,Medium,High,Yes,6,84,Low,Yes,1,Medium,Medium,Public,Neutral,2,No,College,Moderate,Male,55
17,100,Medium,High,No,5,85,Low,No,0,Medium,Medium,Public,Negative,3,No,College,Near,Female,64
12,100,High,Low,Yes,8,67,Low,Yes,4,Low,High,Private,Negative,2,No,College,Far,Female,55
32,80,Medium,Medium,No,8,97,High,Yes,0,Medium,Low,Public,Neutral,2,No,High School,Near,Female,81
22,83,Medium,High,Yes,7,82,High,Yes,0,High,Medium,Public,Neutral,5,No,High School,Near,Female,71
23,69,Medium,High,No,7,66,High,Yes,0,High,High,Public,Positive,2,Yes,High School,Far,Female,51
16,87,Medium,High,No,6,80,Medium,No,2,Low,Medium,Private,Neutral,3,No,High School,Moderate,Female,59
24,99,Medium,Medium,Yes,4,85,Medium,No,3,Medium,Low,Public,Negative,2,No,College,Moderate,Female,73
18,63,Medium,Low,Yes,7,80,Low,Yes,1,High,Low,Public,Neutral,2,No,College,,Male,45
18,85,Low,Medium,Yes,4,75,High,Yes,1,Medium,High,Private,Positive,1,No,College,Far,Male,59
24,86,High,Medium,No,7,40,High,Yes,2,High,Medium,Public,Negative,1,No,Postgraduate,Moderate,Male,55
10,86,High,High,No,9,59,Medium,Yes,1,Medium,Medium,Public,Negative,3,No,High School,Moderate,Female,41
30,98,Medium,Medium,Yes,6,81,Low,No,0,Low,Low,Public,Positive,3,No,College,Near,Female,78
21,100,High,Medium,No,6,59,High,Yes,3,Medium,Medium,Private,Negative,3,No,High School,Near,Male,68
28,77,Medium,Medium,Yes,6,79,High,Yes,2,Medium,Medium,Public,Neutral,6,No,High School,Near,Female,74
14,87,Medium,High,No,7,84,High,Yes,3,Low,High,Private,Neutral,3,No,High School,Moderate,Male,67
14,81,High,Medium,No,7,71,Medium,Yes,2,Low,Low,Public,Negative,2,No,College,Near,Male,50
13,73,Medium,Low,No,6,49,Medium,No,0,High,Medium,Private,Positive,0,No,College,Near,Male,31
22,83,High,Medium,No,8,62,Medium,No,1,Medium,High,Public,Positive,1,No,Postgraduate,Near,Female,61
20,87,Medium,Medium,Yes,10,81,Medium,No,1,Low,,Public,Neutral,5,Yes,High School,Near,Male,54
17,82,Medium,Medium,No,9,88,High,Yes,1,Medium,Medium,Public,Neutral,4,No,College,Far,Male,63
14,70,Low,Medium,Yes,7,45,Low,Yes,1,Medium,Low,Private,Positive,3,No,High School,Near,Female,29
12,75,High,Low,No,7,73,Medium,Yes,0,Low,Medium,Public,Positive,4,No,Postgraduate,Moderate,Female,47
20,75,Low,Medium,Yes,6,53,High,Yes,0,Medium,Medium,Public,Neutral,2,No,High School,Near,Male,45
17,71,Medium,Medium,Yes,6,73,Low,Yes,1,High,Medium,Public,Neutral,3,No,College,Near,Male,49
16,83,Low,Medium,No,8,70,Medium,Yes,2,High,High,Private,Neutral,3,No,Postgraduate,Moderate,Male,57
29,85,Medium,Medium,No,8,100,High,Yes,0,Low,High,Public,Negative,4,No,High School,Far,Male,85
20,91,Medium,Medium,No,5,65,Medium,Yes,1,Low,Low,Public,Neutral,3,Yes,High School,Moderate,Female,50
28,71,High,Low,No,8,86,Medium,Yes,3,Low,High,Private,Neutral,2,No,Postgraduate,Far,Male,74
17,74,Medium,Low,No,9,85,High,No,3,Medium,Low,Private,Neutral,3,Yes,College,Far,Female,47
21,97,Low,High,No,7,69,Low,Yes,0,Medium,Medium,Public,Negative,2,No,College,Far,Female,61
20,78,Low,High,No,7,74,Medium,Yes,2,Medium,Low,Private,Positive,4,No,College,Near,Female,61
10,80,Low,Low,Yes,8,72,High,Yes,1,Medium,High,Private,Positive,3,No,High School,Near,Male,46
29,78,Medium,Low,Yes,8,62,Low,Yes,4,Low,High,Private,Positive,4,No,Postgraduate,Moderate,Female,67
19,92,High,High,No,8,61,Low,Yes,3,High,Medium,Public,Neutral,2,No,High School,Moderate,Female,61
24,93,Medium,Low,Yes,7,67,Low,Yes,3,Medium,Medium,Public,Positive,5,No,Postgraduate,Near,Female,72
15,92,Medium,High,No,8,57,Medium,Yes,0,High,Low,Public,Positive,3,No,College,Moderate,Male,50
19,80,Low,High,Yes,7,65,Medium,Yes,0,Low,Medium,Private,Neutral,3,No,High School,Near,Male,50
15,70,High,Low,No,5,69,Medium,Yes,2,Low,Medium,Public,Neutral,4,No,Postgraduate,Moderate,Male,45
27,100,High,Low,No,5,74,Medium,Yes,2,Medium,Medium,Public,Neutral,4,No,Postgraduate,Near,Female,79
22,89,High,High,Yes,8,78,Medium,Yes,1,High,Low,Private,Negative,4,No,High School,Far,Female,68
22,75,Low,Low,No,7,69,Medium,Yes,4,Low,High,Public,Negative,4,No,Postgraduate,Near,Female,59
28,96,Medium,Medium,No,8,62,High,Yes,2,Medium,Medium,Public,Positive,4,No,High School,Near,Male,78
27,74,High,Low,Yes,6,78,Medium,Yes,2,Low,Medium,Private,Positive,3,No,High School,Near,Female,68
25,96,Low,Medium,Yes,7,82,High,Yes,1,Low,Medium,Private,Negative,4,No,College,Moderate,Female,76
11,96,Medium,High,Yes,7,66,Medium,Yes,2,Medium,Low,Public,Neutral,2,No,High School,Far,Female,51
16,70,High,Medium,No,9,59,Medium,Yes,1,Low,Medium,Public,Positive,2,No,College,Far,Female,42
14,86,High,Low,No,8,66,Low,Yes,1,Low,Medium,Private,Neutral,2,No,College,Near,Male,47
24,89,Medium,Medium,No,6,70,Medium,Yes,3,Medium,Medium,Private,Negative,1,No,High School,Moderate,Female,66
21,100,Medium,Medium,Yes,8,87,Medium,Yes,0,High,Medium,Private,Positive,2,No,High School,Moderate,Male,75
12,72,High,Low,No,6,81,High,Yes,1,Low,Medium,Public,Positive,3,No,College,Near,Female,51
19,96,Medium,High,Yes,4,72,Medium,No,3,Low,Low,Private,Positive,1,No,College,Near,Female,64
11,80,High,Medium,Yes,9,97,High,Yes,2,Medium,Medium,Public,Positive,3,No,Postgraduate,Near,Female,68
20,66,Medium,Low,Yes,6,72,Medium,No,2,High,Low,Private,Positive,4,No,Postgraduate,Moderate,Male,52
10,79,High,High,No,8,90,Medium,Yes,1,Low,Low,Private,Positive,3,No,High School,Near,Male,56
23,80,High,Medium,Yes,6,88,Medium,Yes,2,Low,Medium,Private,Neutral,3,No,High School,Moderate,Male,69
22,68,Medium,Low,Yes,6,87,Low,Yes,2,Low,Medium,Public,Positive,3,No,High School,Far,Male,57
31,83,Medium,Low,Yes,6,76,Medium,No,1,Low,Low,Public,Positive,0,No,High School,Moderate,Female,67
25,91,Low,Medium,Yes,7,74,Low,Yes,1,Medium,Medium,Private,Positive,3,No,High School,Far,Male,68
17,83,High,Medium,Yes,7,72,Low,Yes,2,Low,High,Public,Positive,4,No,High School,Far,Female,57
25,74,Medium,Low,Yes,8,83,Medium,Yes,0,Medium,High,Public,Negative,4,No,High School,Near,Male,63
12,78,Medium,High,No,6,62,High,No,2,Low,Medium,Public,Neutral,2,No,High School,Near,Male,45
14,80,High,Medium,Yes,7,69,High,No,0,Low,High,Public,Positive,5,Yes,College,Near,Female,46
22,82,High,Low,Yes,6,94,High,Yes,1,Medium,High,Public,Neutral,3,No,Postgraduate,Near,Male,78
7,92,High,Medium,Yes,9,80,Low,No,0,Medium,Low,Public,Negative,4,No,College,Far,Female,42
20,83,Medium,Medium,Yes,5,84,Low,Yes,1,High,Medium,Public,Negative,3,No,High School,Near,Male,60
14,65,High,Medium,No,6,56,Low,Yes,1,Medium,Medium,Private,Neutral,5,No,College,Near,Male,37
21,74,High,High,Yes,6,66,Medium,Yes,0,High,,Public,Neutral,2,No,High School,Far,Female,52
14,82,Low,Low,Yes,10,76,High,Yes,0,Low,Medium,Public,Neutral,3,No,High School,Near,Male,47
23,92,High,Low,No,8,71,Medium,Yes,1,Medium,Medium,Private,Positive,3,No,High School,Near,Female,68
20,94,Medium,Low,Yes,6,56,Medium,No,3,Medium,Low,Public,Positive,1,No,College,Moderate,Female,55
28,100,High,Medium,Yes,8,82,Low,Yes,1,Medium,Medium,Public,Neutral,5,No,High School,Near,Male,84
20,81,High,Medium,Yes,8,86,Medium,Yes,1,Low,Medium,Public,Positive,3,Yes,High School,Moderate,Male,59
15,88,Medium,Low,No,7,68,High,No,0,Low,Medium,Public,Neutral,2,No,Postgraduate,Moderate,Male,49
19,64,Medium,Medium,Yes,8,82,Medium,Yes,0,Medium,Low,Public,Neutral,2,No,College,Near,Male,50
12,85,Low,High,Yes,7,98,Medium,Yes,5,Medium,Low,Public,Positive,4,No,High School,Far,Male,68
22,68,Medium,High,No,7,92,Medium,Yes,1,Medium,Medium,Public,Positive,5,No,College,Moderate,Female,69
24,79,Medium,Medium,Yes,5,69,Medium,Yes,1,Medium,Medium,Private,Positive,2,No,College,Near,Male,61
35,100,High,Medium,Yes,9,58,Medium,Yes,3,Medium,High,Public,Neutral,4,No,,Near,Male,89
16,83,Low,Medium,No,6,75,High,Yes,2,Low,High,Public,Positive,2,No,High School,Near,Male,57
18,70,Low,Medium,No,5,100,Medium,Yes,1,Medium,Low,Private,Positive,0,No,High School,Moderate,Female,58
17,84,Medium,Medium,No,6,89,Medium,Yes,1,Medium,High,Public,Neutral,4,No,College,Near,Female,67
21,74,Medium,Medium,No,6,72,Medium,Yes,4,Low,Medium,Public,Neutral,2,No,College,Near,Male,60
22,69,Low,Low,No,6,92,Low,Yes,0,Low,Medium,Public,Positive,4,No,College,Near,Female,58
20,100,Low,Medium,No,8,87,Low,Yes,1,Low,Medium,Public,Positive,4,No,High School,Near,Female,71
27,92,Medium,Medium,Yes,8,47,Low,Yes,2,Low,Medium,Private,Negative,2,No,High School,Near,Male,57
16,84,Medium,Low,Yes,4,86,High,Yes,4,Low,High,Public,Positive,3,No,College,Near,Male,67
26,76,High,Low,Yes,6,74,Low,Yes,2,High,Low,Public,Neutral,4,No,College,Near,Female,63
23,77,Medium,High,Yes,6,61,High,Yes,3,Medium,High,Public,Neutral,1,No,College,Near,Female,64
20,97,Low,Low,Yes,7,73,Medium,Yes,1,Medium,Medium,Private,Neutral,3,No,High School,Near,Female,63
18,83,High,Medium,Yes,9,77,Medium,Yes,3,High,Low,Private,Neutral,4,No,Postgraduate,Near,Male,65
35,60,High,Low,No,6,62,High,Yes,2,Low,Medium,Private,Positive,3,No,High School,Near,Male,66
15,100,Medium,Low,Yes,9,70,Low,Yes,2,Low,Low,Public,Positive,5,No,High School,Near,Male,56
22,82,High,High,Yes,7,68,High,Yes,1,Low,Medium,Public,Neutral,3,No,High School,Moderate,Female,64
15,84,High,Low,Yes,9,82,Medium,No,5,Low,Low,Public,Positive,6,No,College,Near,Male,61
31,92,High,Low,Yes,7,68,Low,No,1,Low,Medium,Public,Neutral,5,No,Postgraduate,Near,Male,75
25,85,Medium,High,Yes,6,50,High,No,3,High,Low,Public,Neutral,5,No,High School,Moderate,Male,61
16,88,Low,Medium,Yes,7,66,Medium,Yes,1,Medium,High,Public,Positive,4,No,Postgraduate,Moderate,Male,57
23,75,Low,Medium,No,9,60,Low,Yes,3,Medium,Medium,Private,Neutral,4,Yes,College,Far,Male,45
22,66,High,Medium,No,7,55,High,Yes,2,Low,Medium,Public,Positive,3,Yes,High School,Moderate,Male,46
17,83,High,Low,Yes,7,87,Medium,Yes,5,Medium,Medium,Public,Positive,6,No,High School,Near,Male,72
25,96,Medium,Medium,No,8,82,Medium,Yes,3,Medium,Medium,Private,Positive,2,Yes,College,Near,Female,76
22,73,Low,Medium,No,6,59,Low,Yes,2,Medium,Low,Public,Positive,5,No,Postgraduate,Near,Male,51
21,72,Low,Low,No,7,55,High,Yes,3,Low,Medium,Public,Neutral,3,No,High School,Near,Male,49
20,93,Medium,Low,Yes,6,71,Medium,Yes,2,Low,,Public,Positive,1,No,College,Moderate,Male,62
23,75,High,Medium,Yes,9,55,Low,Yes,3,Low,High,Public,Neutral,4,No,Postgraduate,Near,Male,57
21,75,Medium,Low,Yes,8,69,High,Yes,1,Medium,Medium,Private,Positive,3,No,College,Near,Male,56
20,76,Medium,Low,Yes,8,73,Medium,Yes,3,Low,High,Public,Neutral,4,No,College,Moderate,Female,57
16,79,Medium,Medium,Yes,4,76,High,Yes,0,Low,Low,Public,Neutral,5,No,High School,Near,Female,51
30,63,High,Medium,Yes,8,76,Medium,Yes,2,Medium,Medium,Public,Neutral,2,No,College,Near,Female,68
14,74,High,Medium,Yes,7,62,Medium,Yes,4,High,Medium,Private,Positive,5,No,High School,Far,Female,52
23,83,Low,Low,Yes,5,73,Medium,Yes,2,Low,Medium,Private,Negative,4,No,High School,Near,Male,58
18,82,Medium,Medium,No,7,89,Medium,Yes,2,Low,High,Public,Positive,4,No,High School,Near,Male,68
31,93,High,High,Yes,5,45,Medium,Yes,5,Medium,Low,Private,Positive,1,No,College,Far,Male,73
15,100,High,Medium,Yes,8,76,Medium,Yes,0,Low,Medium,Private,Positive,4,No,High School,Far,Female,64
16,97,Medium,High,Yes,9,57,Low,Yes,0,Low,Medium,Private,Negative,4,No,High School,Near,Male,49
14,90,Low,Medium,No,4,90,High,Yes,1,Medium,High,Public,Positive,5,No,College,Moderate,Male,67
22,78,Medium,Low,No,7,83,Low,Yes,1,Medium,High,Private,Negative,1,No,High School,Near,Female,60
12,73,Medium,Medium,No,7,82,Medium,Yes,2,Medium,Medium,Private,Neutral,3,Yes,College,Near,Male,43
17,80,Medium,Medium,No,4,61,Medium,Yes,2,Medium,Low,Public,Neutral,6,No,High School,Near,Male,48
7,86,High,High,Yes,8,75,Low,No,4,High,Medium,Public,Positive,1,No,High School,Near,Male,49
21,89,Low,Medium,Yes,8,77,Medium,Yes,1,Low,Medium,Public,Positive,4,No,College,Moderate,Male,64
17,87,High,Medium,No,10,41,Low,Yes,1,Medium,High,Private,Neutral,3,No,College,Moderate,Male,43
11,79,Medium,High,Yes,8,74,Low,Yes,1,Low,Low,Public,Positive,2,No,Postgraduate,Moderate,Female,45
27,89,Low,Low,Yes,6,80,High,No,3,Medium,Medium,Private,Negative,3,No,High School,Near,Male,71
12,94,Medium,Medium,No,8,54,Medium,Yes,3,Medium,High,Private,Neutral,6,No,High School,Near,Female,52
25,90,Medium,Medium,No,9,80,Medium,No,1,High,Low,Public,Negative,4,No,High School,Near,Male,68
16,80,High,High,No,6,73,Low,Yes,3,High,Low,Public,Negative,3,No,High School,Near,Male,56
30,71,Medium,Low,Yes,8,90,Medium,Yes,1,Low,Low,Public,Positive,2,No,College,Near,Male,72
24,71,Low,Medium,Yes,4,67,Low,Yes,3,Low,Low,Public,Positive,4,No,High School,,Male,51
14,73,High,Medium,No,9,74,Low,Yes,2,Medium,Medium,Public,Negative,3,No,Postgraduate,Near,Female,47
14,83,Medium,High,Yes,8,76,Medium,No,2,Low,Medium,Public,Neutral,2,No,High School,Near,Female,52
24,86,Medium,High,Yes,4,40,Medium,No,3,Low,Medium,Public,Positive,3,No,College,Near,Male,55
18,64,High,High,No,8,67,Low,Yes,1,Medium,Low,Private,Neutral,4,No,College,Near,Male,47
19,74,Low,Low,Yes,4,73,Low,Yes,4,High,Medium,Public,Positive,3,No,Postgraduate,Far,Male,54
28,83,Low,Medium,No,6,41,Medium,Yes,1,Medium,Medium,Public,Negative,5,No,High School,Near,Female,52
16,70,Medium,High,No,8,81,Low,Yes,1,Medium,Medium,Private,Neutral,4,No,College,Near,Male,53
21,85,Medium,Medium,Yes,7,73,Low,No,0,Medium,Medium,Public,Neutral,3,No,High School,Near,Female,56
26,77,Medium,High,No,9,73,High,Yes,2,Low,Low,Public,Neutral,4,No,College,Far,Female,67
25,72,High,High,Yes,7,81,Low,Yes,2,Medium,Low,Public,Positive,3,No,College,Near,Male,68
19,81,Medium,Medium,Yes,7,67,Medium,Yes,0,Low,Low,Public,Positive,3,No,College,Near,Female,53
18,84,High,Low,No,9,73,High,Yes,1,Low,High,Public,Negative,3,No,College,Far,Female,56
10,71,Low,Medium,Yes,7,83,Medium,No,1,Low,Low,Public,Neutral,2,No,High School,Near,Female,37
14,77,Low,Medium,No,7,73,Medium,No,0,Medium,Medium,Public,Positive,4,Yes,Postgraduate,Near,Female,40
22,85,Low,Medium,Yes,7,48,Medium,Yes,1,High,Medium,Public,Positive,4,No,High School,Near,Female,54
19,72,Low,Low,Yes,7,73,Low,Yes,2,Medium,High,Private,Neutral,2,No,College,Near,Female,50
20,62,Medium,Medium,Yes,9,73,Medium,Yes,0,Low,High,Public,Neutral,5,No,College,Near,Male,48
26,63,High,Low,Yes,6,84,High,Yes,7,Medium,Medium,Public,Negative,4,No,,Near,Male,73
13,75,High,Medium,No,6,68,Low,Yes,1,Low,Medium,Public,Positive,0,No,High School,Near,Male,42
19,65,Medium,Medium,No,6,59,High,Yes,3,High,Medium,Private,Positive,3,No,High School,Near,Female,51
21,76,Low,Medium,Yes,4,59,Medium,Yes,0,Medium,High,Public,Neutral,4,No,High School,,Female,48
16,98,High,Low,Yes,9,91,Medium,Yes,0,Low,Low,Public,Neutral,2,No,Postgraduate,Near,Female,68
29,65,Medium,Medium,Yes,6,76,Medium,No,1,Medium,Medium,Public,Positive,6,No,College,Near,Male,65
25,77,Medium,High,Yes,7,90,Medium,Yes,0,Medium,Medium,Public,Positive,2,No,College,Moderate,Male,75
22,100,Medium,Medium,No,9,92,Medium,Yes,0,High,Medium,Public,Neutral,4,No,High School,Far,Female,79
31,84,Low,High,Yes,7,62,Medium,Yes,3,Low,High,Public,Negative,2,No,High School,Far,Male,69
11,76,Medium,Low,Yes,8,61,High,Yes,0,Medium,High,Private,Neutral,2,No,College,Near,Male,38
20,78,High,Low,Yes,5,70,High,No,1,Medium,Medium,Public,Positive,3,Yes,High School,Near,Male,49
22,85,Medium,Low,No,9,80,Low,Yes,0,Low,Medium,Private,Neutral,2,No,High School,Moderate,Male,58
15,99,Medium,Medium,Yes,7,54,Low,No,1,Low,High,Public,Positive,3,No,High School,Near,Male,51
22,74,High,Low,Yes,6,78,High,Yes,3,Low,Medium,Public,Negative,2,No,,Moderate,Female,62
13,72,Medium,High,No,6,77,Low,Yes,3,Low,Medium,Private,Positive,1,No,High School,Near,Female,50
24,65,Medium,Medium,No,9,57,High,No,2,Low,Medium,Private,Positive,3,No,High School,Moderate,Female,48
26,81,Medium,High,Yes,6,58,Low,Yes,0,Low,Medium,Private,Negative,6,No,High School,Moderate,Male,56
22,65,High,Medium,Yes,6,78,Low,Yes,2,Low,Medium,Public,Positive,2,No,College,Moderate,Male,57
9,75,Medium,Medium,Yes,6,99,Low,No,1,Low,Medium,Private,Positive,3,No,College,Moderate,Female,49
14,70,Medium,Medium,Yes,7,68,Low,Yes,0,Medium,Medium,Public,Positive,3,No,College,Moderate,Female,43
23,92,Low,Medium,No,7,76,Medium,Yes,1,Medium,High,Public,Positive,5,No,High School,Moderate,Female,72
20,74,High,High,No,8,64,Medium,Yes,2,Low,Medium,Public,Neutral,4,No,College,Moderate,Male,57
4,84,High,Low,Yes,7,75,High,Yes,1,Low,Medium,Public,Negative,2,Yes,Postgraduate,Near,Male,35
27,62,Medium,High,No,8,64,Medium,No,1,Medium,Medium,Private,Neutral,1,No,High School,,Male,51
21,81,High,Medium,No,7,69,Medium,Yes,2,High,Medium,Private,Positive,2,No,High School,Far,Male,61
15,67,Medium,Medium,Yes,10,100,Medium,Yes,0,Medium,High,Public,Positive,3,No,High School,Near,Female,57
26,75,High,Low,No,6,73,Medium,Yes,1,Medium,Medium,Public,Positive,2,No,College,Moderate,Male,64
16,100,Low,Low,No,9,52,High,Yes,2,Low,Medium,Public,Positive,5,Yes,College,Near,Female,48
16,90,Low,Low,No,6,80,Medium,Yes,1,Medium,Low,Private,Neutral,3,No,College,Near,Male,56
22,79,High,Medium,No,5,87,Medium,Yes,3,Medium,Medium,Public,Positive,5,No,High School,Near,Male,73
31,100,Medium,Low,No,5,81,Medium,Yes,3,Low,High,Private,Positive,3,No,High School,Moderate,Male,88
30,70,Medium,High,No,7,70,Medium,Yes,2,High,High,Public,Positive,2,No,College,Near,Male,74
22,93,High,High,Yes,9,60,Low,Yes,2,Low,Medium,Public,Neutral,2,No,High School,Near,Male,61
23,63,Medium,Low,Yes,5,60,Medium,Yes,2,Low,Low,Private,Negative,4,No,Postgraduate,Moderate,Male,43
25,77,Medium,Medium,Yes,6,70,High,Yes,4,High,High,Public,Negative,5,No,High School,Near,Female,70
12,65,Medium,Low,No,8,67,High,Yes,1,High,High,Public,Neutral,4,Yes,High School,Near,Male,33
24,83,Medium,Medium,No,7,65,High,Yes,3,Low,Medium,Private,Positive,2,No,High School,Near,Female,67
16,81,Low,Low,Yes,6,88,Medium,Yes,2,Low,Medium,Public,Neutral,3,No,College,Near,Male,58
22,77,Low,High,Yes,5,84,Medium,No,1,Medium,Medium,Private,Positive,3,No,Postgraduate,Near,Male,64
19,92,Medium,High,Yes,7,88,High,Yes,0,Medium,High,Private,Positive,0,No,High School,Far,Male,73
23,74,High,Low,No,8,62,Medium,No,0,High,Low,Public,Positive,3,No,College,Moderate,Male,50
21,84,Medium,Low,Yes,8,60,High,Yes,4,Medium,Low,Public,Negative,4,No,High School,Near,Male,56
2,89,Medium,Medium,Yes,7,73,Medium,Yes,2,Medium,High,Private,Negative,5,No,Postgraduate,Moderate,Male,43
21,64,Medium,Medium,No,6,77,Medium,No,2,Medium,Medium,Public,Positive,4,No,College,Near,Male,55
24,72,Low,Low,Yes,7,73,Medium,Yes,4,High,Medium,Private,Neutral,1,Yes,High School,Near,Female,54
23,81,Medium,High,No,7,77,Low,Yes,3,Medium,Low,Public,Negative,2,No,High School,Near,Male,64
19,87,Low,High,Yes,5,93,Low,Yes,0,Low,Medium,Private,Neutral,4,No,Postgraduate,Near,Female,67
30,96,Medium,Medium,No,7,69,High,Yes,2,Medium,Medium,Public,Negative,2,No,Postgraduate,,Female,82
22,78,Low,High,Yes,8,82,Medium,Yes,0,Medium,Medium,Private,Positive,4,No,High School,Near,Female,65
23,77,Medium,Medium,Yes,7,79,Low,No,3,High,Medium,Private,Positive,2,No,High School,Moderate,Female,63
26,70,Medium,Medium,No,4,73,High,Yes,3,Medium,High,Public,Positive,3,No,College,Moderate,Male,68
22,84,High,High,Yes,6,82,High,Yes,0,Low,High,Private,Negative,2,No,High School,Far,Male,70
15,77,Medium,Medium,No,6,62,Medium,Yes,2,Medium,Low,Private,Positive,3,No,Postgraduate,Moderate,Male,49
5,77,High,Medium,Yes,8,59,Medium,Yes,2,High,Low,Private,Negative,2,Yes,Postgraduate,Near,Female,26
17,79,Medium,Low,Yes,10,78,Medium,Yes,0,Low,Medium,Public,Neutral,5,No,College,Near,Male,52
25,86,Medium,Medium,Yes,7,51,High,Yes,1,Low,Medium,Private,Negative,2,No,College,Near,Male,59
18,74,Low,Low,Yes,5,79,Low,No,4,Low,High,Private,Positive,6,No,High School,Near,Female,54
25,72,Low,Low,Yes,7,57,Low,Yes,2,Low,Medium,Public,Neutral,4,No,College,Far,Male,48
21,85,Medium,Medium,No,7,92,Low,Yes,1,Medium,High,Private,Positive,3,No,College,Far,Female,71
28,60,Low,Medium,Yes,8,67,Medium,Yes,0,Low,Medium,Public,Negative,2,Yes,College,Near,Male,44
18,73,Medium,Low,Yes,9,91,Medium,Yes,3,High,Medium,Public,Neutral,3,No,College,Far,Male,61
23,67,Medium,Low,Yes,9,69,High,Yes,2,Low,Medium,Public,Positive,2,No,High School,Moderate,Female,52
23,93,Medium,High,Yes,8,69,High,Yes,1,Low,Medium,Private,Neutral,3,No,High School,Near,Male,70
29,75,Medium,Medium,Yes,7,83,High,Yes,0,Low,Medium,Private,Neutral,3,No,High School,Moderate,Male,71
10,74,Medium,Medium,No,9,76,Medium,Yes,2,Medium,Medium,Private,Neutral,5,No,High School,Near,Male,45
17,79,Low,High,No,7,71,Medium,Yes,1,High,Medium,Public,Negative,4,No,,Near,Male,55
25,73,Medium,High,Yes,7,67,Medium,Yes,0,Medium,Low,Private,Positive,4,No,High School,Near,Male,59
29,76,Medium,Low,Yes,7,67,High,Yes,2,High,Low,Public,Negative,4,No,High School,Near,Female,67
21,81,Medium,Medium,Yes,4,100,Medium,Yes,1,Low,Low,Public,Neutral,2,No,College,Moderate,Male,68
18,75,Medium,Medium,Yes,9,50,Medium,Yes,1,Low,Medium,Public,Neutral,2,No,College,Near,Male,42
25,75,High,Medium,No,8,56,Medium,Yes,1,High,Medium,Public,Negative,3,Yes,College,Far,Male,48
25,69,Medium,Medium,No,4,87,Medium,Yes,5,Medium,High,Public,Positive,3,No,High School,Near,Female,72
18,67,Medium,Low,No,8,86,Low,Yes,0,Medium,,Public,Negative,3,No,High School,Near,Male,45
22,81,Low,Medium,No,7,60,Medium,Yes,0,Medium,High,Public,Neutral,6,No,High School,Far,Male,54
27,83,Low,Low,Yes,8,49,Medium,Yes,2,Low,,Public,Neutral,4,No,High School,Moderate,Male,53
31,64,Medium,Medium,Yes,7,89,Medium,No,1,Low,High,Private,Negative,2,No,High School,Moderate,Male,68
24,88,High,Low,Yes,5,58,Low,Yes,2,Low,Medium,Public,Neutral,3,No,Postgraduate,Far,Female,58
20,88,Low,High,No,7,66,Medium,Yes,3,Low,Medium,Public,Positive,4,No,High School,Near,Male,63
20,91,Medium,Medium,Yes,6,73,Low,Yes,0,Low,Low,Public,Positive,2,No,College,Far,Female,58
23,83,High,Low,Yes,5,58,Low,Yes,3,Medium,Medium,Public,Negative,4,No,High School,Moderate,Male,55
19,87,Medium,High,No,8,84,Medium,Yes,2,Medium,Medium,Private,Positive,2,No,Postgraduate,Moderate,Male,73
21,100,Medium,Low,Yes,8,72,Low,Yes,1,High,Medium,Private,Positive,2,No,High School,Far,Female,64
14,77,Medium,Medium,Yes,9,61,Medium,Yes,0,Low,High,Public,Neutral,3,No,High School,Far,Male,39
28,68,Medium,Medium,No,6,62,Medium,Yes,3,High,High,Public,Neutral,3,No,High School,Near,Male,62
13,63,High,Low,Yes,6,89,Medium,Yes,1,Low,Low,Public,Neutral,3,No,College,Moderate,Female,45
17,99,Low,Low,No,8,68,Low,Yes,3,Medium,Medium,Private,Neutral,2,No,College,Near,Female,59
21,99,High,Low,No,6,80,Low,Yes,0,Low,Medium,Private,Positive,3,No,Postgraduate,Near,Female,73
32,70,Medium,Medium,No,7,72,Medium,Yes,0,Low,High,Private,Negative,3,No,High School,Moderate,Male,67
17,72,High,Medium,No,8,49,Low,Yes,0,High,Medium,Private,Neutral,0,No,High School,Moderate,Male,37
16,76,High,Low,Yes,7,82,Low,Yes,3,Medium,High,Public,Positive,5,No,High School,Near,Female,61
17,93,High,Low,No,6,86,High,Yes,1,Low,Medium,Private,Neutral,4,No,College,Near,Female,69
30,66,High,High,Yes,5,96,Low,Yes,2,High,Medium,Private,Neutral,3,No,College,Near,Female,78
3,60,Medium,Low,Yes,8,47,Medium,No,0,High,Low,Private,Neutral,2,No,High School,Near,Male,20
14,100,Low,Medium,Yes,6,40,Low,Yes,1,Low,Low,Public,Positive,4,No,College,Near,Male,42
36,83,Low,Medium,No,8,80,Low,Yes,0,Low,Medium,Private,Positive,2,No,Postgraduate,Near,Female,80
24,85,Medium,Low,No,8,64,High,Yes,1,Low,Medium,Public,Negative,2,No,Postgraduate,Moderate,Male,61
13,78,Medium,High,Yes,9,53,Medium,Yes,2,Medium,High,Private,Positive,3,No,High School,Far,Female,43
20,85,Medium,Low,No,7,73,Low,Yes,2,Low,Medium,Public,Negative,3,No,College,Far,Male,56
20,63,Medium,High,No,7,66,Low,Yes,1,Medium,Medium,Public,Negative,3,No,High School,Near,Female,45
25,71,Medium,Medium,Yes,5,55,Medium,Yes,0,High,Medium,Private,Positive,1,No,High School,Moderate,Male,48
31,81,High,Low,Yes,6,71,Medium,Yes,0,High,Low,Public,Negative,4,No,College,Near,Male,70
22,60,Medium,Medium,No,7,79,Medium,Yes,2,Medium,Medium,Public,Negative,2,No,High School,Near,Male,53
17,77,High,High,No,6,74,Medium,Yes,2,High,Low,Private,Positive,3,No,High School,Moderate,Female,58
25,76,Medium,Medium,Yes,7,74,High,Yes,2,Low,Medium,Public,Positive,2,Yes,College,Near,Male,64
16,77,High,Low,Yes,9,78,High,Yes,2,Medium,Low,Private,Negative,3,No,College,Near,Male,55
14,74,High,High,Yes,6,50,Medium,Yes,3,Low,Medium,Public,Positive,3,No,College,Near,Male,47
9,69,Medium,Low,Yes,5,71,High,Yes,1,Low,Medium,Public,Neutral,2,No,High School,Near,Male,35
11,60,Low,Low,Yes,6,75,Medium,No,0,Medium,Low,Public,Positive,3,No,Postgraduate,Near,Female,31
15,82,High,Low,No,5,67,Medium,No,1,Medium,Low,Private,Positive,4,No,College,Near,Female,48
13,77,Medium,High,Yes,9,61,Medium,Yes,0,Medium,Medium,Public,Neutral,3,No,High School,Moderate,Male,41
22,65,High,Low,No,7,62,Low,Yes,2,Medium,High,Public,Negative,4,No,,Near,Female,48
13,81,High,Low,Yes,6,68,Low,Yes,0,Low,High,Private,Positive,4,No,Postgraduate,Far,Female,46
1,77,Medium,High,No,6,84,High,Yes,1,High,Medium,Private,Positive,2,No,Postgraduate,Near,Female,44
14,75,High,Medium,Yes,5,92,High,Yes,2,Medium,High,Private,Neutral,5,No,High School,Near,Female,65
17,60,High,Low,Yes,8,89,Medium,Yes,2,High,Low,Public,Neutral,3,No,College,Near,Female,52
16,88,High,Medium,Yes,10,52,Medium,Yes,1,Medium,Low,Private,Neutral,1,No,High School,Near,Male,44
29,66,Medium,Low,Yes,5,60,Low,No,1,Medium,Medium,Private,Negative,3,No,College,Moderate,Male,47
16,81,Low,Medium,Yes,8,81,Low,Yes,1,Medium,High,Private,Negative,4,No,College,Near,Female,53
25,71,Low,Medium,Yes,7,89,Medium,Yes,1,Low,Low,Private,Positive,5,No,Postgraduate,Near,Male,69
20,76,Medium,Medium,Yes,9,59,Medium,Yes,0,Low,High,Private,Positive,4,No,High School,Near,Male,49
20,93,High,High,Yes,4,74,Medium,Yes,0,Medium,Low,Private,Positive,5,No,High School,Near,Male,68
15,86,High,Medium,Yes,7,57,Medium,Yes,0,Low,Medium,Public,Positive,5,No,College,Near,Female,52
20,92,Medium,Low,Yes,6,76,High,Yes,3,High,High,Private,Positive,2,No,Postgraduate,Near,Female,74
15,84,Medium,Medium,No,8,64,Low,No,1,Low,Medium,Private,Negative,4,No,College,Moderate,Male,42
21,84,Medium,High,Yes,7,74,Low,Yes,2,High,Medium,Public,Neutral,2,No,Postgraduate,Near,Male,66
19,60,High,High,No,7,56,Low,Yes,1,High,Medium,Public,Neutral,3,No,High School,Near,Female,43
14,77,Medium,High,Yes,7,51,High,Yes,2,Low,Medium,Public,Positive,3,Yes,High School,Moderate,Female,38
26,78,Low,High,No,9,100,Medium,No,1,Low,High,Private,Positive,3,No,Postgraduate,Near,Male,77
23,93,Medium,High,Yes,7,73,Medium,Yes,3,Low,Low,Public,Positive,5,No,High School,Near,Female,75
17,74,Medium,High,No,8,100,High,Yes,2,Low,Low,Public,Negative,5,No,College,Near,Female,68
21,83,Medium,Medium,Yes,8,92,Medium,Yes,1,Low,Low,Private,Positive,3,No,High School,Far,Female,66
19,82,High,Low,No,8,51,Medium,Yes,2,Low,Medium,Private,Positive,3,No,High School,Near,Female,49
15,93,High,Medium,Yes,6,77,Low,Yes,0,Medium,Low,Public,Positive,4,No,Postgraduate,Near,Male,61
20,79,Low,Low,No,8,55,Medium,Yes,1,Medium,Medium,Public,Neutral,3,No,College,Near,Female,46
16,89,Low,Low,Yes,7,68,Medium,Yes,2,Medium,Medium,Private,Negative,5,No,College,Far,Female,52
14,61,Medium,Medium,No,5,47,High,No,1,High,High,Public,Neutral,0,No,College,Near,Male,30
10,62,Medium,Medium,Yes,7,52,Low,Yes,2,Low,High,Public,Neutral,3,No,High School,Moderate,Male,25
18,60,Medium,Medium,No,10,61,Medium,No,2,High,Medium,Public,Positive,5,No,Postgraduate,Moderate,Male,43
23,89,Low,Medium,Yes,6,65,Low,Yes,0,Medium,High,Private,Positive,2,No,High School,Far,Male,57
16,87,Low,Low,No,6,73,High,Yes,1,Medium,High,Public,Positive,1,Yes,,Near,Female,53
35,90,High,High,No,8,59,Medium,Yes,3,Low,Medium,Public,Neutral,1,No,High School,Moderate,Female,79
25,73,Low,Medium,No,6,74,Low,No,1,Medium,Medium,Private,Neutral,3,No,Postgraduate,Far,Male,55
28,74,High,Low,Yes,7,87,Medium,No,0,Low,High,Public,Positive,2,No,High School,Moderate,Male,69
25,79,Medium,Low,No,6,76,High,No,1,Medium,Medium,Public,Neutral,3,No,High School,Near,Female,62
31,96,Medium,Low,Yes,8,71,Low,Yes,2,Low,Medium,Private,Negative,4,Yes,High School,Near,Male,68
15,99,Low,High,No,7,76,Medium,No,2,Low,Medium,Public,Neutral,2,No,High School,Near,Female,61
5,89,Low,Low,Yes,10,53,Low,No,2,Low,Low,Private,Positive,4,No,Postgraduate,Near,Female,26
17,84,Medium,High,No,7,84,High,Yes,2,Medium,Low,Public,Positive,3,No,College,Moderate,Male,69
23,95,High,Low,No,7,56,Medium,Yes,2,Low,Medium,Public,Positive,1,No,High School,Near,Male,64
21,77,High,High,Yes,8,92,High,Yes,2,Medium,Low,Public,Negative,2,No,High School,Far,Female,69
22,76,Low,Low,Yes,5,82,Low,Yes,0,Medium,High,Public,Neutral,4,No,High School,Moderate,Male,55
28,79,Low,Medium,Yes,9,79,Medium,Yes,1,High,High,Public,Negative,4,No,Postgraduate,Moderate,Male,72
22,69,Low,Medium,Yes,6,80,Medium,Yes,1,Low,Medium,Private,Negative,1,No,College,Moderate,Male,52
25,78,High,Medium,No,9,72,Low,Yes,2,High,Low,Private,Positive,3,No,College,Near,Female,68
14,68,Low,High,Yes,9,62,Medium,No,0,Low,Medium,Public,Neutral,0,No,High School,Near,Female,31
13,91,Low,Medium,Yes,6,60,Medium,Yes,0,Low,Medium,Public,Positive,3,No,Postgraduate,Near,Male,49
30,86,High,Low,Yes,6,95,Low,Yes,5,Low,Low,Public,Positive,4,No,High School,Moderate,Male,87
21,96,High,High,Yes,7,73,Medium,Yes,1,High,Medium,Private,Negative,1,No,High School,Near,Female,69
16,62,Medium,Low,No,8,58,Medium,No,1,Medium,Low,Private,Negative,2,No,College,Far,Male,28
16,100,Low,High,Yes,6,79,Medium,Yes,3,Low,Medium,Public,Neutral,1,No,High School,Near,Female,67
16,63,Medium,Medium,Yes,7,76,Medium,Yes,2,Low,High,Public,Neutral,3,No,College,Moderate,Male,47
16,67,Low,Low,No,7,68,High,Yes,1,High,High,Private,Neutral,4,No,Postgraduate,Near,Male,49
12,73,Medium,Low,Yes,5,60,Medium,No,2,High,Low,Public,Neutral,5,No,College,Moderate,Female,35
11,94,High,Low,Yes,6,82,Medium,No,2,Low,Low,Public,Negative,1,Yes,College,Far,Female,42
19,82,Low,High,No,7,84,Low,Yes,1,Low,Medium,Public,Neutral,3,No,,Near,Female,59
16,77,High,Medium,No,7,76,Medium,Yes,0,High,Low,Public,Neutral,4,No,College,Near,Female,55
27,71,Medium,Low,Yes,6,73,Low,Yes,0,Low,Medium,Public,Positive,3,No,High School,Near,Female,57
22,65,High,High,Yes,7,62,Low,Yes,0,Low,Medium,Public,Negative,1,No,High School,Near,Female,45
22,92,Low,Low,Yes,6,78,Medium,Yes,2,High,Medium,Public,Neutral,3,No,College,Moderate,Male,68
16,89,Medium,Low,Yes,9,64,High,No,2,Medium,Medium,Public,Neutral,4,No,High School,Moderate,Female,51
19,95,Low,Medium,No,7,55,Low,Yes,0,Low,Medium,Private,Neutral,3,No,College,Moderate,Female,49
22,84,Medium,Low,No,9,87,Medium,Yes,2,Medium,Medium,Private,Negative,4,No,High School,Near,Male,65
24,60,Low,High,No,5,59,Low,Yes,2,Medium,Medium,Public,Negative,4,No,College,Near,Male,46
19,66,Medium,Medium,Yes,7,47,Low,Yes,0,Low,High,Public,Negative,1,No,High School,Moderate,Male,30
26,85,High,Low,Yes,8,89,Medium,Yes,1,Medium,High,Public,Negative,2,No,Postgraduate,Near,Female,77
20,76,Medium,Medium,No,7,49,Low,Yes,2,Low,Medium,Public,Neutral,2,Yes,High School,Moderate,Female,35
25,74,Medium,Low,Yes,6,67,High,Yes,2,Medium,Medium,Public,Positive,3,No,College,Near,Male,62
17,68,Medium,Medium,Yes,7,58,Low,No,1,Medium,Medium,Public,Neutral,3,No,College,Far,Female,36
9,90,Medium,Medium,Yes,8,63,Medium,Yes,0,Medium,Medium,Public,Neutral,4,No,College,Far,Male,43
22,85,Medium,High,Yes,5,100,Low,Yes,3,Low,Medium,Public,Neutral,2,No,High School,Near,Female,76
24,86,Medium,Medium,Yes,8,71,Low,Yes,3,High,Low,Public,Positive,5,No,College,Moderate,Male,68
23,73,Low,High,Yes,7,77,Medium,Yes,0,Medium,Medium,Private,Positive,5,No,High School,Moderate,Male,62
23,82,Medium,Low,Yes,7,82,Medium,Yes,2,High,Low,Public,Neutral,4,No,Postgraduate,Near,Male,69
18,65,Low,High,Yes,7,64,Low,Yes,0,Low,High,Private,Neutral,5,Yes,College,Near,Male,36
15,79,Medium,Low,Yes,7,86,Low,Yes,1,High,Medium,Public,Neutral,3,No,High School,Moderate,Female,55
23,60,Medium,High,Yes,9,77,Medium,Yes,3,Low,Low,Public,Positive,1,Yes,College,Moderate,Male,49
23,63,Low,Medium,No,7,82,High,Yes,1,High,Medium,Public,Neutral,1,Yes,Postgraduate,Near,Male,53
17,76,High,Low,Yes,6,63,High,Yes,1,Medium,High,Public,Negative,3,No,College,Far,Female,49
27,100,Medium,Medium,No,6,78,Low,Yes,3,Medium,Medium,Public,Positive,3,No,Postgraduate,Moderate,Male,84
15,60,Medium,High,No,5,72,Low,Yes,2,Low,Medium,Public,Positive,2,No,High School,Far,Male,40
16,66,High,High,Yes,4,87,Medium,No,0,High,Medium,Public,Positive,4,No,College,Near,Male,55
30,82,Medium,Medium,No,5,65,Medium,Yes,1,Medium,Medium,Public,Positive,3,No,High School,Near,Male,69
25,99,Medium,Medium,Yes,7,98,Medium,No,1,Medium,High,Public,Positive,1,No,Postgraduate,Near,Male,89
18,82,Low,Medium,Yes,9,76,Low,Yes,4,Medium,Medium,Public,Negative,2,No,High School,Near,Female,56
22,88,Medium,Low,No,8,70,Medium,Yes,3,Low,Low,Public,Negative,4,No,College,Near,Male,61
21,76,Low,Medium,Yes,5,69,Medium,Yes,0,Low,Medium,Public,Positive,1,No,Postgraduate,Far,Male,51
4,74,High,Low,Yes,6,72,Medium,Yes,1,High,Medium,Private,Positive,1,No,Postgraduate,Near,Female,37
15,81,Medium,High,Yes,6,64,Medium,Yes,2,Low,Low,Public,Neutral,4,No,High School,,Female,49
20,73,Medium,Medium,No,4,81,Low,Yes,3,Medium,High,Public,Positive,4,No,High School,Moderate,Male,61
18,88,Medium,Medium,Yes,7,72,Medium,Yes,0,Medium,Low,Private,Positive,5,No,College,Far,Female,59
21,62,Medium,Medium,No,8,97,Medium,Yes,2,Medium,Low,Public,Positive,4,No,Postgraduate,Far,Male,65
27,90,Medium,Medium,Yes,7,66,Medium,Yes,2,Low,Low,Private,Neutral,4,No,High School,,Male,69
18,80,Medium,Low,No,5,70,Low,Yes,2,Medium,Medium,Public,Positive,3,No,High School,Near,Female,52
14,78,High,Low,No,6,66,Medium,Yes,2,Low,High,Public,Positive,3,No,High School,Near,Female,49
22,62,Medium,Low,No,7,96,Low,Yes,0,High,Medium,Public,Neutral,4,No,Postgraduate,Near,Female,60
18,69,Medium,Low,Yes,8,53,High,Yes,3,High,Low,Public,Negative,2,No,Postgraduate,Near,Male,43
19,93,Medium,Medium,Yes,7,73,Medium,Yes,1,High,High,Private,Negative,3,No,College,Far,Male,65
18,78,Medium,Medium,Yes,8,76,High,Yes,0,Low,Medium,Private,Negative,2,No,High School,Moderate,Male,52
33,83,Medium,Medium,Yes,7,57,High,Yes,1,Medium,Medium,Public,Neutral,3,No,College,Near,Male,72
7,70,Medium,High,No,7,100,Medium,Yes,3,High,Low,Public,Neutral,4,No,College,Near,Female,55
18,80,Low,High,Yes,6,60,High,Yes,1,Medium,High,Private,Negative,4,No,High School,Near,Male,53
20,65,Medium,Low,No,6,72,Low,No,2,High,Medium,Public,Positive,2,No,High School,Near,Male,46
15,81,Low,Medium,Yes,5,94,Low,Yes,2,Medium,Low,Public,Positive,4,No,Postgraduate,Near,Female,62
25,84,High,High,Yes,8,67,Medium,Yes,3,High,Medium,Public,Neutral,2,No,College,Far,Female,71
25,84,Low,Low,No,7,74,Medium,Yes,2,Low,Low,Public,Positive,3,No,College,Far,Male,64
20,70,Medium,Medium,No,4,68,High,Yes,2,Low,Low,Public,Neutral,4,No,,Moderate,Male,50
18,76,Low,High,Yes,8,71,Medium,Yes,1,Medium,Low,Public,Neutral,3,No,College,Moderate,Female,51
19,86,Medium,High,Yes,8,86,Low,Yes,1,High,Medium,Private,Positive,3,No,Postgraduate,Moderate,Female,70
19,78,Medium,High,Yes,6,67,Low,No,0,Low,High,Public,Positive,6,No,Postgraduate,Near,Female,54
20,77,Medium,High,Yes,8,40,Medium,Yes,0,High,Medium,Public,Neutral,3,No,Postgraduate,Near,Male,45
19,100,Low,Low,Yes,7,72,Medium,Yes,1,Low,Medium,Public,Neutral,3,No,High School,Moderate,Female,60
22,70,Medium,Medium,No,4,73,Medium,Yes,3,Medium,Low,Private,Negative,3,No,High School,Near,Male,53
25,92,Low,High,Yes,10,75,High,Yes,0,Medium,Low,Public,Negative,3,No,Postgraduate,Moderate,Male,69
13,67,Medium,Low,Yes,7,70,Low,Yes,1,Medium,Medium,Private,Positive,3,No,High School,Moderate,Male,38
14,87,High,Low,No,7,61,Medium,Yes,2,Medium,High,Public,Neutral,2,No,High School,Near,Female,51
10,88,Medium,Low,Yes,6,69,Low,Yes,1,Low,Medium,Public,Positive,2,No,,Moderate,Female,40
25,74,High,Medium,No,7,95,Medium,Yes,1,High,Medium,Public,Neutral,3,Yes,Postgraduate,Near,Female,70
22,67,Medium,Medium,Yes,7,71,High,Yes,0,High,Low,Private,Neutral,4,No,Postgraduate,Near,Female,56
23,60,Medium,High,Yes,6,80,Medium,No,2,Medium,Low,Public,Negative,4,No,High School,Near,Female,54
11,73,High,Medium,Yes,9,59,Medium,Yes,1,High,Low,Public,Neutral,1,No,College,Near,Male,36
31,86,Low,Medium,Yes,8,68,Low,Yes,0,Low,Medium,Public,Positive,3,No,High School,Moderate,Male,67
16,68,High,Low,Yes,8,59,High,No,1,Medium,Low,Public,Positive,3,No,,Moderate,Male,40
21,81,Medium,High,No,7,89,Medium,No,0,Low,Low,Public,Neutral,6,No,High School,Near,Male,65
25,64,Medium,Medium,Yes,6,52,High,Yes,1,Medium,Medium,Public,Negative,3,No,College,Near,Male,49
14,77,High,Medium,No,8,77,Low,Yes,1,Low,Low,Private,Neutral,2,No,Postgraduate,Far,Male,47
17,67,Medium,Low,Yes,8,76,Low,Yes,3,Low,Medium,Public,Negative,4,No,Postgraduate,Near,Female,46
21,79,High,Low,Yes,6,76,Medium,Yes,1,Medium,High,Public,Neutral,4,Yes,,Moderate,Female,54
37,74,High,Low,Yes,5,42,Medium,Yes,2,Medium,High,Public,Negative,3,No,High School,Far,Female,60
22,67,Medium,High,No,5,46,Medium,Yes,1,Medium,High,Private,Negative,4,No,High School,Moderate,Male,42
30,73,Medium,Low,No,7,74,Medium,Yes,1,High,Low,Public,Positive,4,No,College,Near,Male,69
27,70,High,High,Yes,7,60,Medium,Yes,0,High,High,Public,Positive,5,No,Postgraduate,Near,Male,67
22,66,Low,Low,No,9,64,Medium,Yes,1,Medium,Medium,Public,Positive,4,No,High School,Near,Male,47
14,92,Medium,Medium,No,8,66,Low,No,0,Low,Low,Public,Neutral,2,No,High School,Moderate,Male,43
26,76,Low,Low,No,7,58,Medium,Yes,2,High,Medium,Public,Neutral,1,No,Postgraduate,Near,Female,56
11,60,Low,Low,Yes,7,56,High,Yes,2,Medium,Low,Private,Neutral,2,No,High School,Far,Male,25
30,73,Medium,Medium,Yes,5,72,Medium,Yes,3,High,Medium,Public,Neutral,4,No,College,Moderate,Male,70
21,90,Medium,Medium,Yes,8,47,High,Yes,1,Medium,Low,Public,Neutral,4,No,High School,Moderate,Female,51
4,72,Medium,Medium,Yes,7,65,High,Yes,1,Low,Medium,Public,Positive,1,No,High School,Near,Male,32
18,96,Medium,Medium,Yes,8,63,Medium,Yes,1,Medium,Low,Private,Neutral,1,No,Postgraduate,Near,Male,58
24,71,Medium,Medium,No,9,72,High,Yes,2,Low,Medium,Public,Neutral,0,No,College,Near,Female,60
19,86,Medium,Medium,Yes,6,100,Medium,Yes,1,High,Medium,Public,Negative,4,No,Postgraduate,Near,Female,73
24,91,Low,Medium,Yes,6,59,Low,Yes,0,Medium,High,Private,Negative,3,No,High School,Moderate,Female,55
15,85,Medium,Low,Yes,10,77,Low,Yes,1,Medium,Low,Public,Neutral,3,No,High School,Near,Male,48
12,65,Medium,Medium,Yes,8,75,Medium,No,0,Low,High,Private,Positive,3,No,High School,Moderate,Female,38
20,70,Medium,Low,No,7,79,Low,Yes,1,Low,High,Public,Positive,2,No,High School,Near,Female,54
20,93,Low,Low,Yes,9,69,High,Yes,2,Low,Medium,Public,Neutral,2,No,Postgraduate,Far,Female,59
18,71,Low,Low,No,7,91,High,Yes,1,Low,Medium,Public,Positive,5,No,High School,Near,Female,60
27,91,Medium,Medium,Yes,7,81,Medium,Yes,1,Low,Medium,Public,Negative,4,No,Postgraduate,Near,Male,78
15,75,Low,Low,Yes,6,81,Medium,Yes,2,Medium,High,Public,Negative,4,No,High School,Near,Male,51
22,82,High,High,No,7,54,High,Yes,0,Low,High,Public,Positive,5,No,College,,Male,63
20,65,Medium,High,Yes,7,73,Medium,No,0,Medium,Medium,Public,Negative,4,No,High School,Near,Male,47
11,73,Low,Low,Yes,6,65,Low,Yes,3,Medium,High,Public,Positive,2,No,High School,Near,Male,38
12,70,High,Medium,No,7,61,High,Yes,0,Low,High,Private,Positive,4,No,College,Near,Male,44
20,82,Medium,Low,No,6,64,Medium,Yes,1,High,Medium,Public,Positive,1,No,High School,Near,Male,54
32,81,High,Low,Yes,8,71,Low,Yes,3,Medium,,Public,Negative,2,No,High School,Near,Male,70
23,85,Medium,High,No,7,78,Low,Yes,0,Medium,Medium,Public,Positive,4,No,College,Near,Female,71
10,75,Medium,Medium,No,5,85,High,Yes,1,Low,Medium,Public,Neutral,2,No,High School,Far,Male,46
1,70,Medium,Low,No,8,84,Low,Yes,1,Low,High,Public,Negative,4,No,Postgraduate,Near,Male,30
24,82,Medium,High,Yes,8,76,High,Yes,1,Low,Medium,Public,Positive,5,Yes,High School,Far,Female,64
19,69,Medium,High,Yes,10,73,High,No,0,Low,Medium,Public,Negative,3,No,College,Near,Male,49
27,92,Medium,Medium,Yes,7,68,Low,Yes,0,Low,Medium,Public,Positive,3,No,College,Moderate,Female,68
15,79,Medium,Medium,Yes,7,69,Medium,Yes,2,Low,Low,Private,Positive,3,No,High School,Near,Female,51
22,76,Low,High,No,8,62,Medium,Yes,0,Low,High,Public,Positive,3,No,Postgraduate,Moderate,Female,56
25,85,High,Medium,No,8,66,Low,No,1,Low,Medium,Private,Negative,2,No,High School,Near,Male,58
17,79,Medium,Medium,No,8,77,Medium,Yes,2,High,Medium,Public,Negative,3,No,High School,Far,Male,54
17,62,High,High,Yes,7,92,High,Yes,3,Low,Medium,Public,Neutral,3,No,College,Near,Female,64
20,68,Medium,Medium,No,7,70,Medium,Yes,1,Medium,Low,Public,Positive,3,No,High School,Moderate,Male,51
23,92,Medium,Low,No,8,62,Medium,Yes,0,High,Low,Public,Positive,3,No,College,Near,Female,62
20,81,Medium,Low,Yes,7,85,High,Yes,2,High,Low,Private,Negative,3,No,High School,Near,Male,65
26,62,Medium,Medium,No,5,46,High,Yes,4,Medium,High,Public,Positive,2,Yes,High School,Near,Female,45
17,84,High,Low,Yes,5,86,High,Yes,1,Low,High,Private,Neutral,3,No,High School,Far,Female,62
12,74,Medium,Low,Yes,7,53,Low,Yes,0,High,High,Public,Neutral,4,No,College,Near,Male,33
32,70,Medium,Medium,Yes,7,81,Low,No,2,High,Medium,Private,Neutral,2,No,Postgraduate,Near,Female,73
16,67,Medium,High,Yes,10,66,Medium,Yes,1,Medium,Medium,Private,Positive,4,No,College,Near,Male,47
17,91,Low,Low,Yes,7,76,Low,Yes,2,Medium,Low,Public,Positive,4,No,High School,Near,Male,58
20,60,Medium,Low,No,7,99,Medium,Yes,1,Low,Medium,Public,Neutral,5,No,High School,Far,Male,57
20,71,Medium,High,Yes,6,61,High,Yes,1,Medium,Medium,Private,Negative,3,No,College,Near,Female,52
18,81,Medium,Medium,No,8,59,High,No,1,Low,High,Public,Positive,2,No,High School,Moderate,Male,50
20,97,Medium,High,Yes,7,73,Medium,Yes,1,Low,High,Public,Neutral,3,No,College,Near,Female,72
20,86,Medium,Medium,Yes,6,92,High,No,1,Medium,High,Public,Negative,2,No,College,Moderate,Female,68
21,71,Low,Medium,Yes,6,74,Medium,Yes,0,Low,High,Private,Positive,3,No,College,Near,Male,55
6,97,Medium,Low,No,6,73,Medium,No,1,Medium,High,Public,Neutral,1,No,Postgraduate,Near,Female,46
31,65,Medium,Medium,Yes,6,74,Low,Yes,2,Low,Medium,Public,Negative,3,No,Postgraduate,Far,Female,62
19,83,High,Medium,Yes,7,59,Low,Yes,2,Low,Low,Public,Positive,5,No,Postgraduate,Near,Male,55
23,85,Medium,Low,No,7,74,High,Yes,1,Medium,Medium,Public,Positive,5,No,College,Moderate,Male,69
12,70,Medium,Low,No,6,67,Medium,No,5,Low,Low,Public,Negative,4,No,Postgraduate,Near,Male,39
17,88,Medium,Medium,No,9,89,High,Yes,3,Medium,High,Public,Positive,2,No,Postgraduate,Near,Male,76
16,74,Low,Medium,Yes,9,82,Low,Yes,2,Medium,Medium,Public,Neutral,4,No,High School,Near,Female,50
29,88,Low,Medium,Yes,7,55,Low,Yes,6,Medium,Low,Public,Neutral,3,No,High School,Near,Male,69
16,60,Low,Medium,No,6,68,Low,Yes,1,High,Medium,Private,Negative,3,No,College,Near,Male,36
25,84,Low,Medium,Yes,7,79,Medium,No,1,Medium,Medium,Public,Positive,4,No,College,Near,Female,68
16,75,Low,Low,Yes,7,59,Medium,Yes,7,Medium,Medium,Public,Neutral,3,No,College,Near,Female,51
17,93,Medium,High,No,7,58,Medium,No,4,Medium,Medium,Public,Neutral,3,No,College,Near,Female,59
19,80,Medium,High,Yes,6,66,Low,Yes,0,High,Medium,Public,Neutral,4,No,College,Near,Female,55
28,94,Low,Low,Yes,6,76,Low,Yes,2,Medium,Medium,Public,Neutral,1,No,High School,Moderate,Male,70
9,86,Medium,Medium,No,7,85,Low,Yes,1,Low,Medium,Public,Negative,3,No,College,Far,Male,48
12,79,Low,Medium,Yes,7,75,Low,Yes,2,Medium,Medium,Private,Neutral,5,Yes,Postgraduate,Near,Male,42
8,89,Medium,High,No,7,100,High,Yes,0,Medium,High,Private,Positive,5,No,Postgraduate,Moderate,Male,69
13,89,High,Medium,No,7,63,Low,No,2,High,Low,Public,Positive,2,No,College,Near,Male,50
15,85,Medium,Medium,Yes,7,82,Low,Yes,1,Medium,High,Public,Positive,2,No,College,Near,Female,60
10,60,Low,High,No,7,58,High,Yes,3,Low,Medium,Public,Positive,2,No,High School,Near,Female,34
16,69,Medium,Medium,Yes,6,93,High,Yes,3,Medium,High,Public,Positive,0,No,College,Moderate,Male,64
8,95,Medium,Low,No,8,90,Medium,No,1,Medium,Medium,Private,Positive,5,No,High School,Near,Male,55
14,66,Low,Medium,No,6,81,Low,Yes,1,Medium,High,Public,Negative,4,No,College,Far,Male,42
27,90,High,High,Yes,5,49,Medium,Yes,0,Low,Low,Public,Negative,2,No,Postgraduate,Moderate,Female,58
22,88,Medium,Medium,No,6,81,Low,Yes,2,Low,Low,Public,Positive,1,No,College,Near,Male,67
21,72,Low,Medium,No,6,61,Low,Yes,2,High,Low,Public,Neutral,3,Yes,College,Moderate,Female,40
14,60,Medium,Medium,No,5,78,Medium,Yes,3,Medium,Medium,Public,Neutral,3,No,College,Far,Male,45
11,74,Medium,Medium,Yes,5,53,High,Yes,2,High,Medium,Private,Neutral,5,No,High School,,Male,38
13,100,Medium,High,No,8,76,Low,Yes,4,High,Medium,Public,Negative,2,No,College,Near,Male,65
20,71,High,Medium,No,9,67,Medium,Yes,3,High,Medium,Public,Negative,3,No,College,Moderate,Male,55
25,71,High,Medium,Yes,8,62,Medium,No,3,Low,High,Private,Neutral,2,No,College,Moderate,Female,57
25,69,Low,High,No,6,80,Medium,Yes,0,Low,Low,Public,Positive,3,No,High School,Far,Male,58
24,93,Low,Low,Yes,5,71,Medium,Yes,2,High,Medium,Public,Neutral,5,No,High School,Moderate,Male,67
16,77,Medium,Low,Yes,7,69,High,Yes,1,Medium,Medium,Private,Negative,6,No,College,Near,Female,53
20,73,Medium,High,Yes,5,82,Low,Yes,1,Low,Medium,Private,Neutral,4,No,High School,Near,Male,57
18,96,Medium,Medium,No,7,97,Low,Yes,1,High,Low,Public,Negative,1,No,Postgraduate,Near,Male,73
19,86,Medium,Medium,Yes,6,76,Low,Yes,3,Medium,Medium,Public,Neutral,4,No,College,Near,Male,64
32,70,High,Low,No,4,49,Medium,Yes,2,Medium,Medium,Public,Neutral,3,No,College,Near,Male,60
9,67,Medium,Low,No,9,52,High,Yes,2,Medium,Low,Public,Neutral,3,No,High School,Near,Male,27
19,93,High,Low,Yes,5,73,Low,Yes,1,Medium,High,Public,Positive,3,No,High School,Near,Male,65
27,80,High,Medium,No,7,85,Low,Yes,1,Low,High,Public,Negative,2,Yes,High School,Moderate,Male,63
11,63,Low,Medium,No,7,74,High,Yes,2,Low,High,Public,Negative,4,No,High School,Far,Female,38
16,60,Low,Low,Yes,6,79,Medium,Yes,2,Medium,Medium,Public,Neutral,2,No,College,Near,Female,43
17,68,Low,Medium,No,8,71,High,Yes,4,Low,Medium,Private,Positive,3,No,Postgraduate,Moderate,Male,55
19,66,High,High,No,6,85,Medium,Yes,3,Medium,Low,Private,Positive,3,No,Postgraduate,Near,Male,65
10,60,Medium,High,Yes,8,80,High,Yes,1,Low,High,Private,Neutral,3,No,High School,Near,Male,43
24,68,High,High,Yes,7,59,Medium,Yes,1,Medium,Low,Public,Positive,1,No,High School,Moderate,Male,54
24,70,Medium,Medium,Yes,5,78,Low,Yes,1,High,Medium,Private,Neutral,3,No,College,Near,Male,60
23,75,Medium,Medium,Yes,7,52,Medium,Yes,4,Low,Low,Public,Positive,2,No,Postgraduate,,Female,57
15,99,High,Medium,No,6,78,Medium,Yes,1,Medium,High,Public,Neutral,4,No,College,Near,Female,69
21,77,Medium,Low,No,5,68,Medium,Yes,1,Low,Medium,Public,Neutral,6,Yes,College,Near,Female,48
15,78,Medium,High,No,7,74,Medium,No,1,Low,Low,Public,Positive,2,No,College,Far,Male,49
18,86,Medium,Medium,No,6,76,Low,Yes,3,Low,Low,Public,Neutral,3,Yes,College,Near,Female,52
33,77,Low,Medium,No,8,76,Medium,Yes,1,Low,Medium,Public,Neutral,3,No,College,Near,Female,74
21,84,Low,Low,Yes,8,90,Medium,Yes,0,Low,High,Public,Positive,2,No,College,Far,Male,64
13,83,Low,Low,No,5,72,High,No,4,Low,Low,Public,Positive,2,No,High School,Far,Female,46
21,81,Medium,High,Yes,8,74,Low,Yes,1,Low,Medium,Private,Neutral,3,No,High School,Moderate,Female,58
12,100,Medium,Low,No,7,89,Medium,No,3,Medium,Medium,Private,Negative,2,No,College,Moderate,Male,61
13,90,Medium,Low,No,6,97,Medium,No,0,Medium,Medium,Public,Negative,5,No,College,Near,Male,58
14,68,Low,Medium,No,7,72,Low,Yes,1,Medium,High,Private,Positive,3,Yes,High School,Near,Male,36
17,84,Medium,Medium,Yes,8,65,Medium,Yes,0,Low,High,Public,Neutral,2,No,High School,Near,Female,51
26,71,High,Low,Yes,7,66,Medium,No,1,Medium,Medium,Public,Neutral,3,No,College,Far,Female,55
23,85,Medium,Low,Yes,10,78,Medium,Yes,2,High,Medium,Private,Negative,3,No,College,Moderate,Male,64
23,65,High,High,Yes,9,69,Low,Yes,0,Medium,Medium,Private,Negative,2,No,High School,Near,Female,50
13,68,Low,High,No,7,49,High,Yes,2,High,Medium,Private,Positive,3,No,Postgraduate,Far,Male,39
17,84,Low,Medium,No,7,87,Low,Yes,2,Low,High,Private,Negative,3,No,Postgraduate,Near,Male,63
22,91,Medium,High,Yes,7,83,Medium,Yes,6,Low,Medium,Public,Neutral,6,No,College,Near,Male,83
16,86,Medium,Medium,Yes,6,87,Medium,No,3,Medium,Medium,Private,Neutral,2,No,College,Near,Male,63
18,89,Medium,Medium,No,7,89,Low,Yes,0,Low,High,Public,Positive,3,No,College,Near,Male,69
23,84,High,Medium,No,8,74,Low,Yes,0,Low,High,Private,Positive,2,No,High School,Moderate,Male,61
18,82,Low,High,Yes,5,75,Low,Yes,2,High,Medium,Public,Positive,3,No,College,Moderate,Female,59
21,74,High,High,No,8,85,Medium,Yes,2,Medium,Medium,Private,Positive,2,No,High School,Far,Male,66
30,89,Low,Low,Yes,8,56,Medium,Yes,1,High,Medium,Private,Neutral,5,No,High School,Near,Male,65
19,91,Medium,Low,No,8,67,High,Yes,1,High,Low,Public,Positive,5,No,High School,Near,Male,62
27,79,Medium,High,Yes,7,71,Low,No,1,Low,High,Public,Positive,4,No,High School,Far,Female,66
23,79,Medium,Low,Yes,8,84,High,Yes,0,High,Low,Private,Neutral,2,No,High School,Far,Female,63
11,98,Low,Medium,Yes,9,65,High,Yes,1,Medium,Medium,Public,Neutral,2,No,High School,Moderate,Male,49
13,80,High,Medium,No,7,63,Low,Yes,2,Medium,Medium,Public,Positive,3,No,College,Far,Female,46
15,81,High,Low,Yes,7,66,Medium,Yes,1,Low,Medium,Public,Positive,5,No,College,Near,Male,52
15,85,Medium,Medium,Yes,10,78,High,Yes,3,Low,Low,Public,Neutral,4,Yes,High School,Moderate,Female,50
19,79,Medium,Medium,No,7,71,Low,Yes,1,Medium,Medium,Private,Negative,6,No,College,Near,Male,56
24,71,Medium,High,Yes,6,53,Medium,Yes,1,Low,Medium,Private,Negative,3,No,Postgraduate,Moderate,Male,50
28,84,Medium,Low,No,8,56,Medium,Yes,3,Medium,Medium,Public,Positive,3,No,High School,Near,Male,65
22,80,Medium,Low,Yes,8,74,Medium,No,1,High,Medium,Public,Neutral,4,No,College,Far,Male,57
17,100,Medium,Low,Yes,6,74,High,No,0,High,Low,Private,Positive,3,No,High School,Far,Male,59
8,89,High,Low,Yes,5,72,Medium,Yes,1,Low,High,Public,Positive,3,No,College,Moderate,Female,47
20,73,Medium,Medium,Yes,7,66,Low,Yes,2,Medium,High,Private,Negative,2,No,High School,Near,Female,49
20,88,Low,Medium,No,7,82,Medium,Yes,2,Low,Medium,Public,Positive,2,No,High School,Moderate,Female,66
21,83,High,Low,Yes,5,77,Medium,Yes,5,Low,Medium,Private,Negative,6,No,High School,Moderate,Male,66
33,94,Low,High,Yes,7,76,Medium,Yes,3,Low,Medium,Public,Neutral,2,No,High School,Near,Female,86
27,74,Low,Low,No,7,77,Medium,Yes,1,Medium,High,Public,Negative,4,No,Postgraduate,Near,Female,66
25,82,High,Medium,Yes,7,93,Medium,No,2,Low,Low,Public,Neutral,1,No,College,Near,Female,74
14,79,Low,High,No,8,59,High,Yes,0,Low,Medium,Public,Neutral,3,No,Postgraduate,Near,Female,43
17,81,Low,Medium,No,5,67,Medium,Yes,1,Low,Medium,Private,Positive,2,No,Postgraduate,Near,Female,53
19,70,Medium,Medium,Yes,5,68,Medium,Yes,1,Low,Low,Private,Neutral,3,No,High School,Near,Male,46
15,86,High,High,No,6,88,High,Yes,1,Low,Medium,Public,Positive,4,No,High School,Near,Male,68
23,85,Low,Medium,No,9,67,Low,Yes,1,Medium,High,Public,Positive,3,No,High School,Far,Female,58
22,94,Medium,Low,No,10,62,Medium,Yes,2,Medium,Low,Public,Neutral,5,No,Postgraduate,Near,Female,63
13,80,Low,Low,Yes,7,71,Medium,Yes,4,High,Low,Private,Positive,3,No,College,Near,Male,51
27,75,Medium,High,No,7,73,Medium,Yes,2,Low,Medium,Private,Positive,3,No,College,Near,Male,71
21,89,Medium,Low,No,4,88,High,Yes,0,Low,Medium,Public,Neutral,3,No,Postgraduate,Far,Female,67
10,71,Low,High,No,8,67,High,Yes,1,Medium,Low,Public,Neutral,2,No,High School,Near,Male,39
20,92,High,Low,No,8,63,Medium,No,2,Medium,High,Private,Positive,2,Yes,College,Near,Male,57
22,92,Medium,Low,No,7,60,High,No,1,High,Medium,Public,Neutral,4,No,College,Moderate,Male,61
26,94,High,High,Yes,5,68,Medium,Yes,2,Medium,Medium,Private,Positive,2,No,Postgraduate,Near,Male,80
18,84,High,High,Yes,10,100,Medium,Yes,0,High,Medium,Public,Neutral,3,No,Postgraduate,Moderate,Female,72
25,75,High,Low,Yes,9,77,High,No,1,Low,Low,Private,Neutral,3,No,High School,Near,Male,60
21,81,Medium,Low,Yes,7,80,Medium,Yes,1,High,Medium,Public,Positive,5,No,High School,Near,Male,65
12,84,Medium,Medium,No,8,72,Medium,Yes,2,Medium,Medium,Public,Neutral,3,No,High School,Near,Male,51
12,74,High,Medium,No,7,74,High,Yes,2,High,Low,Private,Positive,3,No,College,Near,Male,55
27,95,Medium,Medium,Yes,8,82,Low,Yes,1,Low,High,Public,Positive,2,No,High School,Far,Female,76
27,86,Medium,Low,No,5,79,Medium,Yes,2,Low,Medium,Private,Positive,2,No,College,Moderate,Male,72
22,70,Medium,High,Yes,4,77,Medium,Yes,0,Medium,Medium,Public,Neutral,2,No,High School,Near,Female,56
29,100,Medium,Low,No,5,72,Medium,Yes,1,Low,Medium,Public,Neutral,3,No,High School,Near,Female,75
26,81,Medium,Low,Yes,6,67,High,Yes,1,Medium,High,Private,Neutral,1,Yes,High School,Near,Male,56
24,68,High,Medium,No,6,78,Medium,No,2,Low,Low,Private,Neutral,4,Yes,College,Near,Female,54
15,71,Medium,Low,Yes,8,73,Low,Yes,4,Medium,Medium,Private,Positive,4,Yes,College,Far,Male,42
30,96,Medium,Medium,Yes,7,100,High,Yes,2,Medium,Medium,Private,Negative,2,No,College,Near,Male,95
23,100,Low,Medium,No,7,86,Low,Yes,1,Medium,High,Private,Negative,3,No,College,Moderate,Male,75
18,91,High,Medium,No,5,63,Medium,Yes,2,Medium,Low,Public,Neutral,4,No,Postgraduate,Near,Male,60
16,95,Medium,Medium,No,5,57,High,No,4,Low,High,Public,Neutral,3,No,High School,Near,Female,58
22,93,Medium,Low,No,7,67,High,Yes,1,Medium,Low,Public,Negative,2,No,High School,Near,Male,62
10,86,High,High,Yes,6,58,Medium,Yes,3,Medium,High,Public,Neutral,4,No,College,Near,Male,51
24,84,High,Medium,Yes,7,66,High,Yes,1,Medium,Low,Public,Negative,4,No,High School,Near,Female,65
14,86,Medium,Medium,Yes,8,59,Medium,No,3,Medium,Medium,Public,Positive,4,No,College,,Female,52
22,88,Medium,Low,Yes,9,68,Low,Yes,1,Medium,Medium,Public,Positive,2,No,High School,Near,Male,57
17,72,Low,Medium,Yes,7,68,Medium,Yes,1,Medium,Medium,Public,Positive,6,No,High School,Near,Female,47
18,88,High,High,No,10,74,Medium,Yes,1,Low,Medium,Public,Negative,3,No,College,Near,Female,61
15,96,Medium,Medium,Yes,8,69,High,No,0,Medium,Medium,Public,Negative,3,No,,Near,Male,56
19,78,Medium,High,Yes,8,60,Medium,Yes,2,Low,Medium,Public,Neutral,3,No,College,Moderate,Male,53
31,77,Low,Low,No,8,88,Low,Yes,1,Low,High,Public,Negative,4,No,College,Near,Female,73
28,85,Medium,High,Yes,8,77,Low,Yes,2,Low,Low,Public,Negative,5,No,High School,Near,Male,71
22,73,Medium,Low,Yes,6,65,Medium,Yes,1,High,Low,Public,Neutral,2,No,High School,Near,Female,50
20,66,Medium,Low,No,9,60,High,No,1,High,Low,Public,Positive,3,Yes,College,Moderate,Male,37
25,93,Medium,Medium,Yes,6,53,Medium,Yes,1,High,High,Public,Positive,2,No,College,Moderate,Female,67
27,75,High,Low,No,7,52,Low,Yes,2,Medium,Medium,Public,Neutral,1,No,High School,Moderate,Male,51
15,80,Medium,Medium,No,7,86,Low,No,0,Low,Medium,Public,Neutral,3,No,High School,Moderate,Male,50
20,73,High,Low,No,9,84,Medium,Yes,0,High,High,Public,Neutral,4,No,Postgraduate,Near,Male,62
9,94,Low,Medium,Yes,8,64,Medium,Yes,2,Medium,Medium,Public,Positive,2,No,Postgraduate,Moderate,Female,49
27,89,Medium,High,No,5,90,High,Yes,0,High,Medium,Public,Neutral,2,No,Postgraduate,Near,Female,84
32,77,Low,Medium,No,10,80,High,Yes,3,Low,Low,Public,Neutral,2,No,High School,Near,Male,74
20,67,Medium,Medium,No,8,75,Medium,Yes,1,Medium,Medium,Public,Positive,4,No,College,Near,Male,56
7,76,High,Medium,No,6,83,Medium,No,0,Medium,Medium,Public,Positive,2,No,High School,Far,Female,41
24,86,Low,High,Yes,5,80,Low,No,1,Medium,Low,Public,Negative,0,No,College,Near,Male,61
15,82,High,Medium,Yes,8,74,Medium,Yes,2,Low,High,Public,Neutral,3,No,Postgraduate,Moderate,Male,57
16,81,Medium,Medium,No,6,69,Medium,Yes,3,High,Medium,Public,Negative,2,Yes,High School,Moderate,Male,46
24,82,Medium,Low,No,8,71,Medium,Yes,2,Medium,High,Private,Negative,2,Yes,College,Near,Female,57
22,88,Low,Low,No,8,51,Medium,Yes,3,Medium,Medium,Private,Positive,3,No,College,Near,Male,55
17,80,Medium,Medium,Yes,6,62,High,Yes,1,Medium,Medium,Private,Positive,3,No,High School,Near,Female,52
16,85,High,Medium,Yes,6,95,Medium,Yes,4,Low,Medium,Public,Positive,3,No,High School,Far,Female,71
21,69,Medium,High,No,6,61,Medium,Yes,3,Medium,Medium,Public,Neutral,3,No,Postgraduate,Near,Male,56
18,100,Medium,High,No,6,48,Medium,Yes,0,Low,Medium,Public,Positive,1,No,High School,Near,Male,54
13,77,High,Medium,No,7,84,Medium,Yes,2,High,Medium,Private,Positive,2,No,Postgraduate,Near,Male,61
18,82,Medium,Medium,Yes,8,75,Low,No,0,High,High,Private,Neutral,3,No,College,Near,Female,54
22,86,Low,High,No,8,76,High,Yes,0,Low,High,Public,Negative,4,No,High School,Moderate,Male,66
19,75,Medium,Medium,Yes,6,70,Low,Yes,3,Medium,Medium,Public,Neutral,2,No,High School,Near,Male,53
12,80,Medium,Medium,Yes,8,84,Low,Yes,1,Medium,High,Public,Neutral,5,No,High School,,Male,53
26,80,High,Medium,No,6,92,Medium,Yes,1,Medium,Medium,Public,Positive,3,No,College,Near,Female,79
4,70,Medium,Low,No,8,65,Medium,No,1,Medium,Medium,Public,Negative,2,No,High School,Far,Female,20
17,85,Medium,Low,Yes,5,80,Medium,Yes,0,Medium,Medium,Private,Positive,3,No,High School,Near,Female,57
16,62,High,Medium,No,9,87,High,Yes,2,Medium,Medium,Private,Neutral,3,No,High School,Moderate,Female,55
21,99,Medium,Medium,Yes,6,64,Medium,Yes,1,High,Medium,Public,Positive,3,No,College,Near,Female,70
23,89,Medium,Low,Yes,8,92,Low,Yes,1,Low,High,Private,Neutral,3,No,College,Near,Male,72
27,87,High,Low,No,8,86,Low,No,1,Low,Low,Private,Neutral,4,Yes,College,Moderate,Female,65
16,61,Low,Low,Yes,5,56,Low,No,2,Medium,Medium,Public,Negative,5,No,High School,Near,Female,27
24,71,Medium,High,No,8,93,High,Yes,1,Medium,Low,Private,Neutral,2,No,Postgraduate,Near,Male,73
21,95,High,High,No,6,57,Medium,Yes,1,High,Low,Public,Neutral,2,Yes,High School,Near,Male,55
10,100,Medium,High,Yes,7,63,Low,Yes,1,Low,Low,Public,Neutral,3,No,College,Far,Male,47
31,93,High,High,Yes,6,81,Medium,Yes,4,Medium,Medium,Public,Positive,4,No,College,Near,Male,95
11,91,Medium,Low,No,9,86,High,Yes,1,High,High,Private,Negative,1,No,High School,Moderate,Female,55
23,86,Medium,Low,Yes,5,73,High,Yes,2,Low,Medium,Public,Positive,3,No,High School,Near,Female,67
22,71,Medium,Medium,No,8,64,Medium,Yes,2,Low,Low,Public,Neutral,5,No,High School,Far,Male,51
22,91,Low,Medium,Yes,6,69,Medium,Yes,1,High,High,Private,Positive,3,No,High School,Moderate,Female,66
17,68,High,Medium,No,9,67,Low,Yes,4,Low,Medium,Private,Neutral,4,No,Postgraduate,Moderate,Female,50
25,67,Low,Low,Yes,10,83,High,Yes,0,High,Medium,Public,Positive,3,No,College,Moderate,Female,61
11,66,Medium,High,Yes,6,67,High,No,1,Low,Medium,Public,Negative,3,No,College,Near,Female,36
20,91,Medium,Medium,Yes,7,64,Medium,No,1,Medium,High,Public,Positive,4,No,High School,Far,Male,60
17,79,Low,Medium,No,6,53,Medium,Yes,1,High,Medium,Public,Positive,2,No,College,Far,Male,43
16,81,Medium,High,Yes,8,64,Medium,Yes,2,Low,Medium,Public,Neutral,1,No,High School,Near,Male,51
23,80,Medium,Medium,No,7,70,Medium,Yes,1,Medium,Low,Private,Neutral,4,No,College,Moderate,Male,61
26,68,Low,High,Yes,8,57,Medium,Yes,2,Medium,Low,Public,Positive,3,No,College,,Male,56
18,73,High,Medium,Yes,6,49,Medium,No,1,Medium,Medium,Public,Positive,5,No,High School,Near,Male,43
25,73,High,High,Yes,10,85,High,Yes,3,Low,Medium,Public,Positive,1,No,Postgraduate,Far,Female,74
20,65,Low,High,No,4,59,Medium,No,1,Medium,High,Public,Positive,4,No,College,Near,Female,45
15,74,High,Medium,Yes,8,55,Medium,Yes,0,Medium,Low,Public,Neutral,2,No,High School,Near,Male,38
18,68,Medium,Medium,Yes,7,92,Medium,Yes,1,Low,High,Private,Negative,3,No,Postgraduate,Moderate,Male,59
18,86,Low,High,Yes,7,83,Medium,Yes,0,Medium,Medium,Public,Negative,4,No,High School,Near,Female,62
16,87,Medium,Medium,Yes,7,85,Low,Yes,1,Low,High,Private,Positive,3,No,High School,Near,Male,63
23,66,High,Medium,No,7,79,Medium,Yes,2,Low,Medium,Public,Neutral,3,No,High School,Moderate,Male,60
21,77,Medium,Medium,No,7,89,Low,Yes,1,Low,Medium,Public,Neutral,3,No,College,Near,Female,64
10,100,Low,Low,Yes,8,83,Medium,Yes,0,High,Medium,Private,Negative,3,No,High School,Near,Male,53
10,69,Medium,Medium,No,9,68,Low,No,1,Medium,High,Private,Neutral,2,No,High School,Far,Female,30
23,85,Medium,High,Yes,4,58,Medium,Yes,1,Low,Medium,Public,Neutral,2,No,College,Moderate,Female,55
15,81,Medium,Low,No,10,55,High,Yes,1,Medium,High,Private,Positive,3,No,High School,Far,Male,45
22,92,Medium,Low,Yes,10,70,Low,Yes,2,Low,High,Private,Positive,3,No,College,Near,Male,65
25,83,High,Low,Yes,5,58,Low,Yes,3,Medium,Medium,Public,Positive,3,No,High School,Near,Female,60
12,75,Medium,Medium,Yes,7,62,Medium,Yes,3,Low,Low,Public,Positive,2,No,High School,Near,Female,41
12,81,Low,Low,Yes,9,70,Medium,Yes,1,Low,Medium,Public,Positive,4,No,High School,Moderate,Female,42
30,81,High,Medium,No,8,90,High,Yes,2,High,Medium,Private,Negative,3,No,Postgraduate,Far,Female,85
22,79,Medium,Low,No,9,52,Medium,Yes,5,Low,Low,Public,Positive,3,No,High School,Moderate,Male,51
17,65,Medium,Low,Yes,8,72,High,No,0,Low,Medium,Public,Positive,3,No,College,Near,Male,43
14,94,Medium,Low,Yes,4,56,Low,Yes,2,Medium,Medium,Public,Positive,2,No,College,Near,Male,48
17,92,Medium,Low,Yes,9,65,Medium,Yes,0,Medium,Medium,Public,Negative,1,No,College,Near,Female,50
13,69,Low,High,Yes,8,84,High,No,1,Medium,High,Public,Neutral,3,No,High School,Moderate,Male,48
25,77,Medium,High,No,9,61,Low,Yes,2,Medium,Low,Public,Neutral,2,No,College,Near,Male,57
15,78,High,High,Yes,5,69,Medium,No,2,Medium,Medium,Public,Negative,2,Yes,College,Near,Male,43
27,67,High,High,Yes,5,74,Medium,Yes,1,Low,Medium,Public,Positive,4,No,High School,Moderate,Male,64
18,60,Medium,Low,No,7,81,High,No,1,Low,Medium,Private,Neutral,3,No,College,Far,Female,44
14,73,Low,High,No,9,65,Medium,Yes,5,Low,Medium,Private,Positive,4,No,High School,Near,Male,50
17,76,Medium,Medium,Yes,9,88,High,Yes,2,Medium,High,Private,Positive,2,No,College,Near,Female,65
4,64,High,High,Yes,6,66,Medium,Yes,0,High,Medium,Public,Neutral,3,No,College,Moderate,Female,29
19,82,Medium,Medium,No,6,78,Medium,No,3,Low,Medium,Public,Negative,3,No,College,Moderate,Male,59
19,93,Medium,Medium,Yes,10,70,Low,Yes,1,Medium,Medium,Private,Negative,1,No,College,Moderate,Male,56
25,89,Medium,Low,No,6,82,Medium,Yes,3,Low,Medium,Private,Neutral,2,No,High School,Near,Female,73
9,79,Low,Low,Yes,8,98,Low,Yes,1,Medium,,Public,Neutral,5,Yes,College,Moderate,Male,44
27,60,Medium,Medium,Yes,6,68,Medium,Yes,1,Medium,Medium,Public,Negative,2,No,College,Near,Female,54
25,88,Medium,Medium,Yes,8,72,Medium,Yes,1,Low,Medium,Public,Neutral,3,No,Postgraduate,Near,Male,71
28,82,Medium,High,Yes,6,66,Medium,Yes,0,Low,High,Public,Positive,2,No,Postgraduate,Far,Male,68
20,85,Medium,Low,Yes,6,64,Medium,No,1,Medium,Medium,Public,Neutral,2,No,Postgraduate,Moderate,Male,52
26,100,High,Medium,Yes,6,63,High,No,3,High,Medium,Private,Negative,3,No,College,Near,Male,75
11,71,Medium,Medium,Yes,6,72,Low,Yes,0,Low,Medium,Private,Positive,2,No,College,Near,Male,39
24,60,High,Low,Yes,7,62,High,Yes,0,Medium,Medium,Public,Neutral,4,No,Postgraduate,Moderate,Male,52
15,68,Medium,Medium,Yes,8,62,Medium,No,1,Medium,Medium,Private,Neutral,4,No,Postgraduate,Far,Female,37
10,85,Medium,Medium,Yes,10,40,High,No,3,Medium,High,Public,Negative,4,No,College,Near,Male,36
13,80,Medium,Medium,No,6,90,Medium,No,1,High,Medium,Public,Positive,0,No,High School,Moderate,Female,54
20,67,Medium,Low,Yes,6,93,Low,Yes,2,Medium,Medium,Public,Positive,3,No,High School,Near,Male,59
15,64,Medium,Low,No,7,80,Medium,Yes,1,High,Medium,Private,Neutral,5,No,College,Near,Male,49
22,76,Medium,Low,Yes,6,61,High,Yes,2,Medium,Medium,Public,Neutral,1,No,High School,Near,Female,54
9,66,Low,High,No,5,56,Medium,Yes,3,Low,Medium,Public,Positive,5,No,College,Near,Male,35
7,86,High,High,No,8,52,High,Yes,2,Low,Medium,Private,Neutral,0,No,College,Near,Female,40
28,75,Medium,Low,No,7,80,Low,Yes,2,Medium,Medium,Public,Positive,4,No,College,Near,Male,70
25,73,Low,Medium,Yes,7,88,High,Yes,0,Low,Low,Public,Neutral,1,No,College,Near,Male,65
14,72,High,High,Yes,4,74,High,Yes,0,Medium,Low,Public,Neutral,3,No,High School,Moderate,Female,47
20,83,Low,Low,No,6,83,High,Yes,0,Medium,Low,Public,Negative,4,Yes,High School,Near,Male,51
26,80,High,Low,No,5,78,Medium,Yes,0,Medium,Low,Public,Neutral,1,Yes,High School,Near,Male,57
23,82,Medium,Low,Yes,7,62,High,Yes,1,Medium,Low,Public,Neutral,6,No,High School,Moderate,Female,58
21,82,Medium,Low,Yes,7,85,Medium,Yes,3,Low,Low,Private,Neutral,2,No,High School,Near,Male,64
27,79,Low,High,No,7,84,Medium,Yes,2,High,Medium,Public,Neutral,3,No,High School,Near,Female,75
16,69,Low,High,Yes,6,59,High,No,4,Low,Low,Public,Neutral,2,No,High School,Near,Female,44
20,72,Low,Medium,Yes,6,82,Low,Yes,1,Medium,Medium,Public,Positive,4,No,High School,Near,Male,56
20,76,Low,Medium,No,7,70,High,Yes,0,Medium,Medium,Public,Positive,5,No,Postgraduate,Near,Female,58
18,100,Medium,High,Yes,7,69,Medium,Yes,0,Low,High,Public,Negative,3,No,High School,Moderate,Male,63
18,65,Medium,Low,No,6,77,Medium,Yes,1,Medium,Low,Public,Neutral,5,No,College,Near,Male,48
20,75,Medium,Low,Yes,6,77,Medium,Yes,1,Low,Medium,Public,Neutral,3,No,High School,Near,Male,54
20,81,Low,Low,Yes,6,84,Medium,Yes,1,Low,Low,Private,Neutral,3,No,High School,Near,Male,57
14,77,Low,High,Yes,6,61,Low,Yes,4,Low,High,Public,Negative,2,No,High School,Moderate,Male,43
25,92,Low,Medium,Yes,6,79,Medium,Yes,1,Medium,Medium,Public,Neutral,2,No,Postgraduate,Far,Male,71
14,77,Low,Medium,No,5,57,Medium,Yes,0,Low,High,Private,Neutral,4,No,High School,Far,Male,36
19,77,Medium,Medium,Yes,6,70,Medium,Yes,0,High,Low,Private,Neutral,2,No,College,Moderate,Female,51
18,89,Low,Low,Yes,9,71,Low,Yes,1,Low,Medium,Public,Negative,4,No,High School,Moderate,Male,48
22,100,Medium,Medium,Yes,7,85,Low,Yes,3,High,Low,Public,Neutral,3,No,College,Near,Female,79
7,95,High,High,Yes,5,72,Low,Yes,1,Medium,Medium,Private,Positive,5,No,College,Near,Male,55
25,78,Medium,High,No,4,69,Low,Yes,1,Medium,High,Public,Positive,2,No,High School,Near,Male,62
16,79,Low,Medium,No,10,91,High,Yes,3,High,Medium,Private,Positive,1,No,College,Far,Female,65
27,81,Medium,Low,No,9,66,Medium,No,1,Medium,Medium,Public,Neutral,1,Yes,College,Near,Male,53
17,82,Medium,High,Yes,7,66,High,Yes,1,Medium,Medium,Private,Neutral,4,No,High School,Near,Male,58
20,71,Low,Medium,No,9,48,Medium,Yes,2,Medium,Medium,Public,Neutral,3,No,College,Moderate,Female,40
31,90,High,Medium,Yes,8,69,Low,Yes,0,High,Low,Public,Positive,3,No,High School,Moderate,Female,73
18,82,Medium,Low,No,7,60,High,Yes,1,Low,High,Public,Neutral,4,No,,Near,Male,51
27,80,High,Low,Yes,5,69,High,Yes,2,Medium,Medium,Private,Positive,2,No,Postgraduate,Near,Female,70
20,66,High,Medium,No,10,75,Low,Yes,4,Medium,High,Public,Neutral,2,No,High School,Near,Male,55
22,81,Medium,Medium,Yes,6,58,Medium,Yes,2,High,Medium,Public,Neutral,2,No,Postgraduate,Near,Female,57
20,60,Medium,Low,No,6,61,Medium,No,3,Low,Low,Public,Positive,3,No,College,Near,Male,41
25,74,Medium,Low,No,7,51,Medium,Yes,2,Medium,Medium,Public,Neutral,2,No,College,Near,Male,53
16,74,High,Medium,No,7,65,Medium,Yes,1,Low,Medium,Public,Positive,2,No,High School,Moderate,Female,47
14,83,Medium,Medium,Yes,8,60,Medium,Yes,1,Medium,High,Public,Positive,2,Yes,Postgraduate,Near,Male,43
16,100,Medium,Medium,Yes,8,100,Medium,Yes,2,Low,Medium,Private,Neutral,1,No,High School,Near,Female,75
21,86,Low,Low,Yes,6,92,Medium,Yes,2,High,Medium,Public,Neutral,2,Yes,High School,Near,Male,62
19,96,Medium,High,Yes,7,89,Medium,Yes,2,Low,High,Public,Positive,3,No,College,Far,Male,78
24,87,Medium,High,Yes,8,55,Medium,Yes,0,High,Low,Public,Positive,2,No,High School,Far,Male,58
28,92,High,Medium,Yes,6,70,Low,Yes,2,Medium,Medium,Public,Positive,1,No,College,Far,Male,74
14,100,Low,Medium,Yes,9,56,Low,Yes,3,High,Medium,Public,Neutral,3,No,High School,Near,Male,51
16,72,High,High,No,7,96,Medium,No,1,Low,Medium,Public,Negative,2,No,High School,Near,Male,58
11,71,Low,Low,No,9,83,Medium,Yes,2,High,Low,Private,Negative,1,No,High School,Near,Female,40
32,87,Medium,High,Yes,5,58,Medium,Yes,2,Medium,High,Public,Positive,1,Yes,High School,Near,Female,69
22,80,Medium,Medium,Yes,8,77,Medium,Yes,5,Low,Low,Private,Negative,4,Yes,High School,Near,Female,58
23,82,Medium,Medium,No,6,53,Low,Yes,2,High,High,Public,Neutral,2,No,College,Near,Male,55
12,77,Medium,Medium,Yes,6,70,Medium,Yes,4,Low,Medium,Public,Positive,4,No,High School,Near,Male,49
20,73,Low,Low,No,8,70,Medium,Yes,3,Low,Low,Public,Positive,4,Yes,High School,,Female,44
23,98,Low,High,Yes,7,82,Medium,Yes,2,Low,Medium,Public,Neutral,5,No,High School,Near,Male,78
18,68,High,Medium,Yes,10,85,Medium,Yes,0,Medium,Medium,Private,Positive,3,No,Postgraduate,Moderate,Male,57
26,88,Low,Low,No,8,72,Medium,No,1,Medium,Medium,Public,Neutral,2,No,College,Near,Male,63
34,86,Medium,Medium,No,6,69,Medium,Yes,1,Low,High,Private,Negative,4,No,High School,Moderate,Female,76
14,63,Medium,High,Yes,8,40,High,Yes,0,Medium,High,Public,Positive,0,No,High School,Moderate,Female,29
14,71,Low,High,Yes,7,92,Medium,Yes,5,High,Medium,Private,Negative,4,No,High School,Far,Male,59
15,73,High,Medium,Yes,8,63,High,Yes,0,Medium,Low,Public,Neutral,5,No,High School,Moderate,Female,44
30,86,High,Low,Yes,7,73,High,Yes,0,High,Medium,Public,Negative,2,No,High School,Far,Female,72
26,76,High,Medium,No,8,100,Medium,Yes,1,Low,High,Public,Positive,3,No,High School,Moderate,Female,80
19,79,High,Low,No,7,56,High,Yes,2,Medium,Medium,Public,Neutral,3,No,High School,Far,Female,50
20,64,Medium,High,Yes,7,72,Medium,Yes,2,Medium,Low,Public,Positive,3,No,High School,Moderate,Female,53
15,100,High,High,Yes,8,78,High,Yes,0,Medium,Low,Public,Neutral,3,No,College,Near,Female,68
25,81,Low,High,No,4,86,High,No,2,Low,High,Private,Positive,2,No,College,Near,Male,74
18,85,Low,Low,No,7,72,Medium,Yes,3,Medium,Medium,Private,Neutral,2,No,High School,Moderate,Female,55
18,74,Medium,High,No,6,87,Medium,Yes,2,Low,Medium,Private,Neutral,6,No,Postgraduate,Far,Male,64
24,73,Medium,High,No,5,67,Medium,Yes,2,Low,Medium,Public,Neutral,3,No,High School,Near,Female,60
19,100,Medium,Medium,Yes,6,79,Medium,Yes,2,Medium,High,Private,Negative,0,No,College,Moderate,Male,68
19,60,Medium,High,Yes,6,77,Medium,Yes,1,Medium,Medium,Public,Positive,2,No,College,Near,Female,53
20,83,Medium,Medium,No,7,71,Medium,Yes,0,High,High,Private,Negative,2,No,High School,Near,Male,58
25,67,High,Medium,Yes,7,76,Medium,Yes,1,Low,,Public,Negative,5,No,College,Far,Male,59
30,76,Low,Low,No,8,61,Medium,No,0,High,High,Public,Negative,5,No,Postgraduate,Near,Male,59
24,73,Low,Low,No,6,68,High,Yes,0,Medium,Medium,Private,Negative,3,No,High School,Far,Male,49
25,69,Medium,Low,No,9,55,Medium,Yes,1,Medium,Medium,Public,Neutral,2,Yes,High School,Near,Female,39
19,80,High,Medium,No,6,66,Medium,Yes,1,Low,High,Public,Negative,3,No,High School,Near,Female,54
16,60,High,Medium,No,4,87,High,Yes,0,High,Medium,Public,Positive,2,No,College,Near,Female,55
24,77,Low,Low,Yes,7,77,High,No,2,Medium,Medium,Public,Positive,3,No,High School,Near,Male,62
21,79,High,Low,Yes,7,76,Medium,Yes,0,Low,Medium,Private,Negative,4,No,College,Near,Male,58
11,65,Medium,Medium,Yes,4,51,Low,Yes,4,Medium,High,Public,Negative,2,Yes,High School,Far,Female,21
18,97,High,High,Yes,9,76,Medium,Yes,1,Low,Medium,Public,Neutral,3,No,Postgraduate,Near,Female,69
20,73,Low,Medium,No,7,71,Medium,Yes,2,High,High,Private,Neutral,4,No,High School,Near,Female,56
17,77,Medium,High,No,5,79,Low,Yes,4,High,Medium,Public,Neutral,4,Yes,College,Far,Female,53
29,73,Medium,High,No,6,90,High,Yes,1,Medium,High,Private,Neutral,1,No,College,Near,Male,80
23,79,Medium,Medium,No,8,67,Low,Yes,2,Low,High,Public,Neutral,3,Yes,High School,Near,Female,52
28,94,Low,Medium,No,8,68,Medium,Yes,3,Medium,Medium,Private,Positive,0,No,High School,Near,Female,76
22,100,Medium,Medium,Yes,6,84,Medium,Yes,1,Low,Medium,Public,Neutral,3,No,High School,Near,Female,74
20,88,Medium,High,Yes,5,64,Medium,Yes,1,Medium,Low,Private,Negative,4,No,Postgraduate,Moderate,Male,58
14,92,Medium,Low,Yes,7,73,Medium,Yes,1,Medium,High,Public,Positive,4,Yes,Postgraduate,Far,Male,53
20,99,Medium,High,Yes,7,46,Medium,Yes,1,Medium,High,Public,Neutral,3,No,High School,Near,Female,61
20,83,Medium,Medium,Yes,8,68,High,Yes,2,Low,Medium,Public,Positive,3,No,High School,Moderate,Male,62
12,97,High,Low,Yes,6,89,Low,Yes,1,Low,Medium,Public,Positive,4,No,High School,Moderate,Female,61
17,89,Medium,Medium,Yes,7,76,High,Yes,2,Low,Medium,Private,Negative,2,No,High School,Near,Male,62
18,82,Medium,High,No,7,84,Medium,Yes,0,Medium,Medium,Public,Neutral,2,Yes,High School,Near,Male,55
22,84,High,High,Yes,8,84,Medium,No,3,Medium,Low,Private,Positive,3,No,High School,Near,Male,73
23,60,Medium,High,Yes,9,90,High,Yes,3,High,High,Public,Positive,4,Yes,High School,Near,Male,65
17,83,Medium,Medium,No,9,67,High,Yes,0,Medium,Low,Public,Neutral,4,No,High School,Moderate,Female,51
23,63,Medium,Medium,Yes,9,84,Medium,Yes,3,Medium,Medium,Public,Neutral,4,No,High School,Moderate,Male,61
19,62,High,High,Yes,10,100,Medium,Yes,2,Low,,Public,Negative,3,No,High School,Near,Male,61
3,82,Low,Low,Yes,8,72,Low,Yes,2,Medium,Low,Public,Negative,3,No,College,Near,Male,30
17,68,Medium,Low,No,6,55,Medium,Yes,1,High,Medium,Public,Neutral,3,No,Postgraduate,Near,Female,41
26,80,Low,Medium,Yes,9,64,Medium,No,1,Medium,High,Private,Neutral,1,No,College,Near,Male,58
10,82,High,Medium,No,5,78,Medium,No,3,Medium,Low,Private,Neutral,3,No,College,Moderate,Female,49
21,82,Medium,Medium,No,10,50,High,Yes,2,Low,Medium,Private,Negative,3,No,Postgraduate,Moderate,Male,51
30,70,High,High,No,6,62,Medium,Yes,3,Low,Medium,Private,Positive,4,No,High School,Moderate,Male,67
15,90,Medium,Low,No,8,68,Medium,Yes,2,Medium,High,Public,Negative,1,No,College,Moderate,Female,53
20,79,Low,High,No,9,73,Medium,Yes,5,High,Medium,Private,Positive,2,No,College,Moderate,Male,64
12,85,Medium,Medium,Yes,8,95,Medium,No,0,Medium,Medium,Public,Positive,1,No,High School,Far,Female,56
30,67,High,High,Yes,4,81,High,Yes,1,High,Medium,Public,Neutral,3,No,College,Near,Female,75
20,78,Low,Medium,Yes,6,58,High,Yes,3,Medium,Medium,Public,Positive,4,No,College,Near,Female,56
20,92,Low,Medium,No,7,100,Low,No,1,Medium,Medium,Public,Neutral,3,No,College,Near,Female,72
28,91,Medium,High,Yes,8,72,High,No,2,Medium,Low,Public,Negative,5,No,College,Near,Male,77
24,71,Medium,Medium,Yes,7,50,High,Yes,2,Low,Medium,Public,Negative,4,No,College,Near,Male,52
15,74,Low,Low,Yes,7,59,Low,Yes,1,High,High,Public,Neutral,2,No,Postgraduate,Near,Female,41
16,69,Medium,Low,Yes,5,59,Medium,Yes,2,Medium,High,Public,Neutral,4,No,College,Moderate,Female,41
23,73,Medium,Low,No,9,54,Medium,Yes,2,Medium,Medium,Public,Positive,5,No,High School,Near,Female,50
16,65,Medium,Medium,No,6,79,Medium,Yes,5,High,High,Private,Neutral,4,No,High School,Near,Female,57
7,78,Medium,Medium,Yes,8,40,High,Yes,2,Low,Low,Public,Negative,2,No,High School,Near,Female,23
20,87,Medium,Medium,No,9,85,High,Yes,3,Medium,Low,Public,Positive,2,No,High School,Moderate,Male,71
11,71,High,Medium,No,5,83,Low,Yes,1,Low,Medium,Public,Neutral,3,No,Postgraduate,Near,Male,45
30,79,Medium,Low,No,7,66,Low,Yes,0,Low,Medium,Public,Neutral,3,No,High School,Near,Female,61
21,78,Medium,Low,Yes,7,84,Low,Yes,3,High,Medium,Private,Neutral,4,No,High School,Moderate,Female,64
15,92,Medium,High,Yes,7,58,High,Yes,1,Low,Medium,Public,Neutral,3,No,High School,Near,Male,54
16,73,Medium,High,Yes,8,61,Low,Yes,0,High,Low,Public,Negative,4,No,High School,Far,Female,38
9,74,Medium,Medium,Yes,6,79,Medium,Yes,2,Medium,High,Public,Positive,4,No,High School,Far,Female,48
13,71,Medium,Medium,No,7,69,Medium,Yes,1,Medium,Medium,Private,Negative,1,No,College,Near,Male,40
26,67,High,High,No,6,64,Low,No,0,High,High,Public,Positive,3,No,Postgraduate,Near,Female,59
33,86,Medium,High,Yes,10,71,Low,Yes,0,Medium,Medium,Private,Neutral,4,Yes,High School,Near,Male,66
24,79,Low,Medium,Yes,6,89,High,Yes,1,Low,High,Private,Negative,3,No,High School,Near,Male,68
19,81,Medium,Medium,Yes,8,89,Medium,Yes,1,Medium,High,Public,Positive,3,No,College,,Female,70
17,94,Medium,Low,Yes,10,78,Medium,Yes,1,Medium,Medium,Public,Positive,3,Yes,College,Near,Male,55
14,95,Low,Medium,No,6,67,Medium,Yes,1,Medium,Medium,Private,Negative,2,No,High School,Moderate,Female,50
32,62,High,Medium,Yes,7,79,Low,Yes,3,High,Medium,Public,Negative,5,No,Postgraduate,Near,Male,72
19,87,High,Low,No,6,61,Medium,Yes,1,Medium,Medium,Public,Neutral,2,No,High School,Moderate,Female,52
33,82,Medium,Low,Yes,4,87,Low,Yes,3,Medium,Medium,Public,Neutral,2,No,College,Far,Female,79
28,75,Medium,High,No,6,84,Medium,Yes,2,Low,High,Public,Neutral,4,No,High School,Near,Male,76
10,84,Low,Low,Yes,6,97,Low,Yes,0,Low,Medium,Public,Positive,2,No,College,Moderate,Male,51
16,61,Medium,High,Yes,6,62,Medium,Yes,2,Low,Medium,Public,Positive,3,No,High School,Near,Male,42
16,96,Medium,High,No,7,60,Medium,No,0,High,Low,Public,Neutral,4,No,College,Far,Male,53
20,86,High,Medium,Yes,7,79,Low,No,2,Low,High,Public,Neutral,4,No,High School,Near,Female,64
20,70,Medium,Low,No,5,68,High,Yes,0,High,Low,Private,Positive,0,No,Postgraduate,Moderate,Male,48
38,74,Low,High,Yes,7,85,Medium,Yes,0,Medium,Medium,Private,Neutral,3,No,College,Near,Female,84
14,61,Low,Medium,No,9,89,High,Yes,1,Medium,High,Public,Positive,3,No,Postgraduate,Near,Male,52
21,77,Low,Low,Yes,9,94,High,No,0,High,Low,Public,Neutral,3,Yes,High School,Moderate,Male,52
24,75,High,Medium,Yes,7,73,Medium,Yes,0,Low,High,Private,Positive,4,No,High School,Near,Male,64
20,65,High,Low,Yes,8,83,Medium,Yes,1,Low,Medium,Public,Positive,5,No,High School,Near,Male,56
21,89,High,Medium,Yes,6,65,High,Yes,4,Low,Medium,Private,Positive,3,Yes,High School,Near,Female,64
14,94,High,High,Yes,7,75,Medium,No,1,High,Medium,Public,Negative,2,No,High School,Near,Female,59
21,80,Low,Medium,Yes,8,71,Low,Yes,2,Medium,Medium,Public,Neutral,3,No,Postgraduate,Moderate,Female,55
23,77,Medium,High,Yes,7,71,Low,Yes,2,Medium,High,Public,Negative,4,Yes,College,Far,Male,55
22,85,Medium,Medium,No,5,96,High,Yes,2,Medium,Low,Private,Positive,3,No,High School,Near,Male,77
23,80,Low,High,Yes,8,55,Low,No,0,Medium,Low,Private,Neutral,4,No,Postgraduate,Near,Male,49
28,68,Medium,High,No,6,72,High,No,2,Medium,Low,Public,Positive,2,No,College,Moderate,Female,66
26,73,Medium,Low,No,6,73,Medium,Yes,1,High,High,Public,Neutral,2,No,College,Near,Male,62
20,77,High,High,Yes,8,80,Medium,No,3,Medium,Medium,Public,Positive,3,No,College,Far,Male,65
13,83,Low,High,Yes,8,58,Medium,Yes,3,Medium,Medium,Public,Neutral,4,Yes,High School,Near,Female,41
16,80,High,Medium,Yes,7,68,Medium,Yes,3,Medium,Low,Private,Neutral,5,No,Postgraduate,Near,Male,58
19,82,High,High,Yes,5,64,Medium,Yes,2,Low,Medium,Public,Positive,4,No,High School,Near,Female,61
22,63,High,Low,Yes,5,43,Medium,Yes,2,High,Medium,Public,Positive,3,No,High School,Near,Male,40
17,87,Low,Low,Yes,8,87,Medium,Yes,3,Low,Low,Public,Positive,2,No,High School,Near,Male,62
14,80,Low,Low,No,8,53,Medium,Yes,1,Low,Medium,Private,Positive,4,Yes,College,Near,Female,32
13,100,Medium,Medium,No,7,51,Medium,Yes,1,Low,Low,Public,Negative,2,No,High School,Moderate,Female,45
10,76,Medium,Low,No,6,84,Medium,Yes,2,High,Medium,Public,Negative,4,No,High School,Moderate,Male,46
19,84,Low,Low,No,6,68,Medium,Yes,3,Medium,Medium,Private,Positive,3,No,College,Near,Female,58
11,100,High,High,Yes,7,68,High,No,1,Low,High,Private,Positive,3,No,High School,Near,Female,62
14,82,Low,Medium,No,5,68,Low,Yes,2,Low,High,Private,Positive,5,Yes,High School,Near,Female,43
18,79,Medium,High,No,7,86,High,Yes,0,Low,Low,Public,Positive,3,No,College,Near,Female,64
12,69,High,Low,Yes,5,65,Medium,Yes,2,Low,Medium,Public,Positive,3,No,Postgraduate,Near,Female,42
22,97,Medium,Low,No,6,80,Medium,Yes,3,Low,Medium,Public,Positive,3,No,High School,Near,Male,75
24,67,High,High,Yes,7,57,Medium,Yes,3,Medium,Medium,Public,Negative,2,No,High School,Near,Female,54
17,85,Medium,Medium,Yes,8,76,Medium,Yes,2,Low,Medium,Public,Neutral,3,No,High School,Near,Female,59
17,75,Medium,Medium,Yes,7,84,Low,Yes,1,High,High,Public,Neutral,3,No,Postgraduate,Moderate,Male,60
23,78,Low,High,No,5,90,Medium,Yes,1,Low,Medium,Public,Positive,2,No,High School,Moderate,Male,68
16,64,Medium,Medium,Yes,4,52,Medium,Yes,1,High,Low,Public,Positive,6,No,High School,Moderate,Male,35
15,95,Medium,Medium,Yes,7,68,Medium,Yes,6,High,Medium,Public,Positive,3,Yes,College,Far,Male,61
27,77,High,Medium,No,4,93,Low,Yes,1,Low,High,Private,Negative,2,No,College,Far,Male,71
25,67,High,Low,Yes,8,84,High,Yes,2,Low,Low,Public,Positive,1,No,College,Near,Male,66
24,94,Low,Medium,Yes,5,69,High,Yes,3,Medium,Low,Public,Negative,2,No,High School,Far,Female,67
26,74,Low,Medium,Yes,10,72,Medium,No,2,High,Medium,Public,Neutral,4,No,High School,Moderate,Female,58
8,84,Medium,Low,No,6,76,Low,Yes,1,Medium,High,Public,Neutral,1,No,High School,Near,Female,42
28,89,Medium,Medium,Yes,8,67,Medium,Yes,1,Low,High,Public,Negative,2,No,High School,Near,Male,68
22,85,Medium,Medium,Yes,6,79,High,Yes,2,Low,Low,Public,Negative,4,No,College,Near,Male,66
26,60,Medium,Medium,Yes,7,78,High,Yes,3,Medium,Medium,Public,Neutral,3,No,Postgraduate,Moderate,Female,66
22,88,Low,High,No,7,58,High,Yes,2,Low,High,Public,Neutral,2,No,High School,Moderate,Male,61
20,79,Medium,High,No,8,66,Medium,Yes,4,Low,Medium,Public,Positive,3,No,High School,Near,Male,63
18,76,Low,Medium,Yes,8,66,Medium,No,1,Low,Medium,Public,Neutral,4,Yes,Postgraduate,Moderate,Female,40
22,79,Medium,High,Yes,8,69,Low,Yes,3,Medium,Medium,Private,Positive,2,No,College,Moderate,Female,63
18,62,Medium,High,Yes,8,76,Medium,No,4,Medium,Low,Public,Positive,5,Yes,High School,Far,Female,45
25,82,Medium,Low,Yes,6,74,High,Yes,2,High,Medium,Public,Neutral,3,No,High School,Near,Female,68
10,65,Medium,Low,No,8,63,Low,Yes,0,Low,Low,Public,Neutral,3,No,High School,Moderate,Female,24
17,77,Low,Low,Yes,7,89,Low,Yes,1,Medium,Medium,Public,Negative,4,No,High School,Near,Female,53
32,82,High,Low,Yes,8,72,High,Yes,2,High,Medium,Public,Neutral,0,No,High School,Moderate,Female,78
16,92,Medium,Medium,Yes,7,91,High,Yes,5,High,Medium,Public,Neutral,3,No,College,Near,Female,79
19,71,High,Medium,Yes,8,91,Low,No,2,Low,Medium,Public,Neutral,3,No,Postgraduate,Near,Male,61
15,96,Medium,High,No,7,58,Medium,Yes,2,Medium,High,Private,Positive,5,No,,Near,Female,62
22,90,Medium,Medium,No,8,66,Low,No,0,High,Medium,Public,Positive,6,No,High School,Near,Female,61
16,75,Low,Low,No,6,67,Low,Yes,1,Medium,Low,Public,Neutral,3,No,High School,Near,Male,38
19,68,Medium,High,No,5,76,Low,Yes,1,High,Low,Public,Positive,3,No,Postgraduate,Moderate,Female,53
25,64,Medium,Medium,Yes,8,81,Medium,Yes,0,High,Medium,Public,Positive,3,Yes,Postgraduate,Near,Male,57
16,83,Medium,Low,No,9,74,Medium,Yes,1,Low,Medium,Private,Neutral,3,No,High School,Near,Male,52
25,72,Low,Low,Yes,7,65,High,Yes,2,Low,Low,Public,Positive,3,No,College,Near,Male,58
25,93,Medium,Medium,No,8,93,Low,Yes,3,Medium,Medium,Public,Positive,4,No,College,Moderate,Male,84
26,73,Low,Medium,Yes,5,66,Low,Yes,3,Medium,High,Private,Neutral,5,Yes,Postgraduate,Near,Female,56
21,70,Medium,Medium,Yes,6,82,Medium,No,4,Low,High,Private,Positive,4,Yes,High School,Near,Male,59
39,83,Medium,High,No,7,72,Medium,Yes,1,High,Medium,Public,Positive,5,No,College,Near,Male,92
26,72,High,Medium,Yes,5,71,High,Yes,1,Low,Medium,Public,Negative,4,Yes,College,Near,Male,56
22,80,Low,High,Yes,5,81,Medium,Yes,3,High,Medium,Public,Neutral,4,No,College,Near,Male,70
15,91,Low,Medium,Yes,7,92,Medium,Yes,1,Low,Medium,Private,Positive,4,No,High School,Near,Female,66
19,81,Medium,Medium,No,6,76,Low,Yes,1,Medium,High,Public,Neutral,1,No,Postgraduate,Near,Female,59
29,81,Low,Low,Yes,7,66,Low,Yes,0,High,High,Public,Positive,3,No,Postgraduate,Near,Male,67
30,82,Medium,Medium,No,6,91,Low,Yes,1,Medium,Medium,Public,Positive,2,No,High School,Moderate,Female,78
29,61,Low,Medium,Yes,5,78,Low,Yes,2,Low,Low,Public,Neutral,3,No,College,Near,Male,57
25,84,High,Medium,No,7,74,High,Yes,0,Low,Low,Public,Neutral,3,Yes,High School,Near,Male,63
12,82,High,Medium,Yes,7,85,Medium,Yes,1,Medium,Medium,Public,Negative,4,No,High School,Near,Male,55
23,90,Medium,Medium,Yes,6,76,High,No,1,Medium,Low,Private,Positive,2,No,College,Near,Male,68
13,87,High,Medium,No,6,100,High,Yes,2,High,High,Private,Neutral,0,No,High School,Moderate,Male,71
11,78,Medium,Medium,Yes,7,72,High,Yes,3,Medium,Medium,Public,Neutral,3,No,College,Moderate,Female,50
21,91,High,Medium,Yes,8,87,Medium,Yes,1,Low,Low,Public,Neutral,3,No,College,Near,Female,72
23,77,Medium,High,No,7,78,Low,Yes,0,Low,Medium,Private,Neutral,4,No,Postgraduate,Far,Male,62
25,83,High,Medium,Yes,4,78,Low,No,1,Medium,Medium,Public,Positive,2,No,College,Far,Male,65
23,77,Low,Medium,Yes,5,67,Low,Yes,1,Medium,Medium,Public,Negative,4,Yes,College,Moderate,Male,46
23,85,Medium,Medium,No,8,67,Low,Yes,4,Low,Medium,Public,Positive,2,No,College,Near,Male,66
14,76,High,Medium,No,6,78,Low,No,2,High,Medium,Public,Negative,1,No,High School,Near,Male,48
19,98,Medium,High,No,7,61,Medium,Yes,2,Medium,Medium,Private,Neutral,3,No,High School,Near,Male,63
11,100,Low,High,No,10,65,Medium,No,1,Medium,Medium,Private,Positive,1,No,College,Near,Female,50
8,90,Low,High,Yes,8,72,Medium,Yes,1,Medium,Medium,Public,Positive,2,No,College,Near,Male,48
24,97,Low,High,No,4,88,Medium,Yes,1,Low,Medium,Private,Positive,3,No,High School,Near,Female,79
15,63,Medium,Medium,Yes,9,73,Medium,Yes,0,High,Low,Public,Positive,1,No,High School,Near,Male,41
25,64,Medium,High,Yes,7,73,Low,Yes,1,Medium,High,Public,Positive,3,No,High School,Near,Female,59
27,76,Medium,High,Yes,8,58,Medium,Yes,1,Medium,Medium,Private,Positive,1,No,High School,Near,Male,59
16,80,High,High,Yes,7,94,High,Yes,1,Medium,Low,Public,Neutral,2,No,High School,Moderate,Male,66
24,78,Low,High,Yes,8,86,Medium,Yes,2,Medium,Medium,Public,Neutral,2,Yes,College,Near,Male,65
16,62,High,Medium,Yes,7,88,High,Yes,1,High,Medium,Public,Positive,4,No,Postgraduate,Far,Male,59
9,93,Medium,Medium,Yes,5,53,Medium,Yes,0,Low,Medium,Private,Positive,3,No,High School,Moderate,Female,38
21,100,High,Medium,Yes,7,77,High,Yes,1,High,Medium,Public,Neutral,2,Yes,High School,Near,Female,70
17,94,High,Medium,No,5,60,Medium,Yes,3,Low,Medium,Private,Positive,0,No,High School,,Female,56
17,92,High,Medium,No,10,82,High,Yes,2,Medium,Medium,Public,Positive,3,No,Postgraduate,Far,Female,71
32,82,Low,Medium,Yes,6,76,Medium,Yes,2,High,Medium,Public,Neutral,2,No,High School,Near,Male,76
11,71,Medium,Medium,No,7,79,High,Yes,2,Medium,Medium,Private,Negative,1,No,Postgraduate,Near,Female,49
22,81,High,Medium,No,6,63,Medium,No,2,Low,High,Private,Positive,4,No,College,Near,Female,60
14,100,Medium,Medium,No,7,58,Medium,Yes,1,Low,Medium,Public,Positive,2,No,College,Far,Female,54
25,76,Low,Low,Yes,8,64,Medium,Yes,2,Medium,Medium,Public,Neutral,3,No,High School,Moderate,Male,55
22,75,Medium,Low,No,6,76,Medium,Yes,1,Low,Medium,Public,Negative,2,No,High School,Far,Male,53
22,92,High,Medium,No,8,69,High,Yes,0,Low,Low,Public,Positive,4,No,High School,Near,Male,67
14,93,Medium,Medium,Yes,7,75,High,No,1,High,High,Public,Negative,4,No,Postgraduate,Near,Female,60
15,71,Medium,Low,No,7,59,Medium,Yes,2,Low,Low,Public,Positive,4,No,College,Moderate,Female,41
26,77,High,Medium,Yes,6,72,Low,Yes,0,Low,Medium,Public,Neutral,4,No,College,Near,Male,61
31,74,Medium,Medium,No,10,90,Medium,Yes,1,Medium,High,Public,Positive,1,Yes,College,Far,Male,70
23,81,Low,Low,Yes,9,76,Medium,Yes,3,Medium,Medium,Public,Neutral,5,No,College,Near,Male,65
15,92,Medium,Low,Yes,8,77,Medium,Yes,1,Low,Medium,Private,Neutral,0,No,College,Near,Male,54
22,71,Medium,Medium,No,9,77,Low,Yes,2,Medium,Medium,Public,Negative,2,No,College,Far,Male,53
35,92,Medium,Medium,Yes,7,65,Medium,Yes,0,Low,Medium,Public,Neutral,2,No,College,Near,Female,79
21,81,Medium,High,Yes,7,93,Medium,Yes,1,High,Medium,Public,Positive,1,No,College,Near,Male,75
29,100,Medium,Low,Yes,4,77,Low,Yes,1,Medium,High,Public,Negative,2,Yes,College,Far,Male,68
16,84,High,Medium,Yes,5,74,Low,Yes,2,Medium,Medium,Public,Positive,4,No,Postgraduate,Near,Female,59
20,79,High,Low,Yes,10,81,Low,Yes,2,Medium,Medium,Private,Neutral,3,No,Postgraduate,Far,Female,61
24,86,High,Medium,No,9,84,High,Yes,3,Low,Low,Public,Neutral,1,No,College,Far,Female,74
22,76,Medium,Low,No,7,56,Medium,Yes,2,Low,High,Public,Negative,3,No,High School,Far,Male,48
15,60,Low,Low,No,5,73,Medium,Yes,0,Medium,Medium,Public,Positive,4,No,High School,Near,Male,36
15,77,Medium,Medium,Yes,8,100,Low,Yes,2,Medium,Medium,Public,Negative,2,No,High School,Near,Male,58
26,77,Low,Medium,Yes,7,94,High,Yes,0,High,Medium,Private,Neutral,3,No,College,Near,Female,76
27,62,Medium,Medium,No,8,71,Low,Yes,0,Low,Medium,Public,Negative,4,No,High School,Near,Female,51
29,79,Low,Medium,Yes,5,81,Medium,Yes,1,High,Medium,Private,Positive,4,No,High School,Moderate,Female,73
31,60,Medium,High,Yes,6,68,Medium,Yes,1,Low,High,Private,Positive,4,No,College,Far,Female,64
21,76,Medium,Medium,No,8,77,Low,Yes,3,Low,High,Private,Positive,3,No,High School,Moderate,Male,62
18,83,Medium,Low,No,10,66,High,No,0,Medium,Low,Public,Positive,1,Yes,College,Moderate,Female,41
28,81,Medium,Medium,No,6,66,High,No,0,Low,High,Public,Neutral,3,No,College,Near,Female,66
24,75,Low,Low,No,6,64,Medium,Yes,1,High,Medium,Private,Neutral,1,No,College,Moderate,Female,52
14,79,Medium,Low,Yes,8,94,Medium,Yes,1,Medium,Medium,Public,Negative,3,No,College,Near,Male,55
14,71,Medium,Medium,Yes,5,66,Low,Yes,1,Medium,Medium,Public,Neutral,2,No,Postgraduate,Near,Male,40
23,80,High,Low,Yes,5,87,Medium,Yes,1,High,Medium,Public,Positive,3,No,Postgraduate,Near,Male,73
19,81,High,Low,No,7,66,Medium,Yes,3,Medium,Medium,Private,Negative,4,No,High School,Near,Female,56
20,70,High,Medium,Yes,10,65,High,Yes,1,Low,Medium,Public,Negative,3,No,College,Near,Male,50
26,83,Low,High,No,6,77,Medium,Yes,1,Low,Medium,Private,Neutral,4,No,College,Moderate,Male,70
25,83,Medium,Low,Yes,6,55,Medium,Yes,3,Medium,Medium,Public,Negative,2,No,High School,Far,Male,54
28,78,Medium,Medium,No,7,81,Low,No,1,High,Low,Private,Positive,3,No,High School,Near,Male,70
8,100,Medium,High,Yes,6,70,Medium,Yes,1,Low,Medium,Private,Positive,2,No,College,Near,Female,54
22,78,Medium,Low,Yes,5,65,Medium,No,0,High,Medium,Public,Neutral,3,No,Postgraduate,Far,Male,50
24,77,High,Medium,No,8,62,High,No,2,High,Medium,Public,Neutral,4,No,High School,Near,Female,62
11,75,Medium,Low,Yes,7,98,Medium,Yes,0,Medium,Medium,Private,Positive,1,No,Postgraduate,Moderate,Male,54
16,69,Medium,High,Yes,8,72,Medium,Yes,2,Medium,High,Public,Positive,3,No,High School,Far,Female,53
15,88,High,Low,Yes,7,71,Medium,Yes,1,High,Medium,Private,Positive,4,No,College,Moderate,Male,58
20,72,Low,Low,Yes,9,83,Medium,No,1,High,Medium,Public,Positive,2,No,High School,Near,Male,52
30,74,High,High,No,6,61,Medium,Yes,2,Medium,Low,Public,Neutral,4,No,College,Far,Female,65
32,74,Medium,Medium,Yes,5,87,High,Yes,0,Low,Low,Public,Positive,3,No,College,Moderate,Male,76
15,69,Low,Low,No,9,72,Medium,Yes,4,Medium,Medium,Public,Positive,1,No,Postgraduate,Near,Male,47
23,61,High,High,Yes,4,54,Low,No,2,Low,Medium,Public,Negative,3,Yes,Postgraduate,Moderate,Male,35
23,75,High,High,No,7,65,High,Yes,4,Medium,Low,Public,Negative,3,No,High School,Far,Female,62
22,90,High,Medium,Yes,7,58,Low,Yes,2,Medium,Medium,Public,Positive,3,No,High School,Moderate,Female,61
22,82,Low,Low,Yes,7,73,Medium,Yes,3,Low,High,Private,Neutral,3,No,High School,Moderate,Male,60
22,97,Low,Low,No,5,62,High,Yes,1,Low,Medium,Public,Negative,4,No,College,Far,Female,59
30,88,Medium,High,Yes,5,60,Medium,Yes,4,Medium,Medium,Public,Negative,3,No,High School,Near,Female,74
27,86,Low,Low,No,8,76,High,Yes,3,Medium,Medium,Public,Negative,4,No,College,Moderate,Male,71
14,100,Low,Medium,Yes,9,73,High,Yes,0,High,High,Public,Negative,5,No,Postgraduate,Moderate,Male,61
25,79,Medium,Low,Yes,6,88,Low,Yes,1,Low,Medium,Public,Positive,4,No,College,Moderate,Male,67
25,81,Low,Low,No,6,87,Medium,Yes,1,High,High,Private,Positive,3,No,College,Near,Female,74
22,80,Medium,Medium,No,5,73,Medium,Yes,1,Medium,High,Public,Negative,3,Yes,High School,Moderate,Male,52
27,97,Medium,Medium,Yes,8,78,Medium,Yes,1,Low,Medium,Public,Positive,3,No,College,Near,Female,80
21,80,Low,Low,Yes,8,54,High,Yes,1,Low,High,Private,Neutral,3,No,High School,Moderate,Female,48
21,73,Medium,Low,No,4,81,High,Yes,1,Low,High,Public,Positive,3,No,Postgraduate,Near,Male,63
21,86,Low,Low,Yes,4,77,Medium,Yes,0,Medium,High,Public,Negative,2,No,College,Near,Female,57
8,71,Low,Low,Yes,7,84,Low,Yes,2,High,Medium,Public,Negative,2,No,Postgraduate,Moderate,Male,37
20,86,Medium,Low,Yes,7,68,Low,Yes,5,Medium,High,Public,Positive,2,Yes,Postgraduate,Near,Male,60
16,85,Medium,Medium,No,6,68,Low,Yes,2,Low,Medium,Private,Positive,4,No,,Moderate,Female,56
13,78,Medium,Low,Yes,7,68,Medium,Yes,0,Low,,Private,Positive,3,No,High School,Moderate,Female,40
29,86,Medium,Medium,No,7,91,Medium,Yes,0,Low,Low,Public,Negative,3,No,High School,Moderate,Female,76
23,64,Medium,Medium,No,7,76,Low,Yes,1,Low,Medium,Public,Neutral,2,No,High School,Near,Female,52
20,82,Medium,Medium,No,6,53,Medium,No,2,Low,Medium,Private,Neutral,4,No,Postgraduate,Moderate,Female,49
17,75,Medium,Medium,No,7,80,Low,Yes,1,Medium,High,Private,Positive,2,No,College,Near,Male,56
22,100,Medium,High,Yes,6,66,High,No,4,Medium,Low,Public,Neutral,2,No,High School,Moderate,Female,72
26,82,Medium,Low,No,6,86,High,Yes,0,Low,Medium,Private,Negative,4,No,High School,Near,Female,69
15,73,Low,Low,No,4,79,Low,Yes,1,Low,Medium,Public,Neutral,3,No,College,Near,Male,43
20,65,Medium,Low,Yes,7,88,Low,Yes,0,Medium,Medium,Public,Neutral,3,No,College,Near,Female,53
25,94,High,Low,Yes,8,86,High,No,2,Low,Medium,Private,Neutral,2,No,College,Near,Male,77
8,76,Low,High,Yes,7,84,Medium,No,1,Low,Medium,Public,Positive,3,No,High School,Near,Male,44
20,71,Medium,Medium,Yes,7,87,High,Yes,0,Low,Medium,Public,Positive,3,No,High School,Moderate,Female,62
17,84,High,High,No,9,83,Low,No,3,High,Low,Public,Neutral,4,Yes,Postgraduate,Near,Male,58
19,87,Low,High,Yes,8,63,Medium,Yes,3,High,Medium,Public,Neutral,3,No,College,Moderate,Male,59
17,87,High,High,Yes,9,57,Medium,Yes,1,Low,Low,Public,Neutral,4,No,High School,Near,Male,52
21,80,Medium,Medium,No,10,61,Medium,Yes,2,Medium,Low,Public,Positive,4,No,High School,Near,Male,55
32,82,Medium,High,No,7,81,High,Yes,0,High,Medium,Public,Neutral,4,No,Postgraduate,Far,Female,85
18,83,High,Medium,Yes,5,43,High,Yes,0,Medium,High,Public,Neutral,5,No,High School,Near,Female,47
22,84,High,Low,No,6,72,Medium,No,2,Medium,Medium,Public,Neutral,4,No,College,Near,Female,62
32,85,Medium,Medium,No,8,69,Medium,Yes,1,High,Medium,Private,Neutral,2,No,Postgraduate,Near,Male,76
17,92,Medium,High,No,9,88,Medium,No,1,Medium,Medium,Public,Neutral,3,No,College,Moderate,Female,66
31,81,Medium,High,Yes,6,70,Medium,Yes,0,Medium,High,Public,Neutral,5,Yes,College,Moderate,Female,69
20,71,Medium,Medium,Yes,7,67,Low,Yes,0,Low,High,Public,Neutral,1,No,High School,Near,Male,46
31,78,High,High,Yes,6,89,Medium,Yes,3,Low,High,Public,Neutral,5,No,College,Far,Female,88
25,88,Medium,Medium,Yes,7,71,Medium,Yes,0,Low,Medium,Public,Positive,4,No,College,Near,Female,69
22,60,High,Medium,Yes,7,69,Medium,Yes,1,Medium,Medium,Private,Positive,3,No,High School,Far,Male,52
20,60,Low,Medium,No,8,66,Medium,Yes,2,Medium,Medium,Private,Negative,3,No,High School,Far,Male,41
16,90,Low,Low,No,10,76,High,Yes,1,Medium,Low,Public,Positive,2,No,College,Near,Female,56
20,97,Low,Medium,Yes,8,68,High,No,1,Low,Medium,Private,Neutral,4,No,Postgraduate,Near,Female,63
25,66,Medium,High,Yes,6,68,Medium,Yes,0,Medium,Medium,Public,Neutral,1,No,High School,Moderate,Male,54
20,81,Low,High,Yes,6,91,High,Yes,2,Medium,Medium,Private,Positive,6,No,Postgraduate,Moderate,Female,76
18,76,Medium,Low,Yes,7,73,Low,No,1,High,Medium,Public,Neutral,4,No,College,Moderate,Female,48
18,77,High,Low,Yes,6,66,Low,Yes,1,Low,Medium,Public,Negative,4,Yes,High School,Far,Male,37
26,83,High,Low,Yes,7,59,Medium,Yes,0,Low,High,Private,Positive,3,No,College,Near,Male,63
27,66,High,High,Yes,4,75,Medium,Yes,1,High,High,Public,Negative,2,No,High School,Moderate,Male,62
16,68,Low,Medium,Yes,7,65,High,Yes,2,Low,Medium,Public,Positive,3,No,College,,Male,46
16,77,Medium,Medium,No,7,67,High,Yes,0,Medium,High,Private,Neutral,1,No,High School,Near,Female,48
22,78,Medium,Low,No,5,61,Medium,Yes,1,High,High,Private,Neutral,2,No,High School,Near,Male,52
29,68,Low,Low,No,6,75,Low,Yes,3,Medium,Medium,Public,Positive,1,No,College,Far,Male,62
27,89,Medium,High,No,9,55,Low,Yes,4,Medium,Medium,Public,Neutral,3,No,College,Moderate,Male,67
12,75,High,Medium,No,9,77,Medium,Yes,3,Low,High,Private,Neutral,2,No,College,Near,Male,52
18,75,Low,Low,Yes,6,65,Medium,Yes,0,Medium,Low,Public,Neutral,3,No,Postgraduate,Far,Male,43
14,83,High,Low,Yes,8,81,High,Yes,2,High,Medium,Public,Neutral,3,No,Postgraduate,Near,Male,63
18,79,Low,Low,Yes,5,78,Low,Yes,1,Medium,Medium,Public,Neutral,4,Yes,Postgraduate,Near,Female,47
30,89,Low,Low,Yes,7,73,High,Yes,1,High,Medium,Public,Neutral,1,No,College,Moderate,Male,75
11,70,Low,Low,Yes,7,83,Medium,Yes,2,Low,Low,Public,Positive,5,No,College,Near,Male,44
10,65,High,Medium,Yes,9,92,Medium,Yes,1,High,Medium,Public,Positive,3,No,College,Moderate,Female,51
15,77,Medium,Low,Yes,9,88,Low,Yes,4,High,High,Public,Neutral,2,No,Postgraduate,Moderate,Female,60
22,81,High,Medium,No,7,55,Low,Yes,2,High,Low,Public,Positive,3,No,High School,Near,Male,58
24,66,Medium,Medium,Yes,6,64,Medium,Yes,0,Low,Medium,Public,Positive,3,Yes,College,Near,Female,45
23,65,High,Medium,Yes,9,66,High,Yes,0,Medium,High,Public,Positive,4,No,College,Moderate,Male,56
27,82,Medium,Medium,No,7,80,Medium,Yes,2,Low,Low,Public,Positive,3,Yes,High School,Moderate,Female,66
9,72,Medium,High,Yes,8,65,High,Yes,3,Low,High,Public,Positive,1,No,Postgraduate,Moderate,Female,46
27,64,High,Low,No,7,65,Medium,Yes,0,Low,High,Public,Positive,1,No,High School,Moderate,Male,53
18,91,High,High,Yes,10,62,Low,Yes,2,Low,High,Public,Positive,4,No,College,Near,Male,61
24,73,Medium,Low,Yes,6,76,Low,Yes,1,Medium,High,Private,Positive,4,No,College,Near,Male,61
12,93,Low,Low,Yes,8,80,High,Yes,1,Medium,High,Public,Neutral,5,No,College,Moderate,Male,58
20,80,High,Low,Yes,7,56,Medium,Yes,0,Low,Medium,Public,Positive,1,No,College,Moderate,Male,49
21,83,Medium,Medium,Yes,8,65,High,Yes,1,Low,High,Public,Neutral,4,No,High School,Near,Male,60
27,78,High,Medium,No,9,47,Medium,Yes,1,Medium,Medium,Public,Neutral,4,No,High School,Near,Male,56
10,60,Medium,High,Yes,4,41,Low,Yes,1,Medium,Low,Private,Negative,3,Yes,College,Moderate,Male,20
20,67,Low,Low,Yes,7,78,Medium,Yes,0,Medium,High,Private,Positive,3,No,High School,Near,Female,51
13,79,Medium,Medium,No,6,76,Medium,Yes,1,Medium,Low,Public,Positive,3,No,High School,Near,Male,49
23,84,Medium,Low,No,8,74,Medium,Yes,1,High,Low,Private,Neutral,3,No,High School,Near,Male,62
25,60,Medium,Low,Yes,8,93,Low,No,2,Low,Low,Public,Neutral,3,No,High School,Near,Male,55
28,79,High,Medium,No,6,50,Low,Yes,1,Medium,Medium,Private,Neutral,4,No,High School,Near,Male,58
17,68,Medium,Low,Yes,6,45,Medium,Yes,2,High,Medium,Public,Positive,1,No,High School,Near,Female,36
26,83,Low,Medium,No,7,57,Medium,Yes,1,Medium,Medium,Public,Negative,3,No,High School,Near,Male,56
28,80,Medium,Medium,No,5,44,Low,Yes,2,Low,High,Private,Negative,5,No,High School,Near,Female,54
10,88,High,Medium,Yes,7,64,Medium,Yes,0,Low,High,Private,Positive,1,No,College,Moderate,Female,47
24,92,High,Medium,Yes,6,80,Medium,Yes,0,Medium,Medium,Public,Negative,4,Yes,High School,Near,Male,66
26,85,Medium,Low,Yes,8,76,Medium,Yes,1,Low,Medium,Public,Negative,0,No,Postgraduate,Near,Female,66
18,89,High,Low,No,5,85,Low,No,1,Medium,High,Public,Positive,2,No,High School,Moderate,Male,61
13,76,Low,Medium,Yes,6,77,High,No,2,Low,Low,Public,Neutral,2,No,College,Near,Female,46
26,100,Medium,Low,Yes,6,67,Low,No,2,Medium,Medium,Public,Neutral,4,No,Postgraduate,Near,Male,71
13,67,High,Medium,No,7,65,Low,Yes,2,Medium,Medium,Private,Negative,2,No,High School,Near,Male,37
19,74,Medium,Medium,Yes,9,78,Low,Yes,0,Medium,Medium,Private,Negative,2,No,Postgraduate,Far,Male,49
20,90,Low,Medium,No,8,52,Medium,Yes,0,Low,Low,Public,Positive,2,No,High School,Near,Male,48
24,88,Medium,Medium,No,6,40,Medium,Yes,2,High,High,Public,Positive,2,No,College,Near,Male,58
16,85,Medium,Low,No,6,77,Low,No,1,Medium,Low,Private,Neutral,2,No,High School,Near,Male,46
16,87,Low,Low,No,8,75,Low,Yes,2,Medium,Medium,Private,Positive,2,No,Postgraduate,Near,Male,57
21,60,Low,Low,Yes,5,92,Low,Yes,1,High,Low,Public,Positive,3,No,College,Near,Female,53
26,97,High,Low,Yes,7,81,Low,Yes,4,Low,Medium,Public,Positive,2,Yes,College,Near,Female,77
34,78,Low,High,No,6,76,Medium,Yes,1,Low,Low,Private,Positive,4,No,College,Moderate,Male,77
11,94,Medium,Low,No,7,68,Low,Yes,4,Low,Low,Public,Positive,2,No,College,Near,Male,51
22,60,High,Low,Yes,8,61,Medium,No,1,Low,Medium,Public,Neutral,0,No,College,Far,Male,39
13,83,High,High,No,6,68,High,Yes,1,Low,Medium,Public,Negative,3,No,High School,Moderate,Female,50
26,74,Medium,Medium,No,8,84,Medium,Yes,0,High,Medium,Public,Neutral,4,No,College,Near,Female,70
14,86,Medium,Low,Yes,10,78,Low,No,2,Low,High,Public,Positive,2,No,Postgraduate,Near,Male,52
16,83,Low,High,No,8,84,Medium,Yes,1,Low,High,Private,Neutral,3,No,College,Near,Female,61
16,84,Medium,Medium,Yes,7,73,Low,Yes,0,Medium,Medium,Public,Neutral,2,No,College,Near,Female,53
20,68,Low,High,Yes,9,60,Low,No,1,Low,Medium,Private,Neutral,2,No,High School,Near,Male,39
22,79,Low,High,Yes,5,87,Medium,Yes,2,Low,High,Private,Neutral,4,Yes,High School,Moderate,Female,62
23,78,Low,Medium,Yes,9,86,Low,No,3,High,Medium,Public,Neutral,4,No,High School,Near,Female,63
20,85,Medium,Low,No,6,74,Low,Yes,2,High,Medium,Public,Positive,2,No,High School,Near,Female,62
12,91,Low,Medium,No,10,79,Medium,Yes,4,Medium,Medium,Private,Positive,2,No,College,Near,Female,59
24,82,Low,Low,Yes,6,79,Medium,Yes,1,Medium,Medium,Public,Positive,4,No,College,Near,Male,67
20,66,High,Medium,Yes,8,66,Low,Yes,0,Low,Medium,Public,Neutral,2,No,College,Near,Male,44
27,81,Low,High,Yes,5,69,Low,No,4,Medium,Medium,Private,Neutral,2,No,College,Moderate,Male,65
16,100,Medium,Low,No,7,60,High,Yes,1,Medium,High,Public,Positive,3,No,High School,Far,Male,60
10,98,Medium,High,Yes,5,69,Medium,No,1,Medium,Medium,Private,Neutral,2,No,High School,Near,Female,50
20,60,Medium,Medium,No,5,85,Medium,Yes,1,Medium,Medium,Private,Neutral,2,No,Postgraduate,Near,Female,55
28,81,Low,Low,Yes,9,83,Medium,Yes,1,Medium,Medium,Public,Negative,3,No,College,Far,Male,67
21,90,Low,High,Yes,5,79,Medium,Yes,2,Medium,Medium,Public,Neutral,3,Yes,College,Moderate,Male,61
19,78,High,Medium,Yes,6,84,Medium,Yes,3,Low,Low,Public,Positive,3,No,College,Near,Female,66
15,75,Medium,Medium,Yes,6,67,Medium,Yes,0,Low,Medium,Public,Positive,3,No,College,Moderate,Female,45
31,77,Low,Medium,Yes,9,57,High,Yes,1,Medium,Medium,Public,Neutral,5,No,Postgraduate,Near,Male,67
14,86,Medium,Low,Yes,8,70,High,Yes,1,High,Medium,Public,Neutral,4,No,,Near,Male,54
16,67,Medium,Low,No,9,71,Medium,Yes,3,High,Low,Private,Negative,3,No,High School,Moderate,Male,42
23,93,Low,Medium,No,6,81,Medium,Yes,4,Medium,Low,Private,Positive,5,No,High School,Near,Male,76
9,79,Medium,High,Yes,9,79,Low,Yes,1,Medium,Low,Public,Positive,2,No,College,Near,Male,47
28,70,Medium,Medium,No,6,85,Medium,Yes,1,Medium,Medium,Public,Neutral,5,No,College,Near,Male,70
24,92,Medium,High,No,6,46,High,Yes,1,Low,Medium,Private,Positive,6,Yes,College,Near,Female,57
25,63,High,High,No,6,62,Medium,Yes,1,Medium,High,Public,Neutral,4,No,College,Moderate,Female,56
23,74,Medium,Low,No,6,71,Medium,Yes,0,Medium,High,Private,Neutral,3,No,Postgraduate,Far,Male,56
19,74,High,High,Yes,7,78,Medium,Yes,1,High,Medium,Public,Neutral,4,No,Postgraduate,Moderate,Female,63
14,100,Medium,High,Yes,6,99,Medium,Yes,2,Low,Medium,Public,Positive,4,No,College,Moderate,Male,77
19,72,Medium,Medium,Yes,7,59,Medium,Yes,3,Low,Medium,Public,Neutral,2,No,High School,Moderate,Male,48
14,60,Medium,Medium,Yes,4,63,Medium,Yes,1,Low,Medium,Private,Neutral,4,No,College,Near,Female,34
23,74,Medium,Medium,No,7,66,Medium,Yes,2,Low,Medium,Public,Neutral,3,Yes,Postgraduate,Moderate,Female,51
25,85,Low,High,Yes,5,62,Medium,No,2,Medium,Medium,Private,Negative,2,No,High School,Near,Female,58
29,89,High,High,Yes,6,60,Medium,No,2,High,High,Public,Neutral,3,No,College,Moderate,Female,75
22,100,High,Medium,Yes,6,73,Medium,Yes,0,Low,Medium,Public,Positive,3,No,Postgraduate,Moderate,Male,74
26,95,Medium,High,Yes,8,85,Medium,Yes,0,Low,Low,Public,Neutral,1,No,High School,Near,Male,74
18,82,Medium,Medium,Yes,8,74,High,Yes,4,Low,High,Public,Neutral,5,No,High School,Moderate,Male,65
17,70,High,High,No,7,61,Medium,No,3,Medium,High,Public,Positive,3,No,High School,Moderate,Male,52
23,98,High,Medium,Yes,6,69,Medium,No,3,High,Medium,Private,Neutral,4,No,High School,Near,Female,72
18,76,Medium,High,Yes,8,58,High,Yes,2,Medium,Low,Public,Neutral,4,No,High School,Far,Male,50
22,73,Low,High,No,10,85,High,Yes,2,Medium,Medium,Public,Positive,2,No,College,Near,Male,67
14,75,Medium,Medium,Yes,7,91,Medium,Yes,3,Medium,Medium,Public,Neutral,6,Yes,High School,Near,Male,56
15,66,Low,High,No,5,51,High,Yes,3,High,High,Public,Negative,6,No,High School,Moderate,Female,41
24,75,Medium,Medium,No,6,75,High,Yes,1,Medium,Low,Public,Positive,2,No,Postgraduate,Near,Female,66
25,77,Medium,Low,Yes,8,62,Low,Yes,1,Medium,Medium,Private,Negative,3,No,College,Moderate,Male,53
14,88,Medium,Low,Yes,6,73,Medium,Yes,0,High,Medium,Public,Neutral,3,No,High School,Moderate,Male,48
24,76,Low,Medium,No,6,71,Medium,Yes,2,Medium,Medium,Public,Neutral,2,No,High School,Moderate,Female,59
17,66,Medium,Low,No,6,55,Medium,No,2,Low,Medium,Public,Neutral,3,No,Postgraduate,Moderate,Female,35
20,62,Medium,Low,No,7,88,High,Yes,4,High,High,Public,Neutral,6,No,College,Near,Female,66
29,82,Medium,Medium,No,5,70,Medium,Yes,2,Medium,Medium,Private,Neutral,2,No,High School,Far,Female,67
25,81,Low,Low,Yes,7,66,Medium,Yes,3,High,Low,Private,Neutral,5,No,Postgraduate,Near,Male,64
25,74,Low,Medium,No,7,74,High,Yes,1,Medium,High,Public,Positive,4,No,College,Near,Male,68
31,75,High,High,Yes,6,61,Medium,Yes,0,High,Medium,Public,Positive,4,No,High School,Moderate,Female,70
16,84,Medium,Low,Yes,6,70,Medium,Yes,1,Medium,High,Public,Negative,5,No,College,Near,Female,54
14,95,Medium,Medium,Yes,8,48,Medium,Yes,1,Medium,High,Public,Positive,4,Yes,College,Near,Female,44
16,71,Medium,Low,Yes,5,41,Medium,Yes,2,Medium,Medium,Public,Neutral,4,No,College,Near,Male,33
18,81,High,High,No,7,59,Low,Yes,3,High,Low,Public,Neutral,4,No,College,Near,Female,54
6,91,Medium,Medium,No,8,65,Medium,No,1,High,Medium,Public,Positive,2,No,College,Near,Female,41
19,71,Low,High,No,7,49,Low,Yes,0,Medium,Medium,Public,Positive,3,No,High School,Far,Male,38
17,80,Low,Medium,No,9,66,Medium,Yes,2,Medium,Medium,Private,Positive,1,No,College,Moderate,Male,51
25,80,Low,High,Yes,5,65,High,Yes,1,High,Medium,Public,Negative,4,No,High School,Near,Male,64
22,66,High,Medium,No,6,71,Low,Yes,2,Medium,Medium,Public,Negative,2,No,High School,Moderate,Female,50
16,82,Medium,Medium,Yes,6,80,Medium,Yes,3,Low,Low,Public,Positive,1,No,High School,Near,Male,58
24,80,High,Low,Yes,10,94,Low,No,1,Low,Medium,Public,Positive,4,No,College,Near,Female,69
24,86,Medium,Medium,No,8,78,Medium,Yes,4,Medium,Low,Public,Positive,3,No,College,Moderate,Male,74
15,67,High,Medium,No,8,59,Low,Yes,1,Low,Medium,Public,Positive,5,No,College,Far,Female,38
17,80,High,Medium,Yes,8,81,Medium,Yes,0,Medium,Low,Private,Neutral,4,No,High School,Near,Female,57
7,95,Medium,Low,Yes,7,90,High,Yes,1,High,,Private,Neutral,5,No,College,Near,Female,60
13,100,Medium,Medium,No,8,57,Medium,Yes,1,Medium,High,Public,Neutral,3,No,High School,Near,Male,53
16,94,Low,Medium,Yes,4,58,Low,Yes,0,Low,High,Private,Neutral,3,No,College,Near,Female,47
20,67,Medium,Medium,No,7,54,Low,No,1,High,Medium,Public,Negative,4,No,High School,Near,Female,38
14,85,High,Medium,Yes,8,65,High,Yes,1,Medium,High,Public,Positive,0,Yes,High School,Far,Female,47
17,75,Medium,Medium,Yes,8,77,Medium,Yes,4,Low,Low,Public,Negative,1,No,High School,Near,Female,54
13,83,Medium,Medium,No,5,91,High,Yes,1,Medium,Medium,Private,Negative,3,No,High School,Near,Male,58
21,72,Medium,Medium,No,5,84,Medium,Yes,0,Medium,Medium,Public,Negative,1,Yes,College,Moderate,Male,49
23,61,Medium,High,Yes,6,77,Medium,No,2,Medium,Medium,Private,Neutral,2,No,High School,Moderate,Female,54
22,76,Medium,High,Yes,8,73,Medium,Yes,2,Medium,Low,Public,Negative,4,No,High School,Near,Male,59
20,88,High,Low,Yes,8,77,High,Yes,3,Low,Medium,Public,Negative,3,Yes,College,Near,Female,62
11,83,Medium,Low,Yes,6,78,High,Yes,0,Medium,Low,Public,Neutral,4,No,College,Near,Female,48
16,84,Medium,Medium,Yes,10,89,Low,Yes,1,Medium,High,Public,Positive,2,No,High School,Near,Female,61
18,82,Medium,High,Yes,7,72,Medium,Yes,2,Low,High,Private,Positive,4,No,High School,Near,Male,63
18,84,Medium,Low,Yes,7,75,Medium,Yes,3,High,Medium,Public,Neutral,2,No,College,Far,Male,60
20,86,Medium,Medium,No,7,67,High,Yes,0,Low,High,Private,Neutral,4,No,High School,Near,Female,60
29,77,Low,Medium,No,8,73,Medium,No,1,Low,High,Public,Neutral,4,No,High School,Moderate,Male,65
25,81,Medium,High,Yes,8,69,Medium,Yes,2,Low,Medium,Public,Neutral,6,No,High School,Moderate,Male,67
14,99,Medium,Low,No,10,57,Medium,Yes,0,Low,Medium,Public,Positive,5,No,High School,Near,Male,49
24,82,Low,High,No,5,83,Medium,Yes,1,Low,Medium,Private,Positive,4,No,High School,Near,Female,70
24,80,Medium,Medium,No,5,91,High,Yes,1,Medium,Low,Public,Neutral,3,No,High School,Far,Male,70
15,81,Medium,High,Yes,6,72,Medium,Yes,2,High,Medium,Public,Positive,3,No,College,Near,Male,59
25,78,Medium,High,Yes,8,76,Low,Yes,2,Low,Medium,Public,Positive,4,No,High School,Near,Male,68
19,75,Medium,Medium,Yes,6,83,Medium,No,1,Low,High,Public,Positive,2,No,Postgraduate,Moderate,Male,60
12,82,Medium,Medium,Yes,9,70,Low,Yes,1,Low,High,Private,Neutral,4,No,High School,Moderate,Male,42
23,74,Medium,Medium,Yes,6,74,Medium,Yes,1,Low,Low,Public,Neutral,4,No,Postgraduate,Near,Female,59
21,78,High,High,Yes,9,69,Medium,No,1,Low,Low,Public,Negative,4,No,High School,Moderate,Male,52
19,71,Medium,Medium,Yes,6,65,High,No,0,Low,Medium,Private,Neutral,2,No,College,Near,Male,45
20,81,High,Low,Yes,9,79,Medium,Yes,3,Low,Medium,Public,Neutral,3,No,College,Near,Female,64
16,86,Medium,High,Yes,9,79,Low,Yes,1,Low,Medium,Private,Positive,4,No,College,Far,Female,59
24,78,Medium,Low,Yes,6,84,High,No,2,High,Medium,Public,Positive,4,No,High School,Near,Male,71
20,60,Medium,High,Yes,8,72,High,Yes,2,Low,Medium,Private,Positive,3,No,High School,Moderate,Female,54
21,86,High,Low,Yes,7,56,Medium,No,0,Medium,Low,Private,Positive,3,No,College,Near,Female,52
22,81,High,Medium,Yes,8,86,Medium,Yes,2,Low,Medium,Private,Neutral,3,No,High School,Far,Male,68
13,69,Medium,High,No,9,62,Medium,Yes,0,Medium,Medium,Public,Neutral,4,No,High School,Moderate,Male,37
15,89,Medium,Medium,No,8,62,Medium,No,1,Low,Medium,Public,Positive,1,Yes,High School,Near,Male,41
7,65,High,Medium,No,8,65,Low,Yes,2,Low,High,Public,Positive,2,No,Postgraduate,Moderate,Female,34
23,91,High,Medium,No,8,49,Medium,Yes,3,Low,Low,Public,Positive,2,No,High School,Moderate,Female,60
13,79,High,Low,Yes,5,69,Low,Yes,1,Medium,Medium,Public,Negative,4,No,Postgraduate,Near,Male,43
21,60,Low,Low,No,7,80,High,Yes,1,High,High,Public,Neutral,5,No,High School,Near,Male,55
22,82,Low,Medium,Yes,5,66,High,Yes,3,Medium,Low,Public,Negative,3,No,College,Moderate,Female,58
24,76,Medium,Medium,No,7,89,Low,Yes,1,Medium,Medium,Public,Neutral,2,Yes,High School,Near,Male,60
13,74,Medium,Low,No,9,89,Medium,Yes,1,Medium,Medium,Private,Positive,3,No,High School,Moderate,Male,50
20,72,Low,Medium,Yes,7,84,Low,Yes,1,High,Medium,Private,Neutral,2,No,High School,Far,Male,54
30,79,Medium,High,No,4,47,Low,Yes,3,Medium,Medium,Public,Negative,3,Yes,College,Near,Male,54
30,75,Medium,High,No,6,91,Low,Yes,0,Low,High,Public,Positive,2,Yes,College,Near,Female,72
26,60,Low,Medium,No,8,69,Medium,Yes,3,Medium,High,Private,Negative,3,No,College,Near,Female,56
22,94,Medium,High,Yes,6,94,High,No,2,High,High,Public,Neutral,2,No,High School,Moderate,Male,81
14,77,Low,Medium,No,8,64,Medium,Yes,0,High,High,Public,Negative,5,No,College,Moderate,Male,43
24,72,High,Medium,Yes,5,70,High,Yes,1,High,Low,Public,Positive,3,No,High School,Near,Male,62
19,68,Medium,Medium,No,8,73,Medium,Yes,2,Low,Medium,Public,Neutral,2,No,College,Near,Female,51
23,88,Medium,High,No,8,60,Low,Yes,4,Medium,Medium,Public,Neutral,3,No,College,Near,Male,66
16,66,Medium,Low,No,8,51,Medium,Yes,1,Medium,Low,Public,Positive,5,No,Postgraduate,Near,Male,35
19,81,Medium,Low,No,6,41,Medium,Yes,3,High,Medium,Private,Neutral,4,No,College,Moderate,Male,44
21,74,Medium,High,Yes,8,100,Medium,Yes,0,Low,Medium,Public,Positive,3,No,College,Moderate,Female,70
21,74,High,Medium,Yes,9,50,Medium,Yes,0,Medium,Medium,Public,Positive,2,No,High School,Moderate,Female,44
23,68,Medium,High,Yes,4,50,Low,Yes,2,Medium,Medium,Private,Neutral,3,No,High School,Far,Female,42
17,73,Low,Medium,Yes,7,79,Medium,Yes,1,Low,High,Private,Neutral,2,No,High School,Near,Male,52
12,80,Medium,Medium,No,4,53,Medium,No,3,High,Low,Public,Neutral,4,No,High School,Near,Male,37
30,83,Low,Low,Yes,6,51,High,Yes,1,Medium,Medium,Private,Neutral,6,No,High School,Near,Female,61
35,71,Medium,High,Yes,6,40,Medium,Yes,2,Low,Low,Public,Neutral,3,No,College,Far,Female,58
23,79,Medium,Low,Yes,7,76,Low,No,3,Medium,High,Public,Neutral,3,No,High School,Near,Male,60
12,90,Medium,Low,Yes,8,58,High,Yes,2,Medium,Medium,Public,Positive,2,No,High School,Near,Male,50
15,62,Low,High,No,8,80,Low,Yes,4,Low,Medium,Public,Neutral,5,No,High School,Near,Male,47
23,80,Medium,Low,Yes,7,71,Low,Yes,2,High,Medium,Private,Neutral,4,No,College,Near,Male,62
28,70,Low,Low,Yes,8,73,Medium,Yes,1,Medium,Low,Public,Positive,1,No,High School,Moderate,Female,58
13,68,Medium,Medium,Yes,5,66,Medium,Yes,4,Medium,Medium,Private,Positive,3,No,High School,Near,Male,45
19,83,Medium,High,No,8,68,Medium,Yes,1,Medium,Medium,Private,Neutral,3,No,College,Far,Female,56
21,74,Medium,High,No,4,60,Medium,Yes,2,Low,Low,Public,Positive,3,No,College,Near,Male,54
25,67,Low,Low,Yes,9,62,High,Yes,1,Medium,Medium,Public,Positive,3,No,College,Near,Female,53
18,95,Low,Medium,Yes,9,58,Medium,Yes,2,Low,Low,Public,Neutral,3,No,High School,Near,Male,52
11,90,Medium,Medium,No,8,92,Medium,Yes,1,High,Medium,Public,Neutral,2,No,High School,Near,Male,60
24,60,Medium,Medium,No,10,67,High,Yes,2,High,Low,Public,Positive,3,No,Postgraduate,Near,Male,56
27,64,High,Low,Yes,4,43,Medium,Yes,1,Medium,Medium,Private,Positive,4,No,Postgraduate,Near,Female,47
20,87,Low,Medium,No,8,75,Low,Yes,0,Low,High,Public,Positive,3,No,High School,Near,Male,57
22,77,Low,Medium,No,7,62,High,Yes,3,Medium,High,Public,Negative,2,No,College,Far,Female,56
17,97,Medium,Low,Yes,7,71,High,Yes,1,High,Medium,Private,Positive,5,No,College,Moderate,Female,65
15,87,Medium,High,No,5,68,Medium,Yes,2,Low,Medium,Private,Positive,4,No,College,Far,Male,56
26,83,Medium,Low,No,8,91,Medium,Yes,1,Low,Medium,Private,Neutral,2,No,High School,Near,Male,71
22,69,Low,High,Yes,7,67,Medium,No,0,Low,Medium,Public,Negative,3,No,High School,Near,Male,47
23,85,Low,Medium,No,6,83,Low,Yes,1,Low,Medium,Private,Positive,3,No,College,Far,Male,65
29,66,Medium,Medium,No,7,81,Medium,Yes,1,Low,Medium,Public,Negative,3,No,College,Far,Male,64
14,94,Medium,High,Yes,5,54,Medium,Yes,1,Low,Medium,Private,Negative,4,No,High School,Moderate,Female,48
17,85,Medium,Low,Yes,6,74,Medium,No,0,Medium,Medium,Public,Negative,3,No,High School,Moderate,Female,47
21,71,Medium,Low,Yes,8,62,Medium,Yes,0,Medium,Medium,Public,Neutral,2,No,High School,Far,Female,45
17,89,Medium,Medium,Yes,8,56,Medium,No,2,Medium,Medium,Public,Positive,3,No,Postgraduate,Moderate,Male,52
25,100,Low,High,Yes,8,56,Medium,Yes,2,Medium,High,Public,Neutral,2,No,College,Near,Male,71
19,78,High,High,Yes,8,83,High,Yes,1,High,Low,Public,Neutral,4,Yes,College,Moderate,Male,59
14,86,Low,Medium,Yes,8,100,Medium,No,1,High,Medium,Public,Positive,4,No,College,Near,Male,66
20,75,Low,High,Yes,6,62,High,Yes,3,Low,Low,Public,Neutral,5,No,High School,Near,Male,56
21,81,High,Low,No,7,75,Low,Yes,1,Medium,Low,Public,Positive,5,No,High School,Near,Female,61
26,63,Low,Low,Yes,9,76,Low,Yes,5,High,Medium,Public,Negative,4,No,Postgraduate,Near,Male,60
22,80,Medium,Low,No,5,65,High,Yes,1,Low,Low,Private,Positive,3,No,College,Moderate,Female,57
23,80,Medium,High,No,5,90,Medium,Yes,0,Low,High,Private,Negative,2,No,Postgraduate,Near,Male,69
22,100,Medium,Medium,Yes,5,100,High,Yes,0,Medium,Medium,Private,Positive,4,No,College,Near,Male,87
19,60,Medium,Medium,No,5,64,Medium,Yes,2,Medium,Medium,Public,Neutral,4,No,High School,Moderate,Female,42
16,77,High,Medium,No,6,95,Low,Yes,4,Medium,Low,Public,Neutral,2,No,High School,Moderate,Male,63
22,94,Medium,Low,No,6,65,Medium,No,1,Low,High,Private,Negative,3,No,College,Near,Male,58
18,77,Medium,Low,Yes,9,59,Low,Yes,2,Medium,Medium,Private,Negative,3,Yes,High School,Near,Female,35
30,78,Low,Low,Yes,6,70,Medium,Yes,1,High,Medium,Private,Positive,3,No,,Near,Male,67
28,71,High,Low,No,5,83,Medium,Yes,2,High,High,Public,Negative,3,No,High School,Moderate,Female,68
24,70,High,Medium,Yes,7,71,Medium,Yes,1,Medium,Medium,Public,Positive,2,No,College,Moderate,Male,61
22,60,High,Low,Yes,7,82,Medium,Yes,1,High,Medium,Public,Negative,2,No,High School,Near,Male,54
19,73,Low,High,Yes,6,75,Medium,Yes,1,Medium,,Public,Neutral,5,No,High School,Near,Male,56
12,69,Medium,High,Yes,6,90,High,No,3,Low,Medium,Public,Negative,3,No,College,Moderate,Male,52
19,81,Medium,High,No,8,79,Low,Yes,1,Medium,Medium,Private,Neutral,4,No,High School,Far,Male,58
21,71,High,Low,Yes,5,92,Low,Yes,1,High,Medium,Private,Positive,1,No,College,Near,Male,63
21,75,Medium,Medium,No,5,61,Low,Yes,1,Medium,Low,Public,Positive,1,Yes,College,Moderate,Female,39
23,75,High,Low,Yes,8,69,Medium,Yes,4,High,High,Public,Positive,2,Yes,High School,Near,Female,58
26,79,Medium,Low,No,6,72,Medium,Yes,4,Medium,Medium,Public,Positive,2,No,College,Near,Female,70
16,74,High,Medium,No,9,61,Medium,Yes,1,Low,Low,Private,Neutral,2,Yes,College,Near,Female,35
16,68,Medium,Medium,Yes,7,59,Low,No,2,Low,High,Public,Negative,2,No,College,Moderate,Female,36
29,81,High,Medium,Yes,7,77,Low,Yes,1,Medium,High,Private,Neutral,4,Yes,College,Far,Male,68
25,92,Medium,High,Yes,8,81,Medium,No,1,Low,High,Public,Positive,2,No,Postgraduate,Near,Male,78
18,81,Low,Low,Yes,5,73,High,Yes,4,Medium,Medium,Private,Positive,0,No,College,Near,Female,59
19,73,Medium,High,No,7,86,Medium,Yes,1,Low,Low,Public,Positive,3,No,High School,Moderate,Male,61
19,79,High,Low,No,6,58,Low,Yes,3,Low,High,Public,Positive,2,No,High School,Near,Female,51
20,60,Low,High,Yes,8,67,Medium,Yes,2,Low,Medium,Private,Neutral,5,No,High School,Far,Female,46
23,78,Medium,Medium,No,6,57,High,Yes,0,Medium,Low,Public,Positive,3,No,College,Near,Female,55
35,76,High,Low,Yes,7,74,Medium,Yes,2,Low,High,Public,Positive,5,No,High School,Far,Male,81
21,70,High,Medium,No,6,78,High,Yes,2,High,Medium,Public,Neutral,3,No,College,Near,Male,64
24,72,Medium,Low,No,8,89,Low,Yes,0,High,Medium,Public,Neutral,2,Yes,High School,Near,Male,55
10,75,High,High,No,7,57,Low,Yes,2,Low,Medium,Private,Positive,4,No,High School,Moderate,Male,39
17,91,Low,Low,No,7,77,Medium,No,1,Low,Medium,Public,Positive,2,No,High School,Moderate,Female,55
27,92,Medium,High,No,9,91,Medium,Yes,1,Low,Medium,Private,Positive,4,No,High School,Far,Female,84
22,70,Medium,Medium,No,7,59,High,Yes,1,Medium,Medium,Private,Positive,3,No,College,Far,Male,53
1,74,High,High,No,8,56,Low,Yes,1,Medium,Low,Public,Positive,1,No,High School,Far,Male,20
24,75,Medium,Low,Yes,10,53,High,Yes,3,Low,Low,Public,Neutral,4,No,Postgraduate,Near,Female,52
32,89,Low,Medium,Yes,8,80,Medium,Yes,1,Medium,High,Private,Positive,3,Yes,High School,Moderate,Female,75
8,82,Medium,High,No,4,63,Medium,Yes,0,Low,High,Public,Neutral,2,No,College,Near,Male,39
29,81,Medium,Low,No,6,78,High,Yes,0,Medium,Low,Private,Positive,3,No,College,Near,Male,74
3,86,High,Low,No,5,69,Medium,Yes,2,Medium,Medium,Private,Neutral,2,Yes,High School,Far,Male,29
26,73,Medium,Medium,No,8,95,Medium,Yes,2,Low,Medium,Public,Neutral,4,No,College,Near,Male,73
20,95,High,Medium,Yes,7,82,Medium,No,0,High,Medium,Public,Negative,3,No,College,Near,Male,68
6,80,Medium,High,No,8,62,Low,Yes,1,Low,Medium,Public,Positive,4,No,Postgraduate,Far,Female,36
23,71,High,Low,Yes,8,68,Low,Yes,1,Medium,Medium,Private,Neutral,3,No,College,Far,Male,52
27,77,Medium,High,No,8,82,High,Yes,1,High,High,Public,Negative,1,Yes,High School,Moderate,Male,67
22,94,Medium,High,Yes,5,58,High,Yes,3,High,Low,Public,Negative,4,No,College,Near,Male,67
24,75,Medium,High,Yes,8,87,High,Yes,4,Medium,High,Public,Positive,2,No,Postgraduate,Near,Female,82
18,90,High,Low,No,9,69,Medium,Yes,4,Medium,Medium,Public,Neutral,1,No,High School,Near,Female,62
9,73,Low,Low,No,5,83,Medium,Yes,1,Medium,Low,Private,Negative,3,No,High School,Far,Female,34
24,72,Medium,High,No,7,69,Low,Yes,2,Low,High,Public,Positive,2,No,College,Near,Male,64
30,87,Low,Medium,Yes,7,65,Medium,Yes,3,Medium,High,Private,Positive,4,No,College,Moderate,Male,77
27,70,High,Medium,Yes,7,63,Medium,Yes,3,Low,High,Public,Positive,2,No,Postgraduate,Moderate,Female,66
8,89,Low,High,No,9,95,Medium,Yes,2,High,Medium,Private,Positive,3,No,Postgraduate,Near,Female,63
11,84,Medium,Low,Yes,8,68,Medium,Yes,2,Low,Medium,Public,Positive,4,No,High School,Near,Female,47
15,70,Medium,High,Yes,8,100,Low,Yes,1,Medium,Medium,Public,Neutral,3,Yes,College,Moderate,Male,53
10,79,Low,Medium,Yes,8,74,Medium,Yes,3,High,Medium,Public,Neutral,4,No,High School,Moderate,Male,47
20,74,Medium,High,No,8,61,Medium,Yes,0,Low,High,Public,Neutral,4,Yes,College,Near,Male,46
22,84,High,High,Yes,7,51,High,Yes,2,Medium,Medium,Private,Neutral,2,Yes,High School,Moderate,Female,54
11,100,Medium,Medium,No,7,88,Medium,Yes,1,Medium,Medium,Public,Negative,3,No,High School,Moderate,Female,62
25,76,High,Low,No,8,69,Medium,Yes,1,Low,Medium,Private,Negative,5,No,Postgraduate,Near,Female,62
24,86,High,High,Yes,6,83,Medium,Yes,1,Medium,Medium,Public,Neutral,2,No,Postgraduate,Moderate,Male,76
17,80,Medium,High,Yes,7,100,Low,Yes,2,Medium,High,Public,Neutral,2,No,Postgraduate,Near,Female,72
19,80,Medium,Medium,No,5,81,Low,Yes,1,Medium,Medium,Public,Positive,4,No,Postgraduate,Near,Female,62
8,78,High,High,No,8,76,High,Yes,1,Low,Low,Private,Positive,2,No,High School,Near,Male,47
18,71,Medium,Medium,Yes,9,88,Low,Yes,2,Low,Low,Public,Positive,5,No,High School,Near,Male,56
20,84,Medium,Medium,Yes,6,82,Medium,Yes,1,Low,High,Public,Neutral,3,No,High School,Near,Male,63
21,77,High,High,Yes,7,56,Medium,Yes,0,Medium,Medium,Public,Positive,2,No,College,Near,Male,57
22,70,High,Medium,No,6,89,High,Yes,0,Medium,High,Public,Positive,2,Yes,Postgraduate,Far,Male,62
21,91,Medium,High,Yes,9,71,Medium,Yes,0,Low,Low,Public,Positive,5,No,Postgraduate,Moderate,Male,65
18,81,Low,High,Yes,9,92,High,Yes,2,Low,Low,Public,Neutral,1,No,College,Moderate,Male,65
22,77,Medium,Medium,No,6,79,Medium,Yes,4,High,High,Private,Positive,3,No,Postgraduate,Near,Female,73
26,95,Medium,Low,Yes,4,87,Low,Yes,0,Medium,Medium,Public,Neutral,3,No,Postgraduate,Moderate,Male,74
19,60,Medium,High,Yes,9,69,Medium,Yes,2,Medium,Medium,Public,Positive,0,No,College,Moderate,Female,48
22,94,Medium,Medium,Yes,7,52,Low,No,1,Low,Medium,Private,Positive,2,No,Postgraduate,Near,Female,56
19,70,Medium,Medium,Yes,7,79,Medium,Yes,1,Low,Medium,Private,Positive,3,No,Postgraduate,,Female,58
16,82,Medium,Medium,No,8,85,Low,Yes,2,Low,Medium,Public,Negative,2,No,High School,Near,Male,55
23,74,Medium,Low,Yes,6,65,High,Yes,2,Medium,Medium,Public,Neutral,4,Yes,High School,Moderate,Female,49
17,70,Medium,Low,Yes,6,69,Low,Yes,2,Medium,Medium,Public,Positive,4,No,High School,Moderate,Female,46
22,94,High,Medium,Yes,7,43,Low,Yes,0,High,Medium,Public,Positive,3,No,Postgraduate,Far,Male,56
20,100,Low,High,No,8,70,Medium,Yes,2,Low,Medium,Public,Positive,2,No,High School,Moderate,Male,68
18,78,High,Medium,No,8,56,Medium,Yes,3,Medium,Low,Private,Positive,2,No,High School,Moderate,Male,50
18,84,Medium,Low,Yes,9,79,Low,No,1,Medium,Medium,Private,Positive,4,Yes,College,Moderate,Female,48
17,81,High,Medium,Yes,8,76,High,Yes,1,Low,Low,Private,Positive,6,No,High School,Near,Male,62
10,99,High,High,No,7,72,Low,No,1,Low,High,Private,Positive,4,Yes,Postgraduate,Far,Male,51
22,60,Low,Low,No,8,89,Medium,Yes,1,Medium,Medium,Public,Neutral,4,No,High School,Near,Male,55
21,84,High,Medium,No,6,75,Medium,Yes,1,Low,Low,Public,Neutral,2,No,Postgraduate,Near,Female,63
25,72,Medium,Medium,No,9,75,Low,Yes,2,High,High,Public,Positive,3,No,College,Moderate,Female,64
17,60,Medium,Medium,No,7,76,Low,Yes,1,Low,Medium,Private,Negative,1,No,College,Moderate,Female,40
31,76,High,Medium,Yes,7,64,Medium,Yes,1,High,Low,Public,Neutral,4,No,College,Far,Male,68
18,100,High,High,Yes,6,85,High,Yes,3,Medium,Low,Public,Positive,3,No,High School,Near,Female,82
15,73,Medium,Low,No,8,60,Medium,Yes,1,High,Medium,Public,Positive,2,No,High School,Near,Male,40
14,89,High,Low,Yes,7,77,Medium,Yes,1,Medium,Low,Public,Neutral,2,No,College,Moderate,Male,53
10,93,Medium,Low,Yes,7,88,Low,Yes,0,Medium,Medium,Public,Neutral,3,No,College,Far,Female,53
29,80,Low,Medium,Yes,5,59,Medium,Yes,2,Low,High,Public,Neutral,3,No,High School,Moderate,Male,62
28,81,Low,High,Yes,6,55,Medium,No,0,Low,Medium,Public,Positive,3,No,College,Near,Male,59
24,61,Medium,Medium,No,6,58,Medium,No,3,Medium,High,Public,Neutral,3,Yes,College,Near,Female,43
15,72,Medium,High,Yes,8,96,Medium,Yes,4,Low,Medium,Public,Neutral,2,No,Postgraduate,Moderate,Male,64
31,90,Medium,Medium,No,7,64,High,Yes,3,Medium,Medium,Public,Neutral,2,No,High School,Near,Female,79
18,81,Medium,Low,Yes,4,56,High,Yes,0,Low,High,Public,Positive,2,No,College,Moderate,Female,47
18,84,Low,Low,Yes,6,77,Medium,No,0,Medium,Medium,Public,Positive,1,No,College,Near,Female,52
29,81,Medium,Medium,Yes,5,40,High,Yes,4,Medium,High,Public,Negative,3,No,High School,Moderate,Male,61
24,100,Medium,Medium,No,6,60,Medium,Yes,0,Medium,Medium,Public,Neutral,1,No,High School,Far,Male,63
33,75,Low,Medium,No,8,90,Low,Yes,3,Low,Low,Private,Positive,3,No,Postgraduate,Near,Female,80
21,98,Medium,Medium,No,5,60,Medium,Yes,1,Medium,High,Public,Neutral,1,No,High School,Near,Male,62
18,81,High,Medium,No,7,69,Medium,Yes,0,High,Medium,Public,Neutral,4,No,High School,Near,Female,57
16,99,Medium,Medium,No,6,76,High,Yes,0,Low,High,Public,Negative,3,No,College,Near,Female,64
9,67,High,Medium,No,6,76,High,Yes,3,Low,Low,Public,Neutral,1,No,High School,Near,Male,42
18,82,High,Medium,Yes,6,65,Medium,Yes,1,Medium,Medium,Public,Neutral,4,No,College,Moderate,Male,56
27,76,Low,High,No,7,79,Medium,Yes,0,Medium,Medium,Public,Negative,3,No,Postgraduate,Near,Male,69
24,82,Medium,Medium,Yes,8,91,Medium,Yes,0,Medium,Medium,Public,Neutral,4,No,College,Near,Female,72
20,93,Low,High,Yes,5,58,Medium,No,2,Medium,Medium,Public,Positive,3,No,College,Near,Male,60
14,84,Medium,Medium,No,9,66,Medium,Yes,2,Medium,Low,Public,Positive,1,No,High School,Moderate,Male,48
21,93,Medium,Medium,Yes,5,71,Medium,Yes,2,High,Medium,Public,Neutral,2,No,College,Near,Male,67
26,73,Medium,High,Yes,8,81,Low,Yes,3,Low,Medium,Public,Neutral,3,No,College,Near,Male,69
23,71,High,High,Yes,5,72,Medium,Yes,1,Low,Medium,Public,Negative,2,No,College,Moderate,Female,57
21,80,Medium,High,Yes,6,70,Low,Yes,2,High,Medium,Public,Positive,4,No,High School,Near,Male,64
15,80,High,Low,Yes,5,52,Medium,No,0,High,Low,Public,Negative,4,No,College,Far,Male,34
25,78,Medium,Low,Yes,6,57,Low,Yes,0,Medium,Medium,Private,Positive,4,No,High School,Near,Female,53
1,69,Low,High,Yes,7,75,High,Yes,1,Medium,Medium,Public,Neutral,2,No,High School,Near,Male,31
22,93,Low,High,Yes,5,65,High,Yes,5,Medium,,Private,Negative,3,No,Postgraduate,,Male,71
35,76,Medium,Medium,Yes,7,68,Medium,Yes,1,Medium,Medium,Public,Neutral,3,No,High School,Far,Female,71
11,96,Medium,Low,No,8,71,Low,Yes,1,Medium,Medium,Public,Positive,2,No,Postgraduate,Near,Male,50
19,80,Low,Medium,No,10,100,Medium,Yes,3,Medium,Medium,Public,Positive,5,Yes,College,Near,Male,68
20,87,Medium,Low,Yes,8,66,Low,Yes,3,Medium,Medium,Public,Neutral,3,No,High School,Moderate,Male,57
17,86,Medium,Low,Yes,9,90,Low,Yes,3,Medium,Low,Private,Positive,2,No,College,Moderate,Female,62
26,71,Medium,Medium,Yes,5,89,Medium,Yes,1,Low,Medium,Public,Negative,3,No,College,Near,Male,67
23,84,Medium,Low,No,4,82,Medium,Yes,0,Medium,High,Public,Positive,3,No,College,Near,Female,68
21,100,Low,Medium,No,7,61,High,Yes,2,Medium,Medium,Private,Neutral,5,No,High School,Near,Male,68
25,83,Low,Medium,Yes,10,74,High,Yes,0,High,Medium,Public,Neutral,4,No,High School,Near,Female,64
20,90,Medium,Medium,Yes,10,67,High,Yes,3,Medium,High,Private,Positive,2,No,College,Near,Female,67
39,88,Medium,Medium,No,6,98,Low,No,1,Medium,High,Public,Neutral,4,No,College,Moderate,Female,96
21,83,High,High,Yes,6,77,Medium,Yes,0,Low,Medium,Private,Negative,3,No,High School,Near,Female,62
21,82,Low,Medium,Yes,8,69,Low,Yes,1,Medium,High,Private,Neutral,1,No,High School,Moderate,Female,53
10,86,Medium,High,Yes,7,95,Medium,Yes,4,Low,Medium,Public,Positive,1,Yes,College,Near,Female,59
17,88,Medium,Medium,Yes,7,67,Medium,Yes,1,Medium,Medium,Public,Positive,2,No,High School,,Male,58
27,65,Medium,Medium,No,8,79,Medium,No,1,Low,Medium,Public,Neutral,2,No,College,Near,Male,59
12,83,Medium,High,No,10,81,Low,Yes,6,Medium,Medium,Private,Neutral,2,No,High School,Near,Female,58
7,78,Low,Low,No,9,77,Low,Yes,6,Medium,Medium,Public,Neutral,4,No,Postgraduate,Far,Female,43
20,76,High,Low,No,10,71,Medium,Yes,0,High,Medium,Public,Negative,4,No,Postgraduate,Near,Female,54
28,94,High,High,No,4,83,Low,Yes,1,Low,Medium,Public,Neutral,1,No,High School,Moderate,Male,78
20,72,Medium,Medium,Yes,9,64,Low,Yes,0,Low,High,Public,Neutral,3,No,High School,Near,Female,45
18,65,Medium,Low,Yes,6,86,High,Yes,0,Medium,High,Public,Positive,4,No,College,Moderate,Male,56
9,89,Low,High,No,9,68,Low,Yes,1,Low,Medium,Public,Negative,4,No,High School,Near,Male,40
23,64,Low,Low,Yes,9,89,Low,Yes,5,Low,Low,Private,Neutral,3,Yes,High School,Near,Male,50
24,60,Low,Medium,Yes,8,86,High,Yes,4,Medium,Low,Private,Neutral,2,No,College,Moderate,Male,64
9,90,Medium,High,Yes,6,79,High,Yes,1,Medium,Medium,Public,Negative,5,No,College,Moderate,Male,55
27,82,Low,High,Yes,6,71,Medium,No,1,Medium,High,Public,Neutral,5,No,Postgraduate,Moderate,Female,68
25,85,Low,Medium,No,6,86,High,Yes,1,Low,Low,Public,Neutral,5,No,Postgraduate,Far,Male,73
27,75,Low,Low,No,8,79,Low,Yes,3,Low,High,Public,Negative,3,No,High School,Moderate,Female,61
24,65,Low,High,Yes,8,40,Medium,Yes,0,Medium,Medium,Private,Neutral,3,No,Postgraduate,Near,Female,41
24,67,Medium,High,No,9,61,High,No,0,High,Medium,Private,Neutral,2,No,High School,Moderate,Female,49
23,77,Medium,Low,Yes,9,74,Medium,Yes,5,Low,Medium,Public,Positive,3,No,College,Moderate,Male,66
25,66,Medium,Medium,No,6,76,Low,Yes,3,Medium,High,Private,Neutral,2,No,High School,Far,Male,58
9,83,Medium,Medium,Yes,8,81,Medium,Yes,1,High,Medium,Public,Negative,3,No,College,Far,Female,47
11,75,Medium,Low,Yes,8,92,Medium,No,2,Low,High,Private,Positive,0,No,College,Near,Female,51
16,82,High,High,Yes,7,80,High,No,1,Medium,Low,Public,Neutral,3,No,High School,Moderate,Male,60
19,82,Medium,High,No,8,45,Medium,Yes,2,Low,High,Public,Neutral,5,No,College,Near,Male,51
22,84,Low,Medium,Yes,8,75,Medium,Yes,2,Medium,Medium,Private,Positive,3,No,College,Near,Male,67
22,85,High,High,Yes,6,88,Medium,Yes,0,Low,Medium,Private,Neutral,0,No,College,Moderate,Male,70
27,76,Medium,High,Yes,7,73,Low,No,4,Medium,Medium,Private,Positive,4,No,Postgraduate,Near,Female,71
27,82,Medium,Medium,Yes,7,75,Low,Yes,1,High,High,Private,Neutral,5,No,Postgraduate,Near,Female,73
15,83,Medium,High,Yes,6,66,Low,Yes,1,Low,High,Private,Positive,1,No,High School,Moderate,Female,49
21,60,Low,Medium,Yes,7,84,Medium,Yes,1,Medium,High,Public,Neutral,3,No,College,Near,Male,55
15,87,Low,High,Yes,5,67,Medium,Yes,1,Medium,Low,Private,Positive,3,No,Postgraduate,,Male,53
19,82,High,Low,Yes,8,80,Medium,Yes,0,Medium,Medium,Public,Positive,4,No,College,Near,Female,61
22,86,Medium,Medium,Yes,9,78,Low,Yes,1,Low,Medium,Public,Neutral,4,Yes,College,Moderate,Male,56
1,66,Low,Medium,Yes,7,73,Medium,Yes,2,Low,Medium,Private,Neutral,3,No,College,Near,Male,26
34,77,Low,Low,No,8,78,Medium,Yes,4,High,High,Public,Positive,3,No,High School,Moderate,Male,82
23,68,Medium,Medium,No,7,75,Medium,No,3,Low,Medium,Public,Positive,5,No,High School,Near,Male,59
16,88,Medium,Medium,Yes,6,89,High,Yes,0,Medium,High,Public,Positive,6,No,College,Near,Male,71
32,65,Medium,Medium,Yes,10,81,High,Yes,1,Medium,Low,Public,Neutral,4,No,High School,Moderate,Female,70
18,70,Medium,Medium,No,4,86,Low,Yes,2,Low,Medium,Public,Positive,3,No,High School,Near,Male,54
21,86,High,Low,Yes,7,62,High,Yes,0,Medium,High,Public,Negative,2,No,College,Near,Male,59
17,73,Medium,Low,No,6,61,High,Yes,0,Low,Medium,Public,Positive,3,No,High School,Near,Male,43
30,70,High,Low,No,9,73,Medium,No,0,Low,Medium,Private,Neutral,3,No,High School,Near,Male,59
19,90,High,High,Yes,7,82,High,Yes,2,High,,Private,Negative,3,No,Postgraduate,Near,Female,75
21,90,High,High,Yes,10,79,Medium,Yes,4,Medium,Medium,Public,Neutral,0,No,Postgraduate,Near,Male,77
27,88,High,Medium,Yes,7,62,High,Yes,3,Low,Low,Public,Neutral,2,No,High School,Far,Male,69
24,89,Medium,Medium,Yes,6,82,Medium,Yes,3,Medium,Medium,Public,Neutral,3,Yes,College,Near,Female,69
20,77,Low,Medium,Yes,5,64,High,Yes,1,Medium,Low,Public,Positive,3,No,College,Near,Female,53
27,78,Low,Low,Yes,9,81,Low,Yes,5,Low,Medium,Public,Neutral,3,No,High School,Moderate,Female,67
35,73,Medium,Low,Yes,6,76,Medium,Yes,2,Low,Medium,Public,Positive,5,No,High School,Near,Male,77
22,82,Medium,Medium,No,6,69,Low,Yes,3,Medium,Medium,Public,Positive,4,No,College,Moderate,Male,63
21,74,Low,Low,No,9,65,High,No,2,Low,Low,Public,Positive,4,No,High School,Moderate,Female,48
21,75,High,High,No,8,74,Low,Yes,4,Low,Medium,Public,Negative,4,No,High School,Moderate,Male,60
28,87,High,Low,No,6,73,Medium,Yes,0,Medium,Medium,Public,Positive,5,No,College,Moderate,Male,72
16,93,Medium,Medium,No,6,58,High,Yes,4,Medium,Medium,Private,Neutral,6,No,Postgraduate,Moderate,Male,63
18,84,Medium,Medium,No,5,80,Medium,No,2,Medium,Low,Public,Negative,3,No,High School,Moderate,Female,55
11,100,Low,Medium,No,4,87,Medium,Yes,1,Medium,Low,Public,Neutral,3,No,High School,Near,Female,59
13,72,Medium,High,Yes,8,83,Medium,No,0,Medium,Medium,Public,Positive,3,No,Postgraduate,Moderate,Female,51
17,60,Low,Medium,No,8,76,Medium,No,1,Low,High,Private,Neutral,4,No,College,Far,Female,41
20,88,Medium,Low,No,8,66,High,Yes,2,Low,High,Private,Neutral,2,No,Postgraduate,Moderate,Male,61
31,72,Medium,Medium,No,7,74,High,Yes,1,Medium,Low,Private,Negative,3,No,College,Near,Female,71
23,77,Low,Low,No,6,70,Medium,No,2,Low,Medium,Private,Neutral,2,No,College,Near,Female,53
15,61,Medium,Low,Yes,9,74,Medium,Yes,1,Low,High,Private,Neutral,4,No,High School,Near,Male,40
16,70,Medium,Medium,Yes,5,84,Medium,Yes,0,Low,Medium,Public,Positive,6,No,High School,Near,Male,53
28,63,Medium,Low,Yes,6,71,High,Yes,0,Medium,High,Public,Negative,3,Yes,High School,Moderate,Female,49
27,75,High,Low,Yes,7,48,Medium,Yes,1,Medium,Low,Private,Neutral,4,No,Postgraduate,Near,Female,55
20,76,Low,Medium,Yes,7,82,Medium,No,3,Low,High,Public,Positive,5,No,College,Near,Female,65
17,81,High,Medium,Yes,7,77,Medium,Yes,1,Low,Medium,Private,Negative,2,No,High School,Moderate,Male,57
27,94,Low,High,No,6,74,Low,Yes,3,High,Medium,Public,Negative,4,No,College,Moderate,Female,76
14,87,Low,Low,No,8,57,High,Yes,2,Low,Medium,Public,Positive,4,No,Postgraduate,Moderate,Male,49
22,62,High,Medium,Yes,5,61,Low,Yes,2,Medium,High,Public,Negative,1,No,College,Far,Female,44
34,87,Medium,Medium,Yes,7,63,Low,Yes,1,Low,Medium,Public,Positive,3,No,High School,Moderate,Male,74
21,81,Medium,High,Yes,8,64,Medium,Yes,2,Medium,Medium,Private,Neutral,0,No,High School,Moderate,Male,56
15,79,Medium,Medium,No,7,66,Medium,Yes,3,High,Medium,Public,Neutral,1,No,High School,Near,Female,50
22,80,Medium,Medium,Yes,7,57,Medium,Yes,1,High,High,Private,Positive,2,No,College,Far,Male,56
17,82,High,Medium,Yes,7,100,Low,Yes,1,Medium,High,Public,Positive,1,No,Postgraduate,Near,Male,73
12,72,Low,Medium,Yes,5,92,Low,Yes,1,Medium,Low,Private,Neutral,5,No,College,Far,Male,46
24,78,High,Low,Yes,5,76,Low,Yes,4,Medium,Low,Private,Negative,2,No,College,Far,Female,60
27,93,High,Medium,No,7,72,Medium,Yes,1,High,High,Private,Positive,3,No,College,Near,Male,83
18,72,High,Low,No,6,96,High,Yes,1,Low,Medium,Public,Positive,3,No,High School,Near,Male,65
18,69,Medium,Medium,No,6,93,High,Yes,0,High,Medium,Public,Neutral,3,No,High School,Moderate,Female,59
14,79,Medium,Medium,No,8,62,Medium,Yes,0,Medium,Medium,Public,Neutral,2,No,High School,Near,Female,41
19,68,Medium,Low,Yes,6,75,Medium,Yes,1,Medium,Low,Public,Positive,2,No,College,Moderate,Male,50
17,61,Medium,Low,No,4,70,Medium,Yes,0,Medium,Medium,Private,Neutral,4,Yes,High School,Near,Female,30
14,76,High,Medium,No,9,68,High,No,1,High,Medium,Public,Positive,0,No,Postgraduate,Near,Male,49
31,96,Medium,High,No,9,70,Medium,Yes,1,Low,Medium,Public,Neutral,4,No,College,Moderate,Female,81
23,80,Medium,High,Yes,9,71,Low,Yes,4,High,Medium,Private,Positive,2,No,Postgraduate,Moderate,Male,68
23,82,High,Medium,No,5,75,Low,Yes,2,Low,High,Public,Positive,3,Yes,College,Near,Male,60
25,60,Low,Medium,No,7,75,Medium,No,3,High,Medium,Private,Neutral,4,No,College,Moderate,Male,57
25,85,High,High,Yes,5,91,Medium,Yes,2,Low,Medium,Private,Negative,5,No,High School,Moderate,Male,78
18,81,High,Medium,No,7,62,High,Yes,0,Medium,Low,Public,Neutral,2,No,High School,Near,Female,51
22,73,Low,Medium,Yes,7,85,Low,Yes,1,Low,Medium,Public,Positive,2,No,High School,Near,Male,60
18,82,Low,Low,No,5,58,High,No,1,Medium,Medium,Public,Positive,1,Yes,Postgraduate,Near,Female,39
23,82,Medium,Low,Yes,8,75,High,Yes,1,Low,Medium,Public,Neutral,3,No,High School,Near,Female,63
22,68,Low,Low,Yes,7,86,Medium,Yes,1,Low,Medium,Public,Positive,5,No,High School,Near,Female,58
18,84,High,High,No,9,79,Low,Yes,1,Medium,Low,Private,Positive,2,No,College,Near,Male,62
12,93,Low,High,Yes,7,68,Low,Yes,0,High,High,Public,Neutral,3,No,Postgraduate,Near,Female,54
21,77,Low,Low,No,4,76,Medium,Yes,0,Medium,High,Public,Neutral,4,No,College,Near,Male,55
19,70,Low,Medium,No,4,93,Low,Yes,0,High,Low,Public,Positive,3,Yes,High School,Near,Male,48
9,78,High,High,Yes,10,64,High,Yes,2,Low,Medium,Public,Neutral,4,No,High School,Far,Female,43
23,89,Medium,High,Yes,6,79,Medium,No,2,Medium,High,Public,Neutral,3,No,High School,Moderate,Male,70
26,67,High,Medium,No,7,85,High,Yes,3,Medium,Low,Private,Positive,4,No,Postgraduate,Moderate,Female,75
35,86,High,Low,Yes,7,67,Medium,Yes,3,High,Medium,Private,Neutral,2,No,High School,Moderate,Male,81
18,73,Medium,High,No,9,95,Low,Yes,0,Medium,High,Private,Positive,3,No,High School,Moderate,Male,62
17,83,Low,Low,No,4,99,Medium,Yes,2,High,Medium,Public,Positive,2,No,High School,Near,Female,65
13,74,Low,Low,No,9,86,Medium,Yes,0,High,Medium,Private,Neutral,2,No,Postgraduate,Moderate,Female,47
21,74,High,Low,Yes,9,86,Low,Yes,2,Low,Medium,Public,Positive,3,No,College,Moderate,Male,62
21,97,Low,Medium,Yes,7,50,Medium,Yes,0,Medium,High,Public,Neutral,3,Yes,High School,Moderate,Male,48
15,65,High,Low,Yes,8,55,Medium,Yes,0,High,Low,Public,Negative,4,Yes,College,Moderate,Male,27
19,85,High,Medium,Yes,6,71,Medium,Yes,3,Low,Medium,Public,Neutral,3,Yes,Postgraduate,Moderate,Male,58
8,99,Medium,High,Yes,5,63,Low,Yes,3,Medium,Medium,Public,Neutral,3,No,Postgraduate,Near,Female,51
26,88,Medium,Medium,No,8,80,Medium,Yes,2,Low,High,Public,Neutral,2,No,High School,Far,Male,72
15,65,High,High,No,7,40,High,Yes,2,Medium,Medium,Public,Neutral,3,No,High School,Far,Male,36
20,66,High,High,Yes,7,80,Medium,Yes,1,Medium,High,Public,Positive,4,No,College,Far,Female,64
11,72,Medium,High,No,8,70,Low,No,3,Low,Medium,Public,Neutral,2,No,High School,Near,Male,39
17,82,Medium,Medium,No,6,65,Medium,Yes,1,High,Medium,Private,Positive,6,No,College,Moderate,Male,57
18,82,Medium,High,No,9,97,Medium,Yes,0,Medium,Medium,Public,Neutral,1,No,College,Near,Female,68
20,66,Medium,Medium,No,7,68,High,Yes,3,Medium,Medium,Public,Positive,2,No,Postgraduate,Near,Male,57
23,70,High,Low,Yes,8,51,Medium,Yes,1,High,Medium,Public,Neutral,2,Yes,College,Near,Male,42
29,71,Medium,High,Yes,7,78,Low,Yes,1,Medium,High,Private,Positive,4,No,Postgraduate,Moderate,Male,73
24,78,High,Medium,Yes,8,77,Low,Yes,0,Low,Medium,Private,Negative,5,No,College,Far,Female,60
26,100,Low,High,Yes,7,70,Low,Yes,2,High,High,Public,Neutral,3,Yes,High School,Near,Female,71
29,70,High,Medium,Yes,7,100,Medium,No,1,Medium,High,Public,Positive,2,No,Postgraduate,Near,Male,81
23,69,Medium,Medium,No,9,75,Low,No,1,Low,Medium,Private,Positive,2,No,High School,Near,Male,51
20,68,Medium,High,Yes,5,85,High,Yes,0,High,Low,Public,Negative,4,No,High School,Far,Male,56
26,87,Low,Medium,No,7,76,Medium,No,2,Medium,Low,Public,Neutral,2,No,College,Moderate,Male,68
26,80,High,Medium,Yes,6,89,Medium,Yes,1,Low,High,Public,Neutral,3,No,College,Near,Female,76
24,70,Medium,High,Yes,8,68,Low,No,3,High,Medium,Public,Positive,3,No,College,Moderate,Female,59
11,76,Medium,Medium,No,7,58,Low,Yes,3,Low,Medium,Private,Positive,3,No,High School,Near,Male,40
15,71,Medium,Low,Yes,7,82,Medium,Yes,1,Medium,High,Public,Neutral,2,Yes,Postgraduate,Far,Female,46
18,83,Medium,Medium,Yes,6,76,Medium,No,0,Medium,Low,Public,Positive,1,No,High School,Near,Male,54
25,100,Medium,Low,Yes,7,82,Medium,No,3,Medium,Medium,Public,Positive,3,No,High School,Near,Female,80
20,86,Low,Medium,No,7,64,Medium,Yes,2,Low,Medium,Private,Negative,4,No,College,Moderate,Male,56
27,79,Medium,Low,No,7,78,High,Yes,0,Medium,Medium,Public,Positive,3,No,High School,Near,Female,70
28,73,Medium,Low,Yes,9,51,Medium,Yes,2,Medium,Medium,Public,Negative,4,Yes,High School,Moderate,Male,45
27,65,Medium,High,Yes,8,66,Low,Yes,4,Low,Medium,Private,Positive,3,No,Postgraduate,Near,Male,65
27,88,Medium,Low,No,7,63,Medium,No,3,Medium,Low,Private,Neutral,4,No,High School,Near,Female,65
14,87,Medium,High,Yes,4,78,High,Yes,0,Low,Medium,Public,Neutral,2,Yes,Postgraduate,Near,Male,53
23,75,Low,Medium,Yes,7,66,Low,No,0,High,Low,Private,Negative,3,No,High School,Near,Female,46
16,93,High,Low,No,8,54,Low,Yes,0,High,Medium,Public,Negative,5,No,College,Near,Male,47
10,80,Medium,High,No,7,65,High,Yes,1,Medium,Low,Private,Positive,2,No,High School,Near,Female,47
18,89,Medium,Low,No,7,80,Low,Yes,3,Low,Low,Public,Positive,3,No,High School,Far,Male,60
28,83,High,Medium,No,7,74,Medium,Yes,1,Medium,Medium,Public,Positive,3,No,High School,Far,Female,73
23,78,High,High,No,7,62,Low,Yes,2,Medium,Medium,Public,Neutral,2,No,College,Moderate,Male,60
32,69,Medium,High,No,9,83,Medium,Yes,2,Low,Medium,Public,Neutral,4,No,High School,Moderate,Male,75
21,78,Medium,Medium,Yes,8,92,Low,Yes,2,Low,Low,Public,Positive,2,No,Postgraduate,Near,Female,66
35,89,High,High,Yes,5,84,High,No,1,Medium,High,Public,Positive,4,No,High School,Near,Female,94
21,74,High,High,Yes,5,42,Low,Yes,1,Medium,Low,Public,Positive,4,No,High School,Far,Female,41
20,85,Low,Medium,No,8,75,Medium,Yes,1,Low,Low,Public,Negative,1,No,College,Far,Male,53
12,68,Medium,Medium,Yes,9,70,High,Yes,2,Low,Medium,Public,Neutral,4,No,High School,Moderate,Male,40
27,89,High,Medium,No,5,46,Medium,Yes,3,High,High,Public,Neutral,3,No,Postgraduate,Near,Female,69
17,83,High,Medium,Yes,7,55,Medium,Yes,2,High,Low,Public,Positive,2,No,Postgraduate,Moderate,Male,54
16,67,Low,Medium,No,10,82,Medium,Yes,2,Medium,Low,Public,Positive,2,No,High School,Moderate,Female,48
28,78,Medium,Low,Yes,7,74,Medium,Yes,1,Medium,Medium,Private,Positive,2,No,Postgraduate,Far,Male,68
27,90,Medium,Medium,Yes,10,73,High,No,2,Low,Medium,Public,Positive,3,No,College,Moderate,Male,72
27,66,Medium,Low,Yes,6,64,Medium,Yes,2,High,Medium,Public,Neutral,5,No,High School,Moderate,Female,55
18,68,Medium,Low,Yes,6,86,Medium,Yes,0,High,Low,Public,Neutral,3,No,High School,Far,Male,50
20,79,Medium,Medium,Yes,6,56,Medium,Yes,2,Low,High,Private,Positive,2,No,High School,Near,Female,53
20,100,Medium,Low,Yes,5,60,Medium,No,0,Medium,,Public,Neutral,3,No,Postgraduate,Near,Male,56
25,73,Medium,Medium,No,5,68,High,Yes,5,Low,Medium,Public,Positive,3,No,College,Far,Male,67
29,85,High,Medium,Yes,7,52,Low,Yes,0,Medium,High,Private,Positive,4,No,College,Moderate,Male,66
22,83,High,Low,No,7,61,Medium,No,3,Low,Low,Private,Positive,2,No,College,Near,Female,56
32,74,High,Low,No,6,86,Low,Yes,0,High,Medium,Public,Positive,0,No,College,Moderate,Female,73
25,82,High,Low,Yes,6,61,Medium,Yes,0,Medium,Medium,Public,Positive,3,No,High School,Far,Male,59
19,75,High,Medium,Yes,9,82,High,Yes,2,High,Medium,Public,Positive,3,No,High School,Moderate,Female,64
25,76,Medium,Low,No,8,80,Medium,Yes,2,Medium,Low,Public,Neutral,2,No,High School,Near,Female,64
30,62,Low,Medium,Yes,7,70,High,Yes,2,Medium,High,Public,Positive,3,No,Postgraduate,Near,Male,68
32,80,High,Medium,No,8,54,High,Yes,1,Medium,High,Public,Negative,4,No,High School,Moderate,Male,68
27,90,Medium,Medium,Yes,5,73,High,No,3,Low,Medium,Public,Positive,2,No,Postgraduate,Far,Male,75
20,81,Medium,Low,Yes,7,45,Medium,No,4,Medium,Medium,Public,Negative,3,No,Postgraduate,Near,Female,47
19,92,High,Medium,No,7,65,Low,Yes,1,Low,Medium,Public,Positive,2,No,High School,Near,Male,59
23,86,Medium,Medium,No,6,75,Medium,Yes,2,Medium,High,Public,Positive,1,No,Postgraduate,Near,Female,72
30,79,High,Medium,Yes,7,83,High,Yes,1,High,High,Private,Neutral,3,No,High School,Near,Female,83
23,73,Medium,High,No,7,70,Medium,Yes,0,Medium,Medium,Public,Neutral,3,No,Postgraduate,Near,Female,60
23,75,Low,Low,Yes,5,64,Medium,Yes,2,High,Medium,Public,Neutral,6,No,High School,Moderate,Male,53
20,64,High,Low,Yes,9,63,Medium,Yes,3,Low,Medium,Private,Neutral,4,No,College,Moderate,Female,47
18,77,High,High,No,8,66,Low,Yes,2,Low,Medium,Public,Negative,4,Yes,College,Near,Male,47
19,82,Medium,High,Yes,6,80,Medium,Yes,1,Medium,Low,Public,Neutral,2,No,College,Near,Male,62
21,99,Medium,Medium,Yes,5,77,Medium,Yes,0,Low,Medium,Public,Neutral,4,No,High School,Moderate,Female,66
30,86,Low,Medium,No,4,72,High,Yes,2,Medium,Medium,Public,Neutral,4,No,High School,Far,Male,73
19,70,Low,Low,Yes,10,80,Medium,Yes,1,Medium,Medium,Private,Negative,0,No,College,Near,Male,48
20,64,Low,High,No,7,72,Low,Yes,0,Low,Medium,Public,Positive,4,No,College,Near,Male,49
15,78,Low,Medium,No,8,55,Medium,Yes,1,Medium,High,Public,Positive,3,No,High School,Near,Male,43
24,89,Medium,Medium,Yes,6,58,Medium,No,0,High,Medium,Private,Positive,2,Yes,Postgraduate,Far,Male,52
28,78,Medium,Medium,Yes,7,80,Medium,No,2,Low,Low,Public,Negative,3,No,High School,Near,Female,67
30,86,Low,Medium,Yes,7,54,High,Yes,1,Medium,Medium,Public,Negative,2,No,High School,Near,Male,64
21,78,Medium,Medium,Yes,7,67,Medium,Yes,0,High,,Public,Neutral,3,No,Postgraduate,Near,Male,57
23,88,Medium,Low,Yes,7,71,Medium,Yes,2,Medium,Low,Private,Negative,3,No,College,Far,Male,61
19,62,Medium,Medium,No,6,59,Medium,Yes,0,Medium,High,Private,Positive,5,No,College,Moderate,Male,45
23,98,High,Low,Yes,6,50,Medium,No,2,Low,Low,Private,Positive,5,No,College,Near,Female,59
22,68,High,High,Yes,7,57,Medium,Yes,1,Low,Medium,Private,Neutral,3,No,High School,Moderate,Male,49
20,89,High,Low,Yes,5,48,Low,Yes,3,Medium,High,Public,Positive,4,No,Postgraduate,Near,Male,56
21,77,Low,High,Yes,6,80,Low,Yes,1,Medium,Medium,Public,Neutral,5,No,College,Near,Female,61
23,79,Medium,Medium,Yes,7,77,Low,Yes,0,Medium,Medium,Public,Positive,3,No,College,Near,Male,63
18,77,Low,Medium,Yes,8,62,High,Yes,1,Low,Medium,Private,Neutral,3,No,,Far,Male,46
19,83,Medium,Medium,No,9,54,High,Yes,2,Low,Low,Private,Neutral,4,No,College,Near,Female,52
30,85,High,Medium,No,6,87,High,No,0,Medium,High,Public,Positive,3,No,College,Near,Female,84
36,92,Medium,Medium,Yes,7,78,Low,Yes,2,Low,High,Private,Positive,3,No,High School,Near,Female,89
13,95,High,Medium,No,4,64,High,No,3,Medium,High,Public,Negative,3,No,College,Near,Female,56
12,84,Medium,Low,No,7,87,High,Yes,1,Low,High,Public,Neutral,2,No,High School,Near,Male,57
14,99,Medium,Medium,Yes,6,74,Low,Yes,1,Low,Medium,Public,Neutral,2,No,High School,Near,Female,56
19,81,Low,High,No,7,76,Medium,Yes,1,Medium,Low,Private,Neutral,4,No,College,Moderate,Male,59
25,92,High,Low,No,8,58,High,Yes,1,Medium,High,Private,Neutral,3,Yes,College,Moderate,Male,60
24,85,Medium,High,Yes,8,52,Medium,Yes,1,Medium,Medium,Public,Negative,4,No,Postgraduate,Moderate,Male,59
21,74,Low,High,No,5,52,High,No,2,Low,Medium,Private,Positive,2,No,Postgraduate,Near,Male,50
23,82,Low,Medium,No,8,99,Medium,Yes,1,Medium,Medium,Public,Positive,4,No,College,Near,Male,77
16,86,High,Low,No,7,61,Medium,Yes,2,Medium,High,Private,Neutral,4,No,College,Far,Female,53
19,80,Low,Medium,Yes,9,73,Low,No,1,Low,High,Public,Neutral,2,No,College,Far,Male,48
20,85,High,High,Yes,9,78,Low,No,1,Low,Medium,Public,Positive,2,No,High School,Near,Female,60
10,90,Medium,Medium,No,9,72,Medium,Yes,2,Medium,Low,Public,Neutral,5,No,High School,Moderate,Female,48
13,80,Medium,Low,Yes,5,70,Medium,Yes,2,Medium,Medium,Public,Positive,3,No,High School,Moderate,Female,46
13,60,Medium,Medium,No,8,70,Medium,No,3,High,High,Public,Neutral,4,Yes,High School,Near,Male,34
25,98,High,Medium,Yes,5,78,High,Yes,2,Medium,Medium,Private,Neutral,2,No,High School,Near,Male,80
21,77,Medium,Low,No,9,58,Low,Yes,0,Low,Medium,Public,Negative,5,No,College,Far,Male,42
24,71,Low,Low,Yes,9,66,Medium,Yes,2,Medium,Low,Public,Negative,3,No,College,Near,Male,49
9,68,Low,Medium,Yes,8,42,High,No,0,Low,Medium,Private,Neutral,3,No,Postgraduate,Moderate,Male,20
11,76,High,Medium,Yes,6,48,High,Yes,2,Medium,Medium,Public,Positive,4,No,High School,Near,Male,39
24,74,Medium,Low,No,8,55,High,Yes,1,High,Medium,Public,Negative,6,No,High School,Moderate,Male,52
3,72,Medium,High,Yes,6,83,Medium,Yes,0,Low,Medium,Public,Negative,2,Yes,Postgraduate,Near,Male,30
27,72,Low,Low,No,7,68,Low,Yes,4,Low,Medium,Public,Neutral,3,No,High School,Near,Male,60
9,86,Medium,Low,Yes,7,81,High,Yes,3,Low,Low,Public,Neutral,5,No,College,Near,Male,55
25,100,High,Low,Yes,4,77,High,Yes,4,Low,Medium,Public,Neutral,3,No,High School,Moderate,Female,80
15,89,Low,Low,Yes,6,75,Medium,Yes,1,Low,High,Private,Negative,3,No,High School,Near,Male,50
26,92,High,Medium,Yes,10,60,Medium,Yes,0,Low,Medium,Private,Positive,6,No,High School,Near,Male,67
39,76,High,Low,Yes,7,73,Medium,Yes,1,Medium,High,Private,Positive,5,No,Postgraduate,Near,Female,89
6,81,Medium,High,Yes,7,75,Medium,Yes,1,High,High,Public,Positive,6,No,College,Moderate,Male,50
24,85,High,High,No,7,100,High,Yes,0,Low,Medium,Private,Positive,2,No,College,Near,Male,84
9,73,Medium,Medium,No,6,68,Low,Yes,2,Low,Medium,Public,Neutral,4,Yes,College,Moderate,Female,30
23,75,Medium,High,Yes,7,82,Low,Yes,2,Low,Medium,Private,Neutral,3,No,High School,Near,Female,64
19,89,Low,Medium,Yes,6,70,Medium,Yes,1,Medium,High,Public,Neutral,3,No,High School,Near,Male,61
21,92,High,High,Yes,4,63,High,Yes,0,High,Medium,Public,Negative,3,No,College,,Female,63
15,81,Medium,Low,Yes,8,83,High,Yes,2,Medium,Low,Public,Neutral,4,No,College,Near,Male,59
25,67,High,Medium,Yes,9,97,Low,Yes,3,High,Medium,Public,Positive,3,No,College,Near,Female,75
11,77,Medium,Low,No,5,75,Medium,Yes,1,High,Medium,Private,Positive,2,No,College,Far,Female,44
27,64,Medium,Low,No,6,63,Medium,Yes,0,Low,High,Public,Neutral,2,No,College,Near,Female,52
18,81,High,High,Yes,9,78,Low,Yes,3,Low,High,Private,Positive,2,No,Postgraduate,Moderate,Female,66
12,83,Medium,Low,No,6,76,High,Yes,2,High,High,Private,Positive,3,No,Postgraduate,Moderate,Female,57
30,77,Low,Medium,No,8,100,Medium,Yes,2,High,Medium,Private,Positive,4,No,High School,Near,Male,84
20,83,High,Low,Yes,10,82,High,No,0,Medium,Low,Public,Negative,4,No,Postgraduate,Far,Male,58
31,85,Low,High,No,8,60,Medium,Yes,1,Medium,High,Public,Positive,4,No,High School,Near,Female,73
27,83,High,Medium,Yes,7,89,High,Yes,2,Low,Medium,Public,Neutral,3,No,College,Moderate,Male,83
15,67,High,Low,Yes,8,82,Low,Yes,1,Low,Medium,Private,Negative,4,No,College,Moderate,Male,45
19,77,Low,Medium,Yes,8,84,Medium,Yes,0,Medium,High,Public,Positive,1,Yes,High School,Near,Male,51
21,85,Medium,Low,Yes,6,78,Medium,Yes,1,Medium,Medium,Public,Positive,4,No,Postgraduate,Moderate,Male,65
29,97,High,Low,Yes,5,85,Low,Yes,2,Low,Low,Private,Neutral,4,No,High School,Near,Male,80
23,77,High,Medium,Yes,8,78,Medium,No,1,Medium,Medium,Public,Negative,2,No,High School,Far,Male,58
21,86,Medium,High,Yes,8,69,Medium,Yes,0,Medium,High,Public,Neutral,1,No,College,Near,Female,62
19,90,Medium,High,No,7,74,Medium,Yes,2,High,Medium,Public,Positive,3,Yes,College,Near,Female,65
20,78,Medium,Low,No,9,70,High,Yes,2,Medium,High,Private,Positive,4,Yes,High School,Near,Female,53
28,93,Low,Medium,Yes,9,76,Medium,Yes,2,High,Low,Public,Positive,1,Yes,College,Moderate,Male,68
20,93,Medium,High,Yes,8,73,Medium,Yes,2,Low,Low,Public,Negative,2,No,High School,Far,Female,62
18,95,Medium,Low,No,7,68,Low,Yes,2,High,Medium,Private,Positive,3,No,High School,Near,Male,60
17,85,Medium,Medium,No,4,70,High,Yes,2,Medium,Medium,Private,Positive,4,No,High School,Near,Male,60
17,100,Medium,Medium,No,7,72,Low,Yes,0,Medium,Medium,Public,Positive,4,No,High School,Moderate,Male,62
12,73,High,High,No,4,49,Low,Yes,1,Low,Medium,Public,Neutral,4,No,High School,Near,Male,33
15,100,Low,Medium,No,4,85,Low,Yes,1,Low,Medium,Public,Neutral,3,No,College,Near,Female,62
29,88,Medium,High,Yes,8,77,Medium,Yes,2,Low,Low,Public,Positive,5,No,College,Near,Male,80
19,95,Low,Medium,Yes,9,64,Medium,Yes,1,Low,Medium,Public,Negative,4,No,College,Near,Male,56
24,76,Low,Medium,Yes,4,80,Medium,Yes,2,Medium,Low,Public,Positive,2,No,High School,Near,Male,61
5,89,High,Low,Yes,7,65,High,Yes,0,Medium,Medium,Public,Positive,3,No,College,Near,Female,43
23,96,Medium,Medium,No,7,65,Medium,Yes,0,Low,Medium,Public,Neutral,3,No,College,Near,Male,66
19,68,Low,Medium,Yes,7,77,Low,Yes,2,Low,Low,Private,Positive,3,Yes,High School,Near,Male,45
17,78,High,Low,Yes,5,91,Medium,No,0,Low,High,Public,Positive,1,No,College,Moderate,Male,57
21,60,Low,Medium,Yes,9,76,Low,No,3,High,High,Public,Positive,2,No,High School,Moderate,Female,49
17,78,Medium,Low,No,5,62,Low,Yes,3,Low,Low,Public,Positive,4,No,High School,Near,Male,45
7,71,High,High,Yes,4,67,High,Yes,2,Medium,High,Private,Positive,2,No,College,Near,Female,43
26,78,High,High,Yes,5,83,Low,Yes,0,Low,Medium,Public,Positive,3,Yes,High School,Near,Female,61
21,100,Low,Medium,No,8,77,Medium,No,1,Medium,Low,Private,Neutral,2,No,College,Near,Male,67
18,99,Medium,Medium,Yes,7,84,Medium,Yes,2,Low,Medium,Public,Positive,0,No,College,Moderate,Male,72
14,64,Medium,Low,No,6,77,High,Yes,2,High,Medium,Public,Neutral,3,No,High School,Moderate,Male,45
11,86,Medium,Medium,Yes,8,82,Medium,Yes,1,Medium,Medium,Public,Negative,3,Yes,College,Far,Female,45
21,89,Medium,Low,Yes,7,98,Medium,Yes,3,Low,High,Public,Positive,2,No,College,Moderate,Female,79
30,76,High,Medium,No,4,54,Medium,Yes,2,Low,Low,Private,Positive,2,Yes,High School,Near,Male,55
21,82,Medium,High,Yes,8,100,High,Yes,4,High,High,Public,Neutral,4,Yes,College,Moderate,Male,79
12,83,Medium,Low,Yes,9,84,Medium,Yes,0,Low,Medium,Public,Neutral,3,No,High School,Near,Male,48
21,65,High,Low,Yes,7,100,Medium,Yes,1,Medium,High,Public,Negative,4,No,College,Far,Male,64
20,69,High,Low,Yes,7,59,Medium,Yes,2,High,Medium,Public,Negative,5,Yes,College,Far,Male,40
25,82,High,Medium,No,10,77,Low,Yes,2,High,Low,Private,Neutral,4,No,High School,Near,Male,66
24,81,Medium,Low,Yes,6,74,Low,Yes,0,High,Medium,Public,Negative,4,No,High School,Moderate,Female,57
2,72,Low,Medium,Yes,7,83,High,Yes,1,Low,Medium,Public,Negative,2,No,College,Moderate,Female,34
23,71,Medium,Low,No,7,78,Medium,No,0,Medium,Medium,Public,Neutral,3,No,Postgraduate,Moderate,Male,55
14,79,Low,Low,No,7,77,Medium,Yes,3,Medium,High,Private,Positive,2,No,College,Near,Female,54
11,90,Medium,Medium,Yes,7,82,Medium,Yes,4,Medium,Medium,Public,Positive,2,No,College,Moderate,Male,61
19,79,Medium,High,Yes,7,71,Low,Yes,0,Medium,High,Public,Neutral,3,No,Postgraduate,Moderate,Male,57
22,98,Medium,Low,Yes,9,65,Low,No,2,Medium,Medium,Public,Positive,3,No,College,Near,Female,62
10,72,Low,Low,Yes,8,78,Medium,Yes,1,Low,Medium,Public,Negative,2,No,High School,Moderate,Female,35
24,82,High,Low,Yes,7,65,Medium,Yes,0,Medium,Medium,Public,Neutral,3,Yes,College,Moderate,Male,54
25,76,Medium,High,No,6,70,Medium,Yes,0,Medium,Medium,Public,Neutral,2,No,High School,Near,Female,62
20,86,Medium,Medium,No,6,53,Medium,Yes,1,High,Medium,Public,Positive,3,No,High School,Far,Female,54
15,71,Medium,Medium,No,8,73,Medium,No,1,Medium,Low,Private,Positive,3,No,College,Near,Female,46
14,100,Low,Medium,No,5,60,Medium,Yes,0,High,Low,Public,Positive,2,No,College,Moderate,Female,50
26,61,Medium,High,No,10,72,Medium,Yes,3,High,Medium,Public,Neutral,2,No,Postgraduate,Moderate,Female,62
11,99,Low,Low,Yes,7,58,Medium,Yes,3,Low,Medium,Public,Positive,4,No,College,Far,Male,49
26,81,Medium,Low,No,5,72,Low,Yes,0,Low,Medium,Private,Negative,5,No,College,Near,Female,57
19,86,Low,Medium,Yes,7,84,Low,Yes,1,High,Medium,Public,Negative,3,No,College,Near,Female,62
19,95,Low,Medium,Yes,6,64,High,Yes,1,Medium,Medium,Public,Positive,3,No,Postgraduate,Moderate,Male,63
10,89,Low,Low,No,6,60,Medium,Yes,1,Low,Low,Private,Negative,3,No,College,Near,Male,35
19,72,Low,High,No,5,82,High,Yes,5,Medium,Medium,Private,Positive,2,No,High School,Near,Male,66
24,87,High,Medium,No,7,84,Medium,Yes,1,Medium,Medium,Private,Neutral,4,No,College,Moderate,Male,77
12,100,High,High,Yes,4,78,Medium,Yes,1,Low,Medium,Public,Negative,4,No,College,Near,Female,62
23,70,Low,High,Yes,6,66,High,Yes,1,High,High,Public,Positive,2,No,Postgraduate,Moderate,Female,62
21,100,Low,Medium,Yes,6,64,Low,Yes,3,Low,,Public,Neutral,3,No,,Near,Female,63
16,84,High,High,Yes,6,68,Low,Yes,2,Medium,Medium,Public,Neutral,3,No,High School,Moderate,Male,54
25,75,Low,Medium,Yes,6,71,Medium,Yes,1,High,Medium,Public,Negative,4,No,College,Moderate,Male,58
7,70,Medium,Medium,Yes,7,50,Medium,Yes,3,High,Medium,Public,Positive,4,No,College,Near,Female,32
22,78,Low,Medium,Yes,8,59,Medium,Yes,2,Low,Medium,Public,Positive,4,Yes,High School,Moderate,Male,48
30,60,Medium,High,Yes,8,88,Medium,Yes,1,Low,Medium,Public,Positive,4,No,Postgraduate,Moderate,Female,73
29,75,High,High,Yes,9,75,High,Yes,3,Low,Medium,Public,Neutral,3,No,Postgraduate,Near,Male,78
22,77,Low,Medium,No,6,88,High,Yes,2,Low,High,Private,Positive,3,No,Postgraduate,Moderate,Female,72
18,68,High,Low,Yes,7,85,High,Yes,4,Low,High,Public,Positive,4,Yes,College,Far,Male,58
16,88,High,High,Yes,8,68,Low,Yes,0,Medium,High,Private,Positive,3,Yes,College,Near,Female,51
18,78,High,Medium,Yes,9,68,High,Yes,3,Low,High,Private,Neutral,3,No,High School,Far,Male,57
23,73,High,Medium,Yes,6,85,High,No,2,Low,Low,Public,Neutral,6,No,Postgraduate,Moderate,Male,66
15,76,High,Medium,No,8,82,Low,Yes,1,Low,Medium,Public,Negative,1,No,High School,Moderate,Male,48
25,84,Medium,Medium,Yes,6,85,Low,Yes,2,Low,Low,Public,Neutral,4,No,High School,Near,Female,70
33,81,High,Low,Yes,6,72,Low,Yes,1,Low,High,Public,Negative,2,No,Postgraduate,Moderate,Female,71
20,72,Low,Medium,Yes,6,74,High,Yes,0,Medium,High,Public,Negative,1,No,College,Near,Female,51
12,81,Medium,Low,No,8,69,Medium,No,0,Medium,Medium,Public,Neutral,1,No,College,Near,Male,39
12,79,Medium,Low,No,5,71,Low,No,3,Medium,Low,Public,Negative,3,No,College,Moderate,Female,39
25,67,Low,Low,No,6,63,Low,No,4,Low,Medium,Public,Negative,5,No,High School,Moderate,Female,45
20,77,Medium,Medium,No,6,71,High,Yes,2,Medium,Low,Private,Negative,5,No,High School,Near,Male,56
25,86,Low,Low,Yes,7,70,Medium,Yes,1,High,Low,Public,Neutral,2,No,High School,Near,Male,62
17,86,Medium,Medium,No,6,66,High,Yes,1,Medium,Low,Public,Negative,2,No,High School,Moderate,Female,51
25,77,Low,High,Yes,7,82,Low,Yes,0,Medium,Low,Public,Neutral,3,No,High School,Near,Male,63
19,87,Medium,Medium,Yes,6,54,High,Yes,1,Medium,High,Public,Positive,3,Yes,College,Near,Female,52
16,69,Medium,High,Yes,8,76,Low,Yes,1,Low,Low,Private,Neutral,5,No,,Moderate,Male,47
18,70,Medium,Medium,Yes,7,60,Medium,Yes,1,High,Medium,Private,Positive,4,No,Postgraduate,Near,Female,50
13,77,Low,Low,Yes,9,61,High,Yes,1,Medium,Medium,Public,Positive,4,Yes,High School,Far,Female,33
32,96,Low,High,Yes,7,62,Medium,Yes,2,Medium,Medium,Public,Positive,3,No,High School,Moderate,Male,79
19,82,Medium,Medium,No,5,78,Medium,Yes,2,Medium,Medium,Public,Positive,1,No,College,Far,Female,60
24,77,Medium,High,Yes,7,43,Medium,Yes,1,Low,Medium,Private,Negative,1,No,College,Near,Male,48
17,97,Low,Low,Yes,7,74,Medium,Yes,1,Low,High,Public,Neutral,2,Yes,High School,Moderate,Male,52
14,77,High,High,No,6,73,Medium,No,0,Medium,Medium,Private,Neutral,2,No,College,Near,Male,50
19,100,Medium,Medium,Yes,9,59,Medium,Yes,1,Medium,Medium,Private,Negative,1,No,High School,Near,Male,56
27,74,Medium,High,Yes,7,74,Low,Yes,2,High,Medium,Private,Neutral,4,No,College,Moderate,Female,68
17,69,Medium,Low,No,6,56,High,No,1,Medium,Medium,Public,Positive,3,No,College,Near,Female,40
15,78,High,Medium,Yes,7,71,High,No,2,Low,Medium,Public,Positive,2,No,College,Moderate,Male,54
21,77,Medium,Low,No,6,56,High,Yes,0,Medium,Low,Private,Neutral,1,No,High School,Far,Male,44
23,71,Low,High,Yes,8,99,High,Yes,2,Low,Medium,Public,Neutral,4,No,High School,Moderate,Male,74
30,100,Medium,Low,No,8,83,Medium,Yes,0,Medium,High,Public,Positive,3,No,High School,Near,Male,86
22,84,Medium,Medium,No,7,75,Low,Yes,0,Medium,Medium,Public,Positive,1,No,High School,Moderate,Female,59
24,85,Medium,Medium,No,8,60,Low,No,0,Low,Low,Public,Positive,2,No,High School,Moderate,Male,51
24,75,High,Medium,Yes,6,68,High,No,1,Low,High,Public,Negative,5,Yes,High School,Moderate,Female,52
13,74,High,High,No,5,69,Medium,No,2,Medium,Medium,Public,Negative,4,No,High School,Moderate,Male,44
14,91,Medium,Medium,No,7,75,Low,Yes,2,High,Medium,Private,Positive,3,No,College,Near,Male,60
13,62,Low,Low,No,6,77,Low,No,2,Low,Medium,Public,Positive,3,No,High School,Moderate,Male,34
12,67,Medium,High,No,4,75,High,Yes,3,Medium,High,Public,Positive,2,No,Postgraduate,Far,Female,51
25,77,High,Medium,Yes,6,76,Low,Yes,2,Medium,Medium,Public,Positive,3,No,High School,Near,Male,67
22,95,High,Medium,No,5,70,Medium,No,2,Low,Medium,Public,Positive,2,No,High School,Moderate,Female,65
20,76,Low,Low,Yes,6,76,Medium,No,1,Medium,High,Public,Neutral,2,No,High School,Near,Male,50
4,85,Low,Medium,Yes,9,64,Medium,Yes,1,High,High,Public,Positive,4,No,College,Far,Male,36
32,80,Low,High,No,8,58,Low,Yes,3,Low,Medium,Public,Neutral,5,No,High School,Near,Male,68
15,94,High,High,Yes,8,96,Medium,Yes,1,Medium,Medium,Public,Positive,3,No,High School,Moderate,Male,75
32,63,Medium,High,Yes,8,77,Medium,Yes,3,Low,Medium,Public,Positive,4,No,College,Near,Male,76
11,88,Medium,Medium,Yes,9,95,Low,Yes,4,Medium,Medium,Public,Neutral,1,No,College,Moderate,Female,60
15,78,Medium,Low,Yes,7,68,Medium,Yes,3,Low,Medium,Private,Neutral,4,No,High School,Near,Female,49
7,90,Medium,Medium,No,9,100,High,Yes,2,Low,Medium,Private,Positive,3,No,Postgraduate,Near,Female,64
22,71,High,Low,Yes,5,73,Medium,Yes,3,Medium,High,Public,Positive,2,No,High School,Far,Male,58
13,80,Medium,Medium,Yes,7,87,Low,No,3,Medium,Medium,Private,Neutral,3,No,College,Near,Female,55
14,79,Low,Low,Yes,6,72,Low,No,2,Low,Medium,Private,Neutral,5,Yes,College,Near,Female,37
12,69,Medium,High,Yes,9,74,Medium,Yes,1,Medium,Medium,Public,Negative,4,No,Postgraduate,Near,Male,45
25,66,Medium,Low,Yes,8,71,Low,Yes,2,High,High,Public,Neutral,3,No,High School,Near,Male,56
24,74,Medium,Low,Yes,9,66,Low,Yes,1,Medium,Medium,Private,Negative,5,No,,Moderate,Male,50
31,81,High,High,No,5,85,Low,Yes,0,Medium,Medium,Private,Negative,3,No,High School,Near,Female,76
16,72,Low,Low,Yes,6,72,Low,Yes,2,Medium,Low,Public,Neutral,5,No,High School,Near,Female,43
21,76,Low,Low,Yes,5,83,Medium,No,0,Low,Low,Public,Positive,3,No,High School,Moderate,Female,50
12,60,Low,Medium,Yes,8,84,Low,Yes,1,Low,Low,Public,Neutral,3,No,High School,Near,Female,37
18,76,Medium,High,Yes,6,90,Low,Yes,2,Low,Medium,Public,Positive,5,No,High School,Far,Male,64
17,91,High,Low,Yes,8,77,Low,Yes,0,Medium,Low,Public,Neutral,2,No,High School,Near,Male,55
23,88,Medium,Medium,Yes,7,52,Medium,Yes,1,Low,Medium,Public,Neutral,6,No,High School,Far,Female,56
26,79,High,Low,Yes,4,68,Medium,Yes,2,Medium,Low,Public,Negative,2,No,,Near,Male,59
26,83,Medium,Medium,No,5,72,Low,No,2,High,Medium,Public,Positive,4,No,High School,Moderate,Male,66
15,71,High,Medium,Yes,7,72,Medium,Yes,0,Low,Medium,Private,Neutral,4,No,College,Near,Male,47
26,98,Medium,Medium,No,8,89,Low,No,1,Low,Medium,Public,Neutral,2,No,High School,Near,Female,75
20,100,Low,Medium,No,4,87,High,Yes,4,Medium,Medium,Private,Neutral,1,No,High School,Moderate,Female,77
18,82,High,High,No,7,70,Medium,Yes,4,Low,Medium,Private,Neutral,1,Yes,College,Moderate,Female,57
16,100,High,Medium,Yes,6,100,Medium,Yes,0,Low,Low,Public,Positive,3,No,High School,Near,Female,75
17,73,Medium,Medium,Yes,5,67,Medium,No,1,Medium,Medium,Public,Positive,4,No,College,Moderate,Male,45
30,66,High,Medium,Yes,6,69,Medium,Yes,4,High,Medium,Private,Positive,3,No,Postgraduate,Far,Female,71
22,72,Medium,Medium,Yes,7,58,Medium,Yes,1,Medium,Medium,Public,Positive,2,No,Postgraduate,Near,Male,54
21,78,Medium,Medium,No,6,52,Medium,Yes,3,Low,High,Public,Positive,2,No,College,Near,Male,54
18,100,Medium,Medium,No,4,57,Medium,Yes,1,Medium,Medium,Public,Positive,3,No,High School,Near,Male,58
35,77,Medium,Low,Yes,7,85,Medium,Yes,2,Low,Medium,Public,Positive,3,No,High School,Moderate,Male,81
28,71,Low,Low,Yes,7,82,Low,Yes,0,Low,Medium,Private,Positive,2,Yes,High School,Moderate,Male,53
16,70,Low,Medium,Yes,6,61,Medium,Yes,1,Medium,Medium,Private,Neutral,2,No,High School,Near,Female,40
18,93,Low,Low,No,7,73,Medium,Yes,2,Medium,High,Private,Positive,2,No,College,Moderate,Female,62
19,91,Medium,Low,Yes,7,82,Low,Yes,0,High,High,Public,Neutral,4,No,High School,Moderate,Female,64
21,75,High,Medium,Yes,7,46,High,Yes,1,Medium,Medium,Public,Neutral,2,No,High School,Near,Female,48
16,60,Medium,High,Yes,7,95,Low,Yes,0,Medium,Low,Public,Negative,4,No,High School,Moderate,Female,48
23,68,Medium,Low,Yes,7,86,Low,Yes,0,High,,Public,Neutral,3,No,College,Near,Male,57
29,99,Low,High,No,7,83,Medium,Yes,1,Low,High,Public,Positive,5,No,College,Near,Male,90
12,88,Medium,Low,Yes,8,88,High,Yes,1,Medium,High,Public,Neutral,3,Yes,College,Moderate,Female,54
13,81,Medium,High,Yes,9,45,Medium,No,0,High,Medium,Private,Neutral,4,No,Postgraduate,Near,Female,36
17,100,Medium,Medium,Yes,7,69,Medium,Yes,2,Medium,Medium,Private,Neutral,2,No,College,Moderate,Male,64
17,100,High,Medium,No,6,88,Low,Yes,0,Low,Low,Private,Neutral,1,No,College,Near,Male,66
32,80,Medium,Medium,No,5,72,High,No,0,High,Medium,Public,Negative,5,No,High School,Near,Male,70
26,80,Medium,Medium,Yes,8,82,Medium,Yes,0,Low,Medium,Private,Negative,4,No,High School,Far,Female,65
26,74,Medium,Medium,Yes,6,91,Low,Yes,1,Low,Low,Public,Neutral,1,No,College,Moderate,Male,67
18,77,Low,Medium,Yes,10,81,Medium,No,3,Medium,Medium,Public,Neutral,4,No,High School,Near,Male,55
18,64,Medium,High,Yes,10,69,Low,Yes,1,Low,Medium,Public,Neutral,4,No,College,Moderate,Male,43
11,64,Low,High,No,7,79,Medium,Yes,4,Medium,High,Private,Neutral,5,No,High School,Near,Female,50
25,61,Medium,Medium,No,5,50,Medium,Yes,4,Low,Medium,Public,Neutral,2,No,High School,Near,Female,46
23,92,High,High,No,8,78,Medium,Yes,3,Low,High,Private,Neutral,3,No,College,Moderate,Female,77
28,63,Medium,Low,Yes,10,82,High,Yes,1,Low,Medium,Public,Neutral,2,No,College,Near,Male,61
19,100,Medium,Medium,Yes,5,74,Medium,Yes,2,Low,Low,Public,Negative,3,No,High School,Moderate,Male,64
19,72,Low,Medium,Yes,10,87,Medium,Yes,3,Medium,High,Private,Positive,3,No,High School,Near,Male,63
21,99,Medium,Medium,Yes,4,76,Medium,Yes,1,High,Medium,Public,Positive,4,No,High School,Near,Male,73
25,76,High,High,Yes,5,74,Low,Yes,1,Low,Medium,Public,Neutral,1,No,High School,Moderate,Male,60
11,63,Medium,High,No,7,96,Medium,Yes,0,Medium,Medium,Public,Positive,3,No,College,Near,Male,51
24,94,Medium,High,Yes,8,60,High,Yes,2,High,Medium,Public,Positive,1,No,High School,Far,Male,70
20,95,Low,Medium,No,7,90,Medium,Yes,1,Medium,High,Public,Neutral,4,No,High School,Near,Female,74
14,70,Low,Medium,Yes,8,89,Medium,Yes,0,High,Low,Private,Negative,3,No,High School,Far,Female,46
7,76,Medium,High,No,9,83,Medium,Yes,0,Medium,Low,Public,Neutral,3,No,College,Near,Female,43
19,70,High,Low,No,9,67,High,No,1,High,Medium,Public,Negative,4,No,College,Near,Male,48
29,79,Low,High,Yes,6,76,Low,Yes,2,Low,Medium,Private,Negative,3,No,High School,Near,Female,66
30,81,Medium,Low,No,6,62,Low,Yes,3,Medium,High,Private,Negative,3,No,High School,Moderate,Female,63
22,76,Low,High,Yes,8,65,Medium,Yes,2,Low,High,Public,Positive,2,No,High School,Near,Male,57
32,60,Medium,Medium,No,8,74,Low,Yes,2,High,Medium,Public,Positive,3,No,High School,Near,Female,64
20,74,Medium,Low,Yes,8,61,High,No,1,Low,High,Public,Positive,2,No,High School,Near,Female,48
26,88,Medium,Low,No,6,69,Medium,Yes,2,Low,Medium,Public,Neutral,2,No,Postgraduate,Near,Male,70
17,78,Medium,Medium,Yes,8,58,Low,Yes,1,Medium,Medium,Public,Negative,3,No,High School,Near,Male,43
17,76,Low,Low,Yes,5,80,High,Yes,0,Low,Medium,Public,Neutral,1,No,High School,Near,Female,49
16,70,High,High,No,7,93,Low,No,0,Low,Medium,Public,Neutral,3,No,High School,Moderate,Female,54
8,73,Medium,Low,No,7,100,Medium,Yes,1,Low,Medium,Private,Positive,3,No,High School,Near,Female,50
28,95,Low,Medium,No,7,59,Medium,Yes,1,Low,High,Public,Positive,3,No,High School,Near,Male,71
16,67,Medium,Low,Yes,8,61,High,Yes,0,Low,Low,Private,Negative,0,No,College,Far,Male,33
15,88,Low,Low,No,6,71,Low,Yes,4,Low,Medium,Private,Positive,2,No,High School,Moderate,Male,52
13,81,Medium,Low,No,8,83,Medium,Yes,0,Low,Medium,Private,Neutral,4,No,Postgraduate,Near,Female,50
19,83,Medium,High,Yes,7,71,High,Yes,1,Medium,Medium,Public,Positive,4,No,High School,Moderate,Male,65
31,72,Low,Medium,Yes,6,86,Medium,No,0,Low,Low,Private,Neutral,3,No,Postgraduate,Moderate,Female,67
33,76,Medium,High,Yes,5,80,Low,No,2,Medium,High,Private,Negative,2,No,College,Near,Male,74
10,80,Medium,Medium,No,10,51,Medium,No,1,Medium,High,Public,Neutral,3,No,High School,Far,Female,30
18,74,High,Low,Yes,7,74,Medium,Yes,1,Medium,Medium,Private,Positive,3,No,College,Moderate,Female,55
14,84,Medium,Low,No,7,57,Medium,No,2,Medium,Low,Private,Positive,3,No,Postgraduate,Near,Male,45
26,85,Medium,Medium,Yes,5,66,Medium,Yes,0,Medium,High,Private,Negative,4,No,High School,Moderate,Female,63
22,100,High,Low,No,9,68,Medium,Yes,3,Medium,High,Public,Neutral,4,No,College,Moderate,Female,73
16,83,Medium,Low,Yes,8,83,Medium,Yes,1,Medium,Medium,Private,Negative,3,Yes,Postgraduate,Near,Male,51
20,60,Medium,Medium,Yes,8,73,Medium,Yes,1,Low,High,Public,Positive,4,No,High School,Near,Female,50
17,93,Low,Low,Yes,7,67,Medium,Yes,0,Low,Low,Private,Neutral,2,No,College,Moderate,Female,49
30,78,Low,Medium,Yes,8,100,Low,Yes,2,Low,Medium,Private,Positive,3,No,High School,Moderate,Male,81
23,100,Medium,Medium,Yes,6,62,Medium,Yes,2,Low,Low,Public,Negative,4,No,High School,Near,Male,64
24,96,Low,Medium,Yes,7,77,High,Yes,3,Medium,High,Public,Positive,5,Yes,,Near,Male,76
4,74,Medium,Medium,Yes,7,82,Medium,No,0,Medium,Medium,Private,Negative,3,Yes,College,Far,Female,25
20,88,Medium,Medium,Yes,7,76,Low,Yes,3,Medium,Low,Public,Neutral,6,No,Postgraduate,Moderate,Male,67
32,73,Low,Medium,No,4,62,Low,No,2,Medium,Low,Private,Positive,2,No,Postgraduate,Near,Male,60
28,80,Medium,Low,Yes,10,61,Medium,No,2,Medium,Low,Public,Neutral,4,No,High School,Near,Female,58
9,87,Medium,Medium,Yes,9,82,Medium,Yes,2,Low,Low,Public,Neutral,4,No,High School,,Male,50
18,92,Medium,Low,Yes,5,87,Medium,No,1,Medium,Medium,Private,Neutral,5,No,High School,Moderate,Female,62
13,90,High,Medium,Yes,8,73,Low,Yes,6,Low,Low,Public,Positive,3,No,College,,Female,62
30,81,Medium,Medium,Yes,5,56,Medium,No,3,Low,High,Public,Neutral,4,No,High School,Near,Female,66
21,100,High,High,Yes,7,74,Low,Yes,1,High,Medium,Public,Neutral,3,Yes,High School,Near,Male,67
15,76,Medium,Low,Yes,4,93,Low,Yes,0,High,High,Public,Positive,3,No,High School,Far,Male,54
20,62,Low,Low,Yes,7,60,Medium,No,2,Low,High,Private,Negative,3,No,College,Near,Male,38
4,64,Medium,Low,No,6,69,High,Yes,1,Medium,Medium,Private,Neutral,1,No,High School,Near,Female,26
13,96,Low,High,No,9,74,High,Yes,1,High,Low,Private,Positive,3,No,High School,Near,Female,60
20,79,Low,Medium,Yes,9,88,Low,Yes,2,Low,Medium,Private,Positive,3,No,High School,Near,Male,61
25,82,Medium,Medium,No,9,67,Low,Yes,0,Low,High,Private,Neutral,3,No,High School,Near,Female,58
8,74,High,Low,Yes,9,80,Low,No,1,Low,High,Public,Positive,2,No,College,Far,Female,39
18,75,High,High,Yes,7,92,High,Yes,5,Medium,Medium,Public,Positive,3,No,College,Near,Male,80
26,71,High,Medium,No,8,54,Low,Yes,2,Low,Medium,Private,Neutral,3,No,High School,Near,Male,53
11,85,Medium,Low,Yes,8,56,High,Yes,3,Low,Medium,Public,Negative,2,No,Postgraduate,Far,Female,41
21,79,Medium,Medium,Yes,5,72,Medium,Yes,0,Low,High,Public,Positive,3,No,Postgraduate,Near,Female,59
20,85,High,Medium,Yes,9,86,High,Yes,0,High,High,Public,Positive,3,No,College,Near,Female,74
30,84,Medium,Medium,No,8,78,Low,Yes,0,Low,Medium,Public,Positive,3,No,High School,Near,Male,72
19,75,Medium,High,Yes,8,87,Medium,Yes,1,Low,High,Public,Positive,4,No,College,Moderate,Female,66
19,64,Low,High,Yes,4,51,Low,Yes,0,Medium,High,Public,Neutral,4,No,High School,Near,Male,35
25,63,Medium,Medium,Yes,8,78,Medium,No,2,Medium,High,Private,Neutral,2,No,College,Near,Female,60
12,100,Medium,High,Yes,8,40,Medium,Yes,1,Low,Medium,Public,Positive,2,Yes,High School,Moderate,Female,37
19,96,Medium,High,Yes,7,91,High,No,3,Medium,Medium,Public,Negative,4,Yes,High School,Near,Female,71
17,95,Low,Medium,No,6,89,Medium,Yes,3,Medium,Medium,Public,Neutral,2,No,High School,,Male,71
19,73,Medium,High,Yes,5,69,High,Yes,1,Low,Medium,Private,Negative,2,No,College,Moderate,Female,52
25,80,Medium,Medium,Yes,5,43,Medium,Yes,0,High,Medium,Public,Positive,4,No,High School,Near,Female,51
23,71,Low,Medium,No,7,71,Medium,Yes,1,High,Medium,Public,Positive,2,No,College,Moderate,Male,57
16,66,Medium,Medium,Yes,7,88,Low,No,0,Low,Medium,Public,Negative,4,No,High School,Near,Female,45
21,74,High,High,Yes,7,79,Low,No,1,Low,Medium,Public,Negative,1,No,High School,Near,Male,55
29,95,Medium,High,Yes,9,97,Low,Yes,1,Low,Medium,Public,Positive,3,No,Postgraduate,Far,Male,89
15,89,Medium,Medium,Yes,5,70,Low,Yes,3,High,Medium,Public,Positive,3,Yes,High School,Far,Female,49
21,69,Medium,Medium,No,7,100,Low,Yes,2,Medium,Low,Private,Neutral,4,Yes,College,Moderate,Female,60
19,77,High,Medium,Yes,9,47,Low,No,1,Medium,Medium,Public,Positive,1,No,College,Moderate,Female,40
20,88,Medium,High,Yes,7,64,Low,Yes,3,High,High,Public,Neutral,1,No,College,Near,Male,64
10,74,Medium,Medium,Yes,7,57,Medium,Yes,1,Low,Low,Public,Negative,4,No,High School,Near,Female,32
28,81,Medium,Low,Yes,7,83,Medium,Yes,0,High,High,Public,Positive,3,Yes,High School,Moderate,Male,67
15,84,High,Low,No,8,58,High,Yes,2,High,Medium,Public,Negative,2,No,Postgraduate,Near,Male,51
26,84,Low,Low,Yes,4,87,Medium,Yes,1,Medium,Low,Private,Neutral,3,No,Postgraduate,,Female,70
16,83,Low,Low,No,7,82,Low,Yes,1,Medium,Medium,Public,Neutral,2,No,Postgraduate,Near,Male,54
16,73,Low,Medium,No,7,76,High,No,0,High,High,Public,Neutral,2,No,High School,Near,Male,48
27,74,Medium,Low,Yes,6,72,High,Yes,0,Low,High,Private,Neutral,5,No,High School,Moderate,Female,63
26,68,Medium,High,No,7,60,Medium,Yes,2,Low,Low,Public,Neutral,2,No,College,Near,Female,57
21,63,Medium,Medium,No,8,81,Low,Yes,0,Low,Low,Public,Neutral,1,No,High School,Moderate,Female,47
25,79,Medium,Medium,No,8,67,High,Yes,2,Low,High,Public,Neutral,3,No,Postgraduate,Moderate,Female,66
18,89,High,High,Yes,9,83,High,Yes,5,Medium,Medium,Public,Positive,2,No,Postgraduate,Near,Male,80
20,65,Low,Medium,No,6,93,High,Yes,2,Medium,Medium,Public,Positive,0,No,High School,Moderate,Male,59
16,83,Medium,Medium,No,8,69,Medium,Yes,0,Medium,High,Public,Neutral,4,No,College,Moderate,Male,53
25,89,Low,High,No,8,90,Low,No,0,Medium,Medium,Public,Negative,4,Yes,High School,Moderate,Male,64
16,60,High,Medium,Yes,7,76,Medium,Yes,3,Low,Medium,Public,Positive,3,No,College,Moderate,Female,50
29,77,Medium,Medium,No,9,81,Medium,Yes,1,Low,High,Public,Neutral,3,No,College,Moderate,Female,73
18,98,Medium,Medium,Yes,7,56,Low,Yes,4,Low,Medium,Public,Negative,2,No,High School,Far,Male,54
20,86,Low,Medium,Yes,5,64,Low,Yes,0,High,Medium,Public,Positive,3,No,College,Near,Male,54
25,60,Medium,Medium,Yes,8,64,High,No,2,Low,Medium,Public,Negative,4,Yes,High School,Near,Female,43
20,87,Medium,Medium,No,6,91,Low,Yes,1,Low,Medium,Public,Negative,0,No,College,Near,Male,65
18,72,Medium,Medium,Yes,7,69,Low,No,2,Medium,High,Public,Neutral,3,No,High School,Near,Female,48
20,88,High,Medium,No,7,81,Medium,Yes,0,Medium,Medium,Public,Negative,4,Yes,High School,Moderate,Male,57
25,72,Medium,Low,Yes,8,72,High,Yes,0,Medium,High,Public,Positive,1,No,High School,Near,Female,62
16,79,Medium,Low,Yes,9,69,High,Yes,1,Medium,High,Public,Positive,4,No,High School,Near,Male,53
19,74,High,Medium,No,7,54,Low,Yes,2,Medium,Medium,Private,Neutral,5,No,High School,Near,Male,47
20,80,Medium,Low,No,7,49,Medium,Yes,1,Medium,Low,Public,Positive,2,No,Postgraduate,Near,Female,47
25,74,High,Medium,No,4,69,High,Yes,3,Low,High,Public,Positive,1,No,Postgraduate,Near,Female,68
19,78,Medium,High,No,6,70,Medium,Yes,2,Medium,Medium,Private,Negative,2,No,College,Moderate,Male,55
31,67,Medium,High,No,6,62,Low,Yes,1,Medium,Medium,Private,Positive,3,No,College,Far,Male,61
19,85,High,Medium,No,7,75,Medium,Yes,1,Low,Medium,Private,Positive,6,No,College,Far,Male,65
19,82,Low,Medium,Yes,7,99,Medium,Yes,0,High,,Public,Neutral,2,No,College,Near,Male,70
19,62,Low,Medium,No,6,93,Medium,Yes,2,High,Medium,Public,Neutral,2,No,College,Moderate,Female,56
12,91,Low,Medium,No,7,73,Medium,No,0,Medium,Medium,Private,Negative,3,Yes,College,Near,Female,39
14,78,Medium,High,Yes,7,74,Low,Yes,0,Medium,Low,Public,Negative,3,No,College,Near,Female,47
17,82,Medium,Medium,Yes,4,81,High,Yes,5,High,Medium,Public,Neutral,3,No,College,Near,Male,67
27,88,Low,Low,Yes,9,76,Medium,Yes,2,Low,Medium,Private,Positive,1,No,College,Near,Male,70
20,84,Low,Medium,Yes,8,81,Low,Yes,0,Medium,Low,Private,Negative,2,No,Postgraduate,Near,Male,56
17,93,Medium,High,No,7,76,Medium,No,0,Low,,Public,Neutral,4,No,High School,Moderate,Female,60
27,77,Medium,Medium,No,7,74,Medium,Yes,3,High,Low,Private,Neutral,5,No,Postgraduate,Moderate,Male,73
29,91,Low,High,Yes,7,64,Medium,Yes,1,Medium,High,Public,Neutral,1,Yes,College,Near,Female,67
28,81,Low,Medium,Yes,5,77,High,No,1,Medium,Medium,Private,Positive,4,No,High School,Near,Male,70
15,86,High,High,Yes,10,43,High,Yes,2,Medium,Medium,Public,Negative,0,No,High School,Near,Male,43
17,84,Medium,Medium,Yes,8,76,Medium,Yes,1,Medium,Medium,Private,Positive,3,No,Postgraduate,Near,Male,61
31,94,Medium,High,Yes,8,46,Medium,Yes,5,Low,Medium,Public,Neutral,3,No,High School,Near,Male,75
21,88,Medium,High,No,7,76,Medium,No,0,Medium,Medium,Public,Positive,3,No,College,Near,Male,67
18,75,Low,High,No,9,60,Medium,Yes,0,Low,Medium,Public,Positive,1,No,College,Near,Female,44
24,73,Medium,High,Yes,5,89,Medium,Yes,1,Low,Medium,Public,Neutral,4,No,High School,Near,Male,69
26,79,Medium,Medium,No,7,74,Medium,Yes,4,Low,Medium,Public,Positive,3,No,High School,Moderate,Male,71
17,72,High,Medium,No,8,73,High,Yes,2,Low,High,Private,Positive,2,No,College,Moderate,Male,56
21,68,Medium,Medium,Yes,6,78,Medium,Yes,0,Medium,Medium,Public,Neutral,2,No,College,Near,Female,54
26,60,Medium,High,Yes,8,61,Low,Yes,0,Low,Medium,Public,Neutral,4,No,High School,Near,Female,48
13,63,Low,High,Yes,7,87,High,Yes,3,Low,Medium,Public,Neutral,3,No,High School,Moderate,Female,51
20,100,Medium,High,No,7,82,High,Yes,0,Medium,Low,Public,Positive,3,No,Postgraduate,Near,Male,79
13,73,High,Medium,Yes,6,65,Low,Yes,1,Low,High,Public,Positive,4,No,High School,Near,Male,44
14,100,Low,High,No,8,59,High,No,0,Low,High,Private,Neutral,2,No,Postgraduate,Moderate,Female,54
17,84,High,High,No,10,67,Medium,No,2,Medium,Low,Public,Positive,2,No,College,Near,Male,56
23,79,Low,Medium,Yes,7,71,Low,Yes,1,High,Medium,Public,Negative,6,No,High School,Far,Female,56
18,63,Medium,Medium,Yes,8,58,Medium,No,3,Low,High,Private,Neutral,1,No,College,Far,Male,40
16,80,Low,High,No,8,66,Low,Yes,2,Low,Medium,Public,Positive,0,No,College,Near,Female,49
20,100,Medium,High,No,5,64,Medium,Yes,6,Medium,Medium,Public,Neutral,2,No,High School,Near,Male,73
13,97,Low,Medium,No,7,69,High,No,2,High,High,Public,Positive,3,No,College,Far,Female,60
23,83,Medium,Medium,No,7,69,Medium,Yes,2,High,Medium,Public,Negative,4,No,College,Far,Male,64
27,67,Medium,Medium,Yes,4,78,Medium,Yes,1,Medium,High,Public,Positive,2,No,High School,Near,Male,64
20,69,Medium,Medium,Yes,8,72,Low,Yes,0,Low,High,Public,Neutral,4,No,Postgraduate,Moderate,Male,50
19,71,Medium,Medium,Yes,6,77,Medium,Yes,2,Medium,Low,Public,Neutral,2,No,High School,Near,Male,53
22,94,Low,Low,Yes,8,75,Medium,Yes,0,High,High,Public,Neutral,4,No,College,Near,Female,67
8,98,Medium,High,Yes,6,69,High,No,1,Medium,High,Private,Negative,4,No,High School,Near,Female,50
23,82,Low,High,Yes,10,81,High,Yes,1,Low,Medium,Public,Neutral,2,No,High School,Moderate,Male,66
39,77,Medium,Medium,No,7,40,Medium,Yes,2,Low,High,Private,Positive,4,No,High School,Near,Male,71
19,97,Low,High,No,10,67,Medium,Yes,1,Medium,Low,Private,Positive,2,No,College,Moderate,Male,61
19,69,Medium,Medium,Yes,7,65,Medium,Yes,1,Low,Medium,Private,Positive,3,No,College,Near,Female,49
24,81,Medium,Low,Yes,7,74,Medium,Yes,1,Medium,Medium,Private,Positive,3,No,College,Near,Female,67
30,85,High,Medium,No,9,64,Low,No,2,High,Medium,Private,Positive,3,No,Postgraduate,Far,Male,69
26,71,Medium,Low,Yes,6,79,Medium,Yes,2,Medium,High,Private,Positive,3,No,High School,Moderate,Male,64
7,73,Low,Low,Yes,7,81,Medium,No,1,Low,Medium,Public,Positive,3,No,College,Near,Male,38
23,72,Medium,High,Yes,8,54,Medium,Yes,2,Medium,High,Private,Negative,0,No,High School,Moderate,Female,49
35,96,Low,Medium,Yes,8,75,Low,Yes,0,Low,Low,Private,Neutral,3,No,College,Moderate,Female,78
24,100,Medium,Low,No,7,55,Medium,Yes,1,Low,Medium,Private,Neutral,1,No,College,Near,Male,61
13,81,Medium,Medium,Yes,7,78,High,Yes,1,Low,Medium,Public,Positive,2,No,High School,Near,Male,55
22,77,High,Medium,Yes,8,66,High,No,1,High,Low,Private,Positive,4,No,High School,Near,Female,60
12,73,High,Medium,Yes,7,62,Medium,Yes,1,Medium,High,Public,Positive,4,No,Postgraduate,,Male,48
27,80,High,Medium,No,8,50,High,No,2,Low,Medium,Public,Neutral,5,No,High School,Near,Male,60
14,74,Low,Medium,Yes,8,71,Medium,Yes,1,Medium,Low,Public,Neutral,3,No,High School,Moderate,Male,42
20,79,Low,Medium,Yes,8,57,High,Yes,2,Low,Medium,Private,Neutral,2,No,College,Near,Male,51
15,85,High,Medium,No,9,53,High,Yes,1,Low,Medium,Public,Neutral,1,No,College,Near,Male,47
17,76,Medium,High,No,7,74,Medium,Yes,0,High,High,Public,Neutral,4,No,High School,Far,Female,55
29,78,Medium,Medium,No,9,85,High,Yes,1,High,Low,Public,Neutral,2,No,Postgraduate,Near,Male,77
21,78,High,High,No,7,77,Low,Yes,1,Medium,Low,Public,Negative,2,No,College,Far,Male,58
17,77,Low,High,Yes,5,53,Medium,Yes,1,Low,Medium,Private,Neutral,3,No,High School,Moderate,Female,41
13,75,Medium,Medium,No,7,70,High,Yes,0,Low,Medium,Public,Positive,4,No,Postgraduate,Near,Female,50
9,88,High,Low,Yes,6,81,Low,Yes,2,Low,Medium,Private,Negative,3,No,Postgraduate,Moderate,Female,50
12,61,Medium,Medium,No,8,70,Low,Yes,2,Low,Low,Public,Negative,3,No,College,Near,Male,33
21,97,High,High,Yes,7,76,Medium,Yes,2,High,Medium,Public,Positive,2,No,College,Near,Male,79
26,81,Medium,Low,No,7,66,Medium,Yes,1,Low,Medium,Private,Neutral,3,No,High School,Moderate,Male,59
17,87,Medium,Low,Yes,8,67,Medium,Yes,1,Medium,Medium,Private,Neutral,1,No,High School,Far,Male,50
29,88,High,Medium,No,9,63,Medium,Yes,0,Low,High,Public,Negative,1,No,High School,Near,Female,66
16,72,High,High,Yes,7,80,Low,Yes,4,Medium,Medium,Public,Positive,2,Yes,Postgraduate,Moderate,Female,55
19,70,High,Low,No,9,81,High,Yes,5,High,Medium,Public,Positive,2,No,High School,Near,Male,65
14,69,Medium,Medium,Yes,7,65,Low,Yes,2,Low,Medium,Public,Neutral,2,No,High School,Near,Male,38
26,77,Medium,Low,No,5,82,High,Yes,3,Low,Medium,Private,Positive,4,No,College,Near,Female,73
33,88,Medium,High,No,5,53,Medium,Yes,0,Medium,Medium,Public,Positive,5,Yes,High School,Near,Male,65
9,74,Medium,Medium,Yes,7,70,Low,Yes,0,Low,Medium,Private,Negative,2,No,High School,Moderate,Male,31
18,87,High,Medium,No,8,54,Medium,Yes,3,Low,High,Public,Positive,3,No,Postgraduate,Near,Female,59
28,60,High,High,Yes,7,57,Medium,Yes,1,High,Low,Private,Negative,2,No,College,Far,Male,52
11,76,Medium,Medium,Yes,9,54,High,Yes,3,Medium,High,Private,Positive,2,No,High School,Moderate,Female,41
23,93,High,High,No,10,63,Medium,Yes,2,Medium,Medium,Public,Negative,4,No,Postgraduate,Near,Female,70
27,78,Medium,Low,Yes,6,80,High,Yes,6,Medium,High,Public,Negative,4,No,High School,Far,Male,76
20,71,High,Low,No,10,71,Medium,Yes,2,Low,Medium,Public,Neutral,4,No,High School,Far,Male,51
23,73,Medium,Medium,Yes,5,64,Low,Yes,4,Medium,Low,Public,Neutral,3,Yes,,Moderate,Female,48
31,60,Medium,Low,No,10,70,Medium,Yes,0,Low,High,Public,Neutral,1,No,College,Far,Female,53
32,69,Medium,High,Yes,7,45,Medium,Yes,2,Low,Medium,Private,Positive,1,No,Postgraduate,Near,Female,61
20,92,Medium,Medium,Yes,7,79,Low,Yes,1,High,Medium,Public,Negative,1,No,,Moderate,Male,63
17,74,High,Low,No,7,43,Low,Yes,0,High,Medium,Public,Neutral,4,No,High School,Far,Male,32
14,75,Medium,High,Yes,6,63,Medium,Yes,2,Low,Low,Private,Neutral,2,No,College,Near,Male,45
26,60,High,Medium,No,9,71,Medium,Yes,0,Medium,Medium,Public,Negative,3,No,High School,Moderate,Male,52
12,62,Low,Medium,Yes,6,78,High,Yes,0,Medium,High,Public,Negative,5,No,College,Moderate,Female,42
18,93,Low,Low,No,6,75,Low,Yes,2,Low,Medium,Public,Neutral,2,No,High School,Moderate,Female,56
21,87,Medium,High,No,5,71,Medium,Yes,0,Low,Medium,Private,Negative,3,No,High School,Near,Female,58
17,66,High,Medium,No,6,91,Medium,Yes,3,Medium,Low,Private,Negative,3,No,High School,Moderate,Male,57
22,73,High,High,Yes,6,98,High,No,3,Medium,High,Private,Neutral,1,No,High School,Moderate,Female,75
35,80,Medium,High,Yes,6,72,Low,Yes,0,Medium,High,Public,Negative,4,No,High School,Near,Female,76
19,67,Low,Medium,Yes,7,71,Low,No,2,Low,Low,Private,Positive,4,No,College,Near,Male,46
17,60,Medium,Low,Yes,5,70,Low,Yes,4,Medium,Medium,Private,Neutral,4,No,College,Near,Male,43
26,78,High,Medium,Yes,9,64,High,Yes,2,Low,High,Public,Neutral,4,No,High School,Moderate,Female,66
21,86,High,Low,Yes,7,77,Low,Yes,2,Medium,High,Public,Positive,3,No,College,Near,Male,69
29,87,High,High,Yes,8,89,High,Yes,1,Medium,Medium,Public,Positive,3,No,College,Near,Male,90
21,90,Medium,Low,No,8,40,Medium,Yes,1,Medium,Medium,Private,Negative,4,Yes,College,Near,Male,39
19,63,High,Medium,Yes,10,70,High,Yes,3,Low,Low,Public,Neutral,4,No,Postgraduate,Moderate,Female,52
9,81,Low,Medium,No,8,91,Medium,No,1,Medium,Medium,Public,Positive,3,No,College,Moderate,Male,49
10,77,High,Medium,Yes,7,77,Medium,Yes,0,Medium,High,Public,Positive,2,No,Postgraduate,Near,Female,50
9,79,Medium,Medium,No,5,77,High,Yes,2,Low,Low,Private,Positive,0,No,College,Far,Female,44
22,78,Medium,High,No,7,51,Low,Yes,2,Low,Low,Private,Neutral,5,No,High School,Near,Male,50
12,73,Medium,High,Yes,8,81,Medium,Yes,2,Medium,High,Public,Neutral,5,No,High School,Moderate,Female,53
28,60,High,High,No,7,85,High,No,0,Low,High,Public,Positive,2,No,College,Far,Female,69
20,93,Low,Medium,Yes,7,75,Low,No,1,Medium,Low,Private,Neutral,4,No,Postgraduate,Far,Female,60
19,84,Low,Medium,Yes,7,63,High,Yes,2,Low,Low,Public,Positive,0,No,College,Moderate,Male,55
15,64,Medium,High,Yes,4,78,Low,No,2,Low,Medium,Private,Neutral,4,No,High School,Moderate,Male,42
24,85,High,Low,Yes,7,59,Low,Yes,2,Low,High,Public,Positive,3,No,College,Near,Female,61
15,75,Medium,Low,No,8,57,Low,No,1,Low,Low,Public,Positive,2,Yes,High School,Near,Male,26
14,75,Low,Low,Yes,7,82,Medium,No,1,Medium,Low,Public,Positive,5,No,High School,,Female,44
27,72,Medium,Medium,Yes,9,86,Low,Yes,2,Medium,High,Private,Positive,3,No,Postgraduate,Far,Male,71
22,86,Low,Medium,No,9,62,Medium,Yes,0,Low,Medium,Public,Negative,4,No,Postgraduate,Far,Male,54
19,71,Medium,Low,No,6,57,Medium,Yes,0,Low,Medium,Public,Positive,5,No,High School,Moderate,Female,42
24,68,Low,Low,No,8,61,Low,Yes,1,Low,Medium,Public,Neutral,3,No,High School,Moderate,Female,42
20,92,Medium,Low,Yes,7,75,Low,Yes,0,High,Medium,Private,Negative,4,No,High School,,Female,58
22,78,Medium,Medium,Yes,4,57,Low,Yes,3,Low,Medium,Public,Neutral,3,No,High School,Moderate,Female,50
15,78,Low,Low,No,7,89,Low,Yes,3,High,Low,Private,Positive,3,No,College,Moderate,Female,56
32,88,Medium,High,No,6,66,Medium,Yes,1,Medium,Low,Private,Negative,2,No,High School,Near,Female,73
17,73,Medium,High,Yes,7,77,Medium,No,1,High,Low,Public,Positive,3,No,Postgraduate,Near,Male,57
29,75,Medium,High,No,8,62,High,Yes,1,Low,Low,Private,Positive,3,No,High School,Near,Female,66
19,83,Low,High,No,7,80,Medium,Yes,3,High,Low,Public,Positive,3,No,High School,Near,Female,66
25,63,Medium,High,No,6,81,High,Yes,2,High,High,Public,Neutral,4,No,College,Moderate,Male,69
24,82,High,Medium,Yes,7,50,Medium,Yes,1,Low,Medium,Public,Neutral,3,No,High School,Moderate,Female,54
27,72,High,Medium,No,10,63,High,No,0,High,High,Private,Positive,2,No,College,Near,Male,62
15,89,Medium,High,No,4,70,Low,Yes,2,Low,High,Public,Neutral,4,No,College,Near,Male,57
26,86,Medium,Medium,Yes,7,65,Low,Yes,2,Low,Medium,Public,Positive,2,Yes,College,Moderate,Male,58
31,85,High,Medium,No,6,83,Medium,Yes,4,Low,Low,Private,Negative,3,No,High School,Near,Male,83
18,62,Medium,Low,Yes,6,64,Medium,Yes,1,Low,High,Public,Neutral,3,No,Postgraduate,Far,Female,40
20,79,Medium,Medium,Yes,7,81,High,Yes,4,Medium,Medium,Public,Positive,4,No,High School,Far,Female,70
17,67,Low,High,Yes,7,78,Medium,Yes,2,Medium,Medium,Private,Positive,3,No,High School,Near,Male,55
18,80,Medium,Medium,Yes,8,71,High,Yes,3,Low,Medium,Private,Negative,4,No,High School,,Male,57
30,60,Medium,Medium,No,7,82,Medium,Yes,3,Low,High,Public,Positive,3,No,High School,Near,Female,70
14,63,Medium,Medium,Yes,4,52,Medium,Yes,1,Low,High,Public,Neutral,6,No,High School,Near,Male,32
14,93,High,High,No,9,71,Medium,No,0,Medium,Medium,Private,Positive,3,No,College,Near,Male,58
30,84,Low,High,Yes,9,62,Low,Yes,1,Low,Medium,Public,Neutral,2,No,College,Near,Male,64
24,76,Medium,Medium,No,6,71,High,Yes,4,Medium,High,Public,Positive,4,No,Postgraduate,Far,Male,71
33,70,High,Medium,Yes,7,66,Medium,Yes,3,Medium,High,Public,Positive,2,Yes,College,Far,Male,68
17,68,Medium,Medium,No,9,73,Low,Yes,1,Medium,Medium,Public,Positive,4,No,College,Moderate,Male,47
21,82,Low,High,Yes,8,72,Medium,Yes,2,Medium,Low,Public,Neutral,2,No,High School,Moderate,Female,58
16,76,High,Low,No,9,74,Medium,Yes,3,High,Medium,Public,Neutral,3,No,High School,Near,Male,53
21,97,Medium,High,No,8,74,Medium,Yes,1,Medium,Medium,Private,Negative,4,No,Postgraduate,,Female,71
9,78,Low,Low,Yes,8,79,Medium,Yes,1,Low,Low,Public,Positive,2,No,Postgraduate,Near,Female,41
24,81,Medium,High,Yes,9,56,Medium,Yes,2,High,Low,Public,Positive,3,No,College,Far,Female,59
22,65,Low,Medium,Yes,7,79,Low,Yes,2,Medium,Medium,Public,Positive,1,No,High School,Near,Male,55
20,76,High,Medium,No,8,52,Medium,Yes,2,Low,Medium,Public,Neutral,3,No,Postgraduate,Near,Female,53
18,82,Low,Medium,No,4,40,Low,Yes,0,Medium,Medium,Public,Neutral,4,No,College,Near,Female,37
15,76,High,High,Yes,5,98,Medium,Yes,2,Low,High,Public,Neutral,2,Yes,High School,Near,Female,59
24,75,Low,High,No,8,60,Low,Yes,1,Low,Low,Public,Positive,3,No,College,Moderate,Male,53
13,84,High,Low,Yes,8,66,Medium,Yes,2,Low,High,Private,Neutral,2,No,College,Moderate,Female,48
23,97,Low,Low,No,6,48,High,No,1,Low,Medium,Public,Neutral,4,No,Postgraduate,Near,Male,56
32,82,High,Low,Yes,6,66,High,Yes,2,Low,High,Private,Positive,4,No,High School,Moderate,Female,77
29,93,Low,Medium,Yes,7,75,Medium,Yes,2,Medium,Low,Private,Neutral,4,No,High School,Near,Male,76
11,87,High,Medium,No,7,75,Medium,Yes,1,Medium,Medium,Private,Positive,4,No,High School,Moderate,Female,55
17,92,High,Low,No,4,56,High,Yes,3,Medium,Medium,Public,Neutral,2,No,Postgraduate,Far,Female,56
23,73,Medium,High,Yes,8,66,Medium,No,2,Medium,Low,Public,Positive,3,No,High School,Near,Male,56
20,78,Low,Medium,Yes,7,77,Medium,Yes,1,Low,Low,Private,Neutral,2,No,High School,Moderate,Male,54
12,78,Medium,Medium,No,7,75,Low,Yes,1,Medium,Medium,Public,Neutral,2,No,High School,Far,Male,43
22,86,Medium,Medium,Yes,7,74,Low,Yes,1,Medium,Medium,Public,Negative,3,No,High School,Near,Male,59
20,89,Medium,Medium,Yes,5,82,High,Yes,0,Low,Medium,Public,Positive,4,No,Postgraduate,Moderate,Male,69
31,81,Medium,Low,Yes,5,71,Low,Yes,2,Medium,Low,Private,Negative,2,No,Postgraduate,Near,Female,67
18,90,High,High,Yes,9,90,Low,No,2,Low,High,Public,Negative,3,No,High School,Far,Female,66
27,74,High,Medium,Yes,6,68,Medium,Yes,0,Medium,Medium,Private,Negative,2,No,College,Near,Male,60
12,90,Medium,Medium,Yes,8,81,High,Yes,0,Low,Medium,Public,Negative,2,No,High School,Near,Female,52
14,91,Low,Low,No,5,81,Low,No,1,Low,Medium,Private,Neutral,5,Yes,Postgraduate,Moderate,Female,43
24,87,Low,High,No,7,51,Medium,Yes,1,Low,Medium,Private,Negative,4,Yes,High School,Near,Male,49
27,81,Medium,High,No,6,78,Medium,Yes,5,Medium,Medium,Public,Neutral,2,Yes,Postgraduate,Far,Female,71
14,88,High,Medium,No,7,64,Low,Yes,2,Medium,Low,Public,Positive,3,No,High School,Moderate,Male,51
20,70,Medium,Low,No,7,59,Medium,Yes,0,Low,Low,Public,Positive,3,No,High School,Moderate,Male,42
12,82,Low,Medium,Yes,9,66,High,Yes,4,Low,High,Public,Negative,2,No,High School,Near,Male,49
19,83,Medium,Medium,No,10,74,Low,Yes,1,Medium,Medium,Public,Positive,4,No,College,Moderate,Male,57
25,65,Medium,Medium,Yes,7,52,Low,Yes,4,High,High,Public,Neutral,1,No,High School,Near,Female,52
17,85,High,Medium,No,6,72,High,Yes,1,High,High,Public,Positive,2,No,High School,Far,Male,62
19,66,Medium,Medium,No,5,69,High,Yes,0,High,Low,Public,Neutral,3,No,High School,Near,Male,48
13,75,Low,High,No,5,85,Medium,Yes,4,Medium,Medium,Public,Positive,4,No,Postgraduate,Near,Male,61
16,80,Medium,Medium,Yes,9,64,Low,No,0,Medium,Medium,Public,Positive,5,No,High School,Near,Male,43
31,72,Low,Medium,No,5,87,Low,Yes,1,Medium,High,Private,Neutral,2,No,High School,Moderate,Female,69
20,81,Medium,High,No,6,77,Low,Yes,2,Medium,High,Public,Positive,3,No,College,Near,Male,67
14,81,Medium,Medium,Yes,7,72,Medium,Yes,1,High,Low,Public,Neutral,4,No,,Near,Female,53
18,71,Low,Low,No,4,89,Medium,Yes,1,Medium,Medium,Public,Neutral,3,No,Postgraduate,Moderate,Female,53
10,86,Medium,Medium,No,5,97,Low,Yes,2,Medium,Medium,Public,Neutral,3,No,Postgraduate,Near,Male,58
14,72,High,Medium,No,5,69,Low,No,2,Medium,Medium,Public,Positive,4,No,Postgraduate,Near,Female,47
28,100,High,High,No,6,62,Medium,No,2,High,Low,Public,Neutral,1,No,College,Near,Male,75
19,79,Medium,High,No,7,78,Low,Yes,5,Low,High,Public,Positive,3,No,Postgraduate,Far,Male,67
31,67,Medium,Medium,No,8,54,Low,Yes,2,High,Medium,Public,Neutral,3,No,College,Near,Female,58
19,69,High,High,Yes,6,55,Medium,No,0,Low,Medium,Public,Positive,3,No,College,Near,Female,44
20,93,Medium,Low,Yes,6,89,Low,Yes,0,Low,High,Public,Positive,2,No,High School,Moderate,Female,65
24,75,High,Low,Yes,7,79,Medium,Yes,2,Low,Medium,Public,Positive,4,No,College,Near,Male,68
4,65,Low,Low,Yes,6,61,Low,Yes,2,Low,Medium,Public,Neutral,3,No,College,Near,Male,20
21,89,Low,Medium,No,8,100,Low,No,1,Medium,Medium,Private,Positive,0,No,College,Near,Male,71
20,75,Low,Low,No,8,54,Medium,Yes,0,Low,Medium,Public,Neutral,4,No,Postgraduate,Near,Male,42
29,87,High,Low,Yes,4,80,Medium,Yes,0,Low,High,Public,Neutral,3,No,Postgraduate,Moderate,Female,75
26,90,Medium,High,No,8,62,Low,Yes,0,Low,Medium,Public,Neutral,4,No,High School,Near,Male,63
13,83,Low,Medium,Yes,7,95,High,Yes,2,Low,High,Public,Neutral,5,No,College,Far,Female,65
27,100,High,Low,Yes,7,65,High,Yes,1,Medium,Medium,Public,Neutral,3,No,High School,Near,Male,75
18,61,High,Medium,Yes,9,68,Medium,Yes,1,Low,Medium,Public,Neutral,2,No,College,Near,Male,44
15,71,Low,Low,No,4,48,Low,No,3,High,Medium,Public,Positive,4,No,High School,Near,Male,31
21,77,Medium,Low,No,5,99,Low,Yes,1,Low,Low,Public,Neutral,5,No,College,Near,Female,64
19,100,Medium,Medium,No,7,64,High,Yes,2,Medium,Medium,Public,Negative,3,No,Postgraduate,Near,Male,68
29,100,Low,Medium,No,4,78,Low,Yes,1,High,Medium,Private,Neutral,3,No,High School,Near,Male,78
22,94,Medium,High,No,7,72,Medium,No,1,Low,Low,Private,Positive,4,No,,Moderate,Male,67
21,71,Low,Medium,Yes,8,65,Medium,Yes,2,Medium,Medium,Public,Positive,2,No,High School,Moderate,Male,51
25,73,High,Medium,No,8,43,Low,Yes,3,Medium,High,Public,Positive,3,No,College,Near,Male,54
27,71,High,Medium,No,7,69,Low,Yes,2,Medium,Medium,Public,Positive,2,Yes,College,Near,Female,58
25,71,High,High,No,7,68,Low,Yes,3,High,Medium,Public,Neutral,4,No,High School,Moderate,Female,64
29,96,High,High,Yes,6,76,Medium,Yes,2,Low,Medium,Private,Neutral,3,No,College,Moderate,Male,84
24,77,Low,Medium,No,6,100,Low,Yes,2,Medium,Low,Private,Neutral,3,No,College,Near,Female,72
21,79,Medium,Low,No,7,80,High,Yes,2,Medium,Medium,Private,Positive,4,Yes,College,Moderate,Female,60
27,89,Medium,Low,Yes,5,83,Medium,Yes,1,Medium,Medium,Private,Negative,5,No,College,Moderate,Female,74
19,62,Medium,Low,No,9,68,Low,No,4,Low,Medium,Private,Positive,4,No,Postgraduate,Moderate,Male,45
20,81,Medium,High,No,6,55,High,Yes,3,Low,Medium,Public,Neutral,4,No,Postgraduate,Near,Female,60
30,68,Medium,Medium,No,8,68,Medium,No,1,Medium,Medium,Public,Neutral,4,No,High School,Moderate,Female,60
30,77,Low,Low,Yes,7,62,Medium,Yes,3,Medium,Medium,Private,Positive,3,No,High School,Near,Female,66
20,74,Medium,Low,Yes,5,71,Low,Yes,2,Medium,Medium,Private,Positive,3,No,High School,Moderate,Female,51
17,73,Medium,High,Yes,9,66,Medium,Yes,0,Low,High,Public,Neutral,3,No,Postgraduate,Moderate,Male,50
29,82,Medium,Medium,Yes,9,50,High,Yes,2,Low,Low,Public,Negative,3,No,College,Far,Male,59
25,82,Medium,Low,Yes,5,88,High,Yes,0,Low,Low,Public,Negative,3,No,Postgraduate,Moderate,Female,66
22,78,Medium,High,No,7,70,Medium,No,2,Low,Low,Private,Neutral,3,No,High School,Near,Female,58
18,84,High,Medium,Yes,7,68,Medium,Yes,2,Low,,Public,Positive,3,No,High School,Near,Female,60
22,70,Medium,Medium,Yes,4,58,High,No,2,Medium,Medium,Public,Neutral,2,No,Postgraduate,Near,Male,50
20,87,Medium,Medium,No,4,66,Low,Yes,2,Medium,High,Public,Neutral,0,No,College,Moderate,Male,57
16,78,Medium,Medium,Yes,6,61,Medium,Yes,0,Medium,Medium,Public,Positive,3,No,College,Moderate,Male,46
21,75,Medium,Medium,No,5,56,Medium,Yes,2,Low,Medium,Public,Neutral,5,No,Postgraduate,Near,Female,51
22,71,Low,High,No,6,74,Medium,Yes,1,Low,Medium,Public,Neutral,4,No,High School,Near,Female,56
18,77,Medium,High,No,5,66,Low,Yes,2,Low,Medium,Public,Positive,3,No,High School,Far,Female,50
25,100,Low,Medium,No,7,82,Low,Yes,2,Low,Low,Public,Positive,1,Yes,Postgraduate,Far,Male,69
28,79,High,Medium,Yes,6,67,Low,Yes,0,High,Medium,Public,Positive,2,Yes,,Near,Female,59
26,67,High,High,Yes,9,73,High,Yes,2,High,High,Public,Neutral,1,No,High School,Near,Male,66
18,90,Medium,Low,No,7,73,Medium,Yes,4,Low,Medium,Public,Positive,3,No,High School,Near,Female,65
25,75,High,Low,Yes,8,77,High,Yes,4,High,Medium,Private,Positive,2,No,College,Far,Female,73
20,83,Medium,High,Yes,5,61,High,Yes,1,Low,High,Public,Neutral,4,No,College,Near,Female,60
13,73,Low,Low,No,6,84,Medium,Yes,0,Medium,High,Public,Positive,0,No,High School,Near,Male,45
24,94,Medium,Medium,Yes,7,57,Medium,No,2,Low,Medium,Public,Neutral,2,No,High School,Moderate,Male,60
21,74,High,Medium,Yes,8,73,Medium,Yes,1,Medium,Medium,Public,Neutral,4,No,High School,Near,Male,60
36,95,Low,Medium,No,6,56,High,No,4,High,High,Private,Neutral,1,No,College,Near,Female,84
29,68,Low,Low,Yes,6,70,Medium,Yes,0,High,Medium,Private,Positive,1,Yes,Postgraduate,Moderate,Female,53
24,77,Medium,High,Yes,6,84,High,Yes,2,High,,Private,Neutral,2,No,High School,Moderate,Male,71
21,95,Medium,Low,Yes,7,79,Medium,No,0,Low,Medium,Private,Positive,2,No,High School,Moderate,Female,63
21,82,Medium,Low,Yes,10,86,Low,No,0,Medium,Medium,Public,Positive,2,No,High School,Moderate,Male,56
14,100,Medium,Medium,Yes,7,68,Medium,Yes,2,Low,Low,Public,Positive,0,No,Postgraduate,Near,Male,61
10,77,High,Low,No,7,84,Low,No,2,Low,,Public,Negative,4,No,College,Near,Female,43
15,83,Low,Medium,Yes,5,63,Medium,Yes,4,Low,Medium,Public,Positive,4,No,College,Near,Male,54
20,100,Medium,High,Yes,5,66,Low,Yes,2,Low,Medium,Public,Positive,2,No,College,Near,Female,68
7,63,High,Medium,No,7,74,Medium,No,2,Medium,Medium,Public,Neutral,1,No,College,Moderate,Male,32
17,62,Medium,Medium,Yes,9,83,High,Yes,2,Medium,Medium,Public,Neutral,2,No,Postgraduate,Near,Male,55
19,71,Medium,Medium,Yes,7,65,Medium,No,2,Low,Medium,Private,Negative,4,Yes,College,Moderate,Male,40
19,89,Low,High,Yes,7,81,Low,Yes,3,High,Medium,Private,Positive,4,Yes,College,Moderate,Female,65
16,62,Low,High,No,6,75,Medium,No,0,Low,Medium,Public,Positive,2,No,High School,Far,Male,37
18,87,Medium,High,No,5,76,Low,Yes,0,High,Medium,Public,Negative,3,No,Postgraduate,Far,Male,59
30,86,Medium,Low,Yes,8,61,Low,Yes,1,Medium,Medium,Private,Positive,1,No,College,Near,Male,65
24,100,Medium,Low,Yes,7,67,Medium,No,1,Low,Medium,Public,Neutral,3,No,High School,Near,Male,64
17,92,Medium,Low,No,8,71,Medium,Yes,2,Medium,High,Public,Negative,1,No,College,Moderate,Male,56
20,84,High,Low,No,7,76,Medium,Yes,0,Medium,Medium,Public,Positive,3,Yes,College,Near,Male,57
20,95,High,Low,Yes,6,62,Low,Yes,0,Low,Medium,Public,Positive,2,No,College,Near,Female,57
15,86,Low,High,No,7,55,Medium,Yes,2,High,High,Public,Neutral,3,No,High School,Far,Female,49
15,75,Low,Low,Yes,5,44,High,Yes,3,Low,Medium,Public,Negative,3,No,College,Moderate,Female,33
26,67,High,Low,Yes,7,82,Medium,Yes,3,High,Medium,Public,Positive,1,No,College,Far,Female,69
17,74,Medium,High,No,7,84,Medium,No,1,Medium,Medium,Private,Neutral,3,No,High School,Moderate,Male,56
13,80,Medium,High,Yes,9,46,Medium,Yes,2,Medium,High,Private,Positive,4,No,High School,Near,Male,42
20,82,Low,Low,Yes,6,73,Low,Yes,1,Low,Medium,Public,Neutral,3,No,Postgraduate,Near,Female,53
21,60,Medium,Low,No,5,67,Low,Yes,1,High,High,Public,Neutral,4,No,High School,Near,Female,43
8,78,Medium,High,No,6,88,Medium,Yes,1,Medium,Low,Public,Neutral,2,No,High School,Moderate,Male,47
20,80,Low,High,Yes,8,69,Low,No,3,High,High,Private,Negative,3,No,High School,Near,Male,55
25,86,Medium,Medium,Yes,4,79,Medium,No,0,Low,High,Private,Positive,3,No,High School,Moderate,Female,66
23,98,High,Medium,Yes,8,66,Medium,Yes,0,Medium,Low,Public,Positive,4,No,College,Moderate,Female,68
33,82,Medium,Medium,Yes,7,63,Medium,Yes,2,Low,Medium,Public,Positive,4,Yes,Postgraduate,Far,Male,70
28,70,Medium,High,No,5,82,Medium,Yes,2,Medium,Low,Private,Negative,1,No,College,Far,Female,66
29,60,Medium,Low,Yes,6,86,Low,Yes,4,High,Low,Private,Negative,2,No,College,Near,Female,63
37,88,Medium,Medium,Yes,6,56,Medium,Yes,1,Low,Medium,Public,Neutral,4,No,College,Near,Female,78
25,70,Medium,High,No,5,87,Medium,No,1,Low,Medium,Public,Positive,3,No,College,Near,Male,67
21,90,Low,Medium,No,4,59,Medium,Yes,2,Medium,Medium,Public,Positive,3,No,High School,Near,Male,58
26,95,Medium,Low,No,8,42,High,Yes,2,Medium,High,Public,Positive,6,No,College,Near,Male,67
17,63,High,High,Yes,6,72,High,Yes,1,Low,Medium,Public,Positive,3,No,College,Moderate,Female,51
21,86,Low,Medium,Yes,6,79,Medium,Yes,0,High,Medium,Public,Positive,3,No,College,Near,Male,64
16,94,High,Low,Yes,8,52,Low,Yes,2,Low,Medium,Public,Positive,1,No,High School,Near,Female,48
22,91,Low,Medium,No,7,46,Low,Yes,1,High,Medium,Public,Neutral,4,No,College,Moderate,Male,52
16,60,Medium,Medium,No,5,66,Low,Yes,1,Low,Low,Public,Positive,3,No,High School,Moderate,Male,34
16,71,Medium,High,Yes,8,64,Low,Yes,5,Medium,Medium,Public,Neutral,3,No,High School,Far,Male,48
22,66,High,Low,Yes,9,90,Low,No,2,Low,High,Private,Neutral,5,No,High School,Near,Male,60
19,86,Low,High,Yes,8,72,Medium,Yes,2,Medium,High,Public,Negative,3,No,College,Near,Female,61
8,85,Low,Medium,No,6,82,Medium,No,1,Medium,Low,Public,Negative,4,No,High School,Moderate,Female,41
11,60,Medium,High,No,5,75,Low,Yes,0,Low,Medium,Private,Negative,4,No,High School,Near,Female,31
13,77,Medium,High,No,6,92,Medium,No,3,Low,Medium,Public,Negative,3,Yes,College,Near,Female,51
15,89,Medium,High,Yes,7,60,High,Yes,2,Medium,Medium,Public,Neutral,1,No,Postgraduate,Near,Female,57
22,82,High,High,No,9,71,Low,Yes,1,Low,Low,Private,Neutral,2,No,Postgraduate,Moderate,Female,60
21,82,Low,Medium,No,6,52,Low,Yes,1,Low,High,Public,Neutral,4,No,College,Far,Female,46
26,76,High,Low,Yes,6,83,Medium,Yes,0,Low,Medium,Public,Neutral,3,No,High School,Near,Female,64
25,68,Low,Medium,No,8,86,Low,Yes,5,Medium,Medium,Private,Neutral,1,No,College,Moderate,Male,65
26,80,High,Medium,Yes,6,83,Low,Yes,1,Low,High,Public,Negative,3,No,High School,Near,Female,68
24,81,High,Medium,Yes,9,70,Medium,Yes,2,Medium,Low,Public,Negative,2,No,High School,Moderate,Male,60
21,87,Medium,Medium,No,7,53,Medium,Yes,2,Medium,Medium,Private,Positive,2,Yes,High School,Near,Male,49
27,88,High,Low,No,9,71,High,Yes,1,Low,Low,Public,Neutral,2,No,College,Near,Female,70
26,81,High,High,Yes,8,63,Low,Yes,6,Medium,Medium,Private,Neutral,4,No,High School,Near,Male,70
22,92,Low,Low,Yes,8,84,High,Yes,2,Medium,Medium,Public,Positive,5,No,High School,Moderate,Male,74
28,76,Low,Medium,Yes,7,66,Low,Yes,1,Low,High,Private,Neutral,1,No,College,Near,Male,60
6,64,Low,Medium,Yes,7,66,Medium,Yes,3,Medium,Low,Public,Positive,3,No,Postgraduate,Near,Female,33
18,85,Medium,Medium,Yes,8,100,Low,Yes,1,Low,Low,Private,Negative,4,Yes,High School,Near,Female,59
18,81,Medium,High,Yes,8,82,Low,Yes,1,Medium,Low,Public,Negative,2,No,High School,Near,Female,55
27,85,Medium,Medium,No,8,86,High,Yes,1,High,Medium,Private,Positive,2,No,Postgraduate,Near,Male,82
29,66,Medium,High,No,5,65,Low,Yes,2,Medium,Low,Public,Neutral,5,No,High School,Moderate,Female,59
11,100,Medium,Medium,Yes,7,58,Low,Yes,3,Low,High,Public,Negative,1,No,College,Far,Female,48
28,88,Low,Low,No,6,86,Medium,Yes,5,Medium,Medium,Public,Neutral,4,Yes,College,Near,Male,77
13,77,Low,Medium,Yes,6,91,Low,Yes,2,High,High,Private,Positive,4,Yes,College,Far,Male,50
13,70,High,Low,Yes,8,55,Medium,Yes,0,Medium,Low,Public,Positive,6,No,College,Moderate,Female,36
19,92,Medium,High,No,9,65,High,Yes,1,Medium,Medium,Public,Neutral,4,Yes,High School,Near,Male,57
18,68,Medium,High,Yes,7,60,Low,Yes,1,Medium,High,Public,Neutral,1,Yes,College,Far,Female,37
11,100,Low,Low,Yes,10,78,Low,No,1,Medium,Medium,Public,Positive,2,No,College,Near,Male,50
24,73,High,High,No,5,86,Medium,Yes,1,Low,Medium,Public,Negative,2,No,High School,Near,Male,65
24,99,Low,Medium,Yes,9,67,High,No,1,Medium,Low,Public,Neutral,3,No,Postgraduate,Far,Male,65
26,78,Medium,Low,Yes,8,67,High,Yes,0,Medium,Medium,Public,Neutral,1,No,College,Near,Male,61
17,97,Low,Medium,Yes,7,47,High,No,1,Low,Medium,Private,Negative,3,No,College,,Male,46
20,72,Low,Medium,No,9,60,Medium,Yes,1,High,Medium,Public,Neutral,3,No,High School,Near,Male,46
20,80,Medium,High,Yes,6,92,Medium,No,1,Medium,High,Public,Positive,2,No,High School,Near,Female,68
30,89,Medium,Medium,Yes,9,78,High,Yes,1,Medium,Medium,Public,Positive,4,No,Postgraduate,Near,Male,84
3,87,Medium,Medium,No,7,84,Medium,Yes,1,Medium,Low,Public,Neutral,4,No,High School,Moderate,Female,42
14,92,Low,Medium,No,6,67,Low,Yes,2,High,Medium,Public,Positive,4,No,High School,Near,Male,54
20,75,High,Low,Yes,5,68,Medium,Yes,1,Medium,Medium,Private,Neutral,6,No,Postgraduate,Moderate,Female,54
13,81,Medium,Medium,No,9,72,High,Yes,1,Medium,Medium,Public,Negative,2,No,High School,Near,Male,49
18,94,High,High,Yes,9,76,High,Yes,3,Medium,Low,Public,Neutral,4,No,College,Near,Male,75
19,72,Low,Medium,No,6,90,Medium,Yes,2,High,Medium,Private,Negative,2,No,College,Moderate,Female,60
16,86,Medium,High,Yes,8,63,Medium,Yes,1,Medium,Medium,Public,Neutral,4,No,College,Near,Female,55
20,78,Medium,Low,Yes,7,70,High,Yes,2,High,Medium,Public,Positive,3,No,College,Near,Female,61
24,82,High,Medium,No,7,62,Low,No,1,Medium,High,Public,Positive,3,No,High School,Near,Male,59
19,81,Medium,Low,Yes,8,46,Medium,Yes,1,Low,High,Public,Positive,2,No,College,Far,Male,43
17,71,Medium,High,No,6,84,High,Yes,2,High,High,Private,Neutral,4,No,College,Moderate,Female,64
19,77,Low,Low,Yes,4,95,Medium,Yes,0,Medium,High,Public,Negative,5,No,College,Near,Male,60
20,82,Low,Low,Yes,7,82,High,Yes,0,Medium,High,Private,Positive,2,Yes,College,Near,Male,60
10,79,Low,High,Yes,7,75,Low,No,2,Medium,Medium,Public,Negative,1,No,College,,Male,40
23,97,High,Medium,No,6,96,Low,Yes,4,Medium,Medium,Public,Neutral,4,No,High School,Moderate,Male,85
17,91,Medium,Medium,Yes,6,78,Low,No,2,Medium,Low,Public,Positive,5,No,College,Near,Male,61
28,83,Low,High,Yes,5,82,Low,Yes,4,High,Medium,Public,Positive,6,No,College,Far,Male,80
24,72,Medium,Medium,No,6,74,Medium,Yes,4,Medium,Low,Private,Neutral,3,No,College,Far,Male,62
27,71,Low,Medium,Yes,6,76,Medium,Yes,2,Medium,Low,Public,Negative,3,Yes,High School,Near,Male,54
14,100,High,High,No,8,70,Low,Yes,2,Medium,Low,Private,Positive,4,No,Postgraduate,Near,Male,64
18,69,Medium,Medium,Yes,8,83,Medium,Yes,2,Medium,Medium,Public,Neutral,2,No,High School,Near,Male,56
13,81,High,Low,Yes,6,58,Medium,Yes,2,Medium,Medium,Public,Positive,2,No,High School,,Female,44
16,84,Medium,High,Yes,8,77,Low,Yes,1,High,High,Public,Positive,4,No,Postgraduate,Near,Female,63
28,77,Medium,Medium,No,7,61,Medium,Yes,1,Medium,Low,Private,Negative,1,No,High School,Near,Female,58
29,69,Medium,High,Yes,7,79,Medium,No,2,Low,Medium,Public,Positive,2,No,College,Near,Female,70
13,71,Medium,Medium,No,7,100,Low,Yes,0,Low,Medium,Public,Positive,1,No,College,Moderate,Male,53
17,74,Medium,Low,Yes,9,81,High,No,1,Low,Medium,Public,Negative,2,No,High School,Near,Male,48
20,72,Low,High,Yes,8,87,Medium,Yes,4,Medium,Low,Public,Positive,3,No,College,Near,Male,66
24,95,High,Low,No,7,84,Medium,Yes,2,Low,High,Public,Positive,3,No,College,Moderate,Female,81
9,80,Medium,High,No,8,42,Low,Yes,1,High,Medium,Public,Neutral,3,No,College,Near,Female,31
10,74,Medium,High,No,8,70,Medium,Yes,3,Low,High,Public,Neutral,4,No,High School,Far,Female,45
23,81,Medium,High,Yes,7,78,Low,No,0,High,Medium,Private,Neutral,3,Yes,High School,Far,Female,54
8,87,Medium,Low,Yes,7,45,High,Yes,1,High,High,Private,Positive,2,Yes,College,Moderate,Female,33
17,76,Medium,Medium,Yes,6,68,Low,Yes,2,High,Medium,Public,Positive,2,No,College,Near,Female,51
21,90,Medium,Low,Yes,5,71,Low,Yes,1,Low,High,Private,Positive,3,No,College,Far,Female,59
22,66,Low,Medium,Yes,7,56,Medium,Yes,2,Medium,Medium,Private,Neutral,5,Yes,Postgraduate,Near,Male,43
19,93,Medium,Medium,Yes,6,59,Medium,Yes,3,Medium,Medium,Private,Positive,3,No,Postgraduate,Near,Female,65
18,80,Low,Medium,Yes,6,89,Medium,Yes,2,High,Medium,Public,Positive,5,No,High School,Moderate,Female,65
25,79,High,Medium,Yes,8,40,Low,Yes,3,Medium,Low,Private,Negative,1,No,High School,Moderate,Male,45
22,72,Medium,High,No,9,76,High,Yes,1,Low,Medium,Public,Negative,2,No,High School,Near,Female,59
16,66,High,Low,Yes,8,87,Medium,Yes,2,Low,Medium,Public,Neutral,1,No,Postgraduate,Far,Male,52
20,62,Medium,Medium,Yes,7,72,Medium,Yes,1,Medium,Medium,Public,Positive,3,Yes,High School,Near,Male,44
22,72,High,Medium,No,7,90,Low,No,2,Medium,Low,Public,Neutral,4,No,College,Near,Male,64
30,86,High,Low,Yes,9,66,Medium,Yes,2,High,Medium,Public,Neutral,4,No,High School,Near,Male,74
25,69,Low,Medium,Yes,8,60,Medium,Yes,0,Medium,Medium,Private,Positive,4,No,High School,,Female,52
27,63,Medium,Medium,No,7,72,Low,Yes,1,High,High,Public,Negative,4,No,College,Far,Female,57
16,70,Low,Medium,No,7,67,Low,Yes,2,Medium,Low,Private,Neutral,3,No,College,,Male,43
17,76,Low,Medium,Yes,5,65,Medium,Yes,2,Medium,Medium,Private,Positive,2,No,Postgraduate,Near,Male,50
19,76,Medium,High,Yes,8,70,Medium,Yes,4,Low,Medium,Public,Negative,2,No,College,Far,Female,56
19,79,Medium,High,No,6,62,High,Yes,1,Medium,Medium,Public,Positive,5,No,College,Moderate,Female,59
14,91,High,Low,Yes,8,61,Low,Yes,5,Low,High,Public,Negative,4,Yes,,Moderate,Female,47
28,94,Medium,Medium,Yes,6,57,Low,Yes,0,Low,Low,Public,Negative,3,No,High School,Moderate,Male,60
25,100,Medium,High,Yes,8,77,Low,Yes,2,High,High,Public,Neutral,3,No,College,Near,Male,81
18,62,Low,Low,No,7,59,Medium,Yes,3,Low,Medium,Public,Neutral,4,Yes,High School,Moderate,Female,31
24,71,Low,Medium,No,5,56,Medium,Yes,2,High,Medium,Public,Positive,2,No,High School,Moderate,Male,52
21,88,Low,Medium,Yes,7,58,Low,Yes,1,Low,Medium,Private,Neutral,3,No,High School,Near,Female,52
24,75,Medium,Low,No,10,75,Low,Yes,1,Low,High,Public,Neutral,3,Yes,College,Near,Male,49
12,89,Medium,Medium,Yes,4,81,Low,Yes,3,Medium,Low,Private,Positive,5,No,Postgraduate,Moderate,Male,58
19,82,Medium,High,Yes,7,82,Low,Yes,3,High,Medium,Private,Negative,3,No,High School,Near,Male,63
